--
-- PostgreSQL database dump
--

\restrict fxuaBne6yl4RwdJ1o12L10ggRpM5eZlCM3rZju2kBm0hpNaQgNkkDpWqQxcjkc3

-- Dumped from database version 18.1 (Debian 18.1-1.pgdg13+2)
-- Dumped by pg_dump version 18.1 (Debian 18.1-1.pgdg13+2)

SET statement_timeout = 0;
SET lock_timeout = 0;
SET idle_in_transaction_session_timeout = 0;
SET transaction_timeout = 0;
SET client_encoding = 'UTF8';
SET standard_conforming_strings = on;
SELECT pg_catalog.set_config('search_path', '', false);
SET check_function_bodies = false;
SET xmloption = content;
SET client_min_messages = warning;
SET row_security = off;

SET default_tablespace = '';

SET default_table_access_method = heap;

--
-- Name: actionlog_actionlogentry; Type: TABLE; Schema: public; Owner: tabbycat
--

CREATE TABLE public.actionlog_actionlogentry (
    id integer NOT NULL,
    type character varying(10) NOT NULL,
    "timestamp" timestamp with time zone NOT NULL,
    ip_address inet,
    object_id integer,
    content_type_id integer,
    round_id integer,
    tournament_id integer,
    user_id integer,
    agent character varying(1) NOT NULL,
    CONSTRAINT actionlog_actionlogentry_object_id_check CHECK ((object_id >= 0))
);


ALTER TABLE public.actionlog_actionlogentry OWNER TO tabbycat;

--
-- Name: actionlog_actionlogentry_id_seq; Type: SEQUENCE; Schema: public; Owner: tabbycat
--

ALTER TABLE public.actionlog_actionlogentry ALTER COLUMN id ADD GENERATED BY DEFAULT AS IDENTITY (
    SEQUENCE NAME public.actionlog_actionlogentry_id_seq
    START WITH 1
    INCREMENT BY 1
    NO MINVALUE
    NO MAXVALUE
    CACHE 1
);


--
-- Name: adjallocation_adjudicatoradjudicatorconflict; Type: TABLE; Schema: public; Owner: tabbycat
--

CREATE TABLE public.adjallocation_adjudicatoradjudicatorconflict (
    id integer NOT NULL,
    adjudicator1_id integer CONSTRAINT adjallocation_adjudicatoradjudicatorcon_adjudicator_id_not_null NOT NULL,
    adjudicator2_id integer CONSTRAINT adjallocation_adjudicatoradjud_conflict_adjudicator_id_not_null NOT NULL
);


ALTER TABLE public.adjallocation_adjudicatoradjudicatorconflict OWNER TO tabbycat;

--
-- Name: adjallocation_adjudicatoradjudicatorconflict_id_seq; Type: SEQUENCE; Schema: public; Owner: tabbycat
--

ALTER TABLE public.adjallocation_adjudicatoradjudicatorconflict ALTER COLUMN id ADD GENERATED BY DEFAULT AS IDENTITY (
    SEQUENCE NAME public.adjallocation_adjudicatoradjudicatorconflict_id_seq
    START WITH 1
    INCREMENT BY 1
    NO MINVALUE
    NO MAXVALUE
    CACHE 1
);


--
-- Name: adjallocation_adjudicatorteamconflict; Type: TABLE; Schema: public; Owner: tabbycat
--

CREATE TABLE public.adjallocation_adjudicatorteamconflict (
    id integer CONSTRAINT adjallocation_adjudicatorconflict_id_not_null NOT NULL,
    adjudicator_id integer CONSTRAINT adjallocation_adjudicatorconflict_adjudicator_id_not_null NOT NULL,
    team_id integer CONSTRAINT adjallocation_adjudicatorconflict_team_id_not_null NOT NULL
);


ALTER TABLE public.adjallocation_adjudicatorteamconflict OWNER TO tabbycat;

--
-- Name: adjallocation_adjudicatorconflict_id_seq; Type: SEQUENCE; Schema: public; Owner: tabbycat
--

ALTER TABLE public.adjallocation_adjudicatorteamconflict ALTER COLUMN id ADD GENERATED BY DEFAULT AS IDENTITY (
    SEQUENCE NAME public.adjallocation_adjudicatorconflict_id_seq
    START WITH 1
    INCREMENT BY 1
    NO MINVALUE
    NO MAXVALUE
    CACHE 1
);


--
-- Name: adjallocation_adjudicatorinstitutionconflict; Type: TABLE; Schema: public; Owner: tabbycat
--

CREATE TABLE public.adjallocation_adjudicatorinstitutionconflict (
    id integer NOT NULL,
    adjudicator_id integer CONSTRAINT adjallocation_adjudicatorinstitutioncon_adjudicator_id_not_null NOT NULL,
    institution_id integer CONSTRAINT adjallocation_adjudicatorinstitutioncon_institution_id_not_null NOT NULL
);


ALTER TABLE public.adjallocation_adjudicatorinstitutionconflict OWNER TO tabbycat;

--
-- Name: adjallocation_adjudicatorinstitutionconflict_id_seq; Type: SEQUENCE; Schema: public; Owner: tabbycat
--

ALTER TABLE public.adjallocation_adjudicatorinstitutionconflict ALTER COLUMN id ADD GENERATED BY DEFAULT AS IDENTITY (
    SEQUENCE NAME public.adjallocation_adjudicatorinstitutionconflict_id_seq
    START WITH 1
    INCREMENT BY 1
    NO MINVALUE
    NO MAXVALUE
    CACHE 1
);


--
-- Name: adjallocation_debateadjudicator; Type: TABLE; Schema: public; Owner: tabbycat
--

CREATE TABLE public.adjallocation_debateadjudicator (
    id integer NOT NULL,
    type character varying(2) NOT NULL,
    timing_confirmed boolean,
    adjudicator_id integer NOT NULL,
    debate_id integer NOT NULL
);


ALTER TABLE public.adjallocation_debateadjudicator OWNER TO tabbycat;

--
-- Name: adjallocation_debateadjudicator_id_seq; Type: SEQUENCE; Schema: public; Owner: tabbycat
--

ALTER TABLE public.adjallocation_debateadjudicator ALTER COLUMN id ADD GENERATED BY DEFAULT AS IDENTITY (
    SEQUENCE NAME public.adjallocation_debateadjudicator_id_seq
    START WITH 1
    INCREMENT BY 1
    NO MINVALUE
    NO MAXVALUE
    CACHE 1
);


--
-- Name: adjallocation_preformedpanel; Type: TABLE; Schema: public; Owner: tabbycat
--

CREATE TABLE public.adjallocation_preformedpanel (
    id integer NOT NULL,
    importance double precision NOT NULL,
    round_id integer NOT NULL,
    bracket_max double precision NOT NULL,
    bracket_min double precision NOT NULL,
    liveness integer NOT NULL,
    room_rank integer NOT NULL
);


ALTER TABLE public.adjallocation_preformedpanel OWNER TO tabbycat;

--
-- Name: adjallocation_preformedpanel_id_seq; Type: SEQUENCE; Schema: public; Owner: tabbycat
--

ALTER TABLE public.adjallocation_preformedpanel ALTER COLUMN id ADD GENERATED BY DEFAULT AS IDENTITY (
    SEQUENCE NAME public.adjallocation_preformedpanel_id_seq
    START WITH 1
    INCREMENT BY 1
    NO MINVALUE
    NO MAXVALUE
    CACHE 1
);


--
-- Name: adjallocation_preformedpaneladjudicator; Type: TABLE; Schema: public; Owner: tabbycat
--

CREATE TABLE public.adjallocation_preformedpaneladjudicator (
    id integer NOT NULL,
    type character varying(2) NOT NULL,
    adjudicator_id integer NOT NULL,
    panel_id integer NOT NULL
);


ALTER TABLE public.adjallocation_preformedpaneladjudicator OWNER TO tabbycat;

--
-- Name: adjallocation_preformedpaneladjudicator_id_seq; Type: SEQUENCE; Schema: public; Owner: tabbycat
--

ALTER TABLE public.adjallocation_preformedpaneladjudicator ALTER COLUMN id ADD GENERATED BY DEFAULT AS IDENTITY (
    SEQUENCE NAME public.adjallocation_preformedpaneladjudicator_id_seq
    START WITH 1
    INCREMENT BY 1
    NO MINVALUE
    NO MAXVALUE
    CACHE 1
);


--
-- Name: adjallocation_teaminstitutionconflict; Type: TABLE; Schema: public; Owner: tabbycat
--

CREATE TABLE public.adjallocation_teaminstitutionconflict (
    id integer NOT NULL,
    institution_id integer NOT NULL,
    team_id integer NOT NULL
);


ALTER TABLE public.adjallocation_teaminstitutionconflict OWNER TO tabbycat;

--
-- Name: adjallocation_teaminstitutionconflict_id_seq; Type: SEQUENCE; Schema: public; Owner: tabbycat
--

ALTER TABLE public.adjallocation_teaminstitutionconflict ALTER COLUMN id ADD GENERATED BY DEFAULT AS IDENTITY (
    SEQUENCE NAME public.adjallocation_teaminstitutionconflict_id_seq
    START WITH 1
    INCREMENT BY 1
    NO MINVALUE
    NO MAXVALUE
    CACHE 1
);


--
-- Name: adjfeedback_adjudicatorbasescorehistory; Type: TABLE; Schema: public; Owner: tabbycat
--

CREATE TABLE public.adjfeedback_adjudicatorbasescorehistory (
    id integer CONSTRAINT adjfeedback_adjudicatortestscorehistory_id_not_null NOT NULL,
    score double precision CONSTRAINT adjfeedback_adjudicatortestscorehistory_score_not_null NOT NULL,
    "timestamp" timestamp with time zone CONSTRAINT adjfeedback_adjudicatortestscorehistory_timestamp_not_null NOT NULL,
    adjudicator_id integer CONSTRAINT adjfeedback_adjudicatortestscorehistory_adjudicator_id_not_null NOT NULL,
    round_id integer
);


ALTER TABLE public.adjfeedback_adjudicatorbasescorehistory OWNER TO tabbycat;

--
-- Name: adjfeedback_adjudicatorfeedback; Type: TABLE; Schema: public; Owner: tabbycat
--

CREATE TABLE public.adjfeedback_adjudicatorfeedback (
    id integer NOT NULL,
    "timestamp" timestamp with time zone NOT NULL,
    version integer NOT NULL,
    submitter_type character varying(1) NOT NULL,
    confirmed boolean NOT NULL,
    confirm_timestamp timestamp with time zone,
    ip_address inet,
    score double precision NOT NULL,
    adjudicator_id integer NOT NULL,
    confirmer_id integer,
    source_adjudicator_id integer,
    source_team_id integer,
    submitter_id integer,
    ignored boolean NOT NULL,
    participant_submitter_id integer,
    private_url boolean NOT NULL,
    CONSTRAINT adjfeedback_adjudicatorfeedback_version_check CHECK ((version >= 0))
);


ALTER TABLE public.adjfeedback_adjudicatorfeedback OWNER TO tabbycat;

--
-- Name: adjfeedback_adjudicatorfeedback_id_seq; Type: SEQUENCE; Schema: public; Owner: tabbycat
--

ALTER TABLE public.adjfeedback_adjudicatorfeedback ALTER COLUMN id ADD GENERATED BY DEFAULT AS IDENTITY (
    SEQUENCE NAME public.adjfeedback_adjudicatorfeedback_id_seq
    START WITH 1
    INCREMENT BY 1
    NO MINVALUE
    NO MAXVALUE
    CACHE 1
);


--
-- Name: adjfeedback_adjudicatorfeedbackquestion; Type: TABLE; Schema: public; Owner: tabbycat
--

CREATE TABLE public.adjfeedback_adjudicatorfeedbackquestion (
    question_ptr_id integer CONSTRAINT adjfeedback_adjudicatorfeedbackquestion_id_not_null NOT NULL,
    reference character varying(50) NOT NULL,
    from_adj boolean NOT NULL,
    from_team boolean NOT NULL
);


ALTER TABLE public.adjfeedback_adjudicatorfeedbackquestion OWNER TO tabbycat;

--
-- Name: registration_answer; Type: TABLE; Schema: public; Owner: tabbycat
--

CREATE TABLE public.registration_answer (
    id integer CONSTRAINT adjfeedback_adjudicatorfeedbackstringanswer_id_not_null NOT NULL,
    answer text CONSTRAINT adjfeedback_adjudicatorfeedbackstringanswer_answer_not_null NOT NULL,
    object_id integer CONSTRAINT adjfeedback_adjudicatorfeedbackstringanswe_feedback_id_not_null NOT NULL,
    question_id integer CONSTRAINT adjfeedback_adjudicatorfeedbackstringanswe_question_id_not_null NOT NULL,
    content_type_id integer CONSTRAINT adjfeedback_adjudicatorfeedbackstringa_content_type_id_not_null NOT NULL,
    CONSTRAINT adjfeedback_adjudicator_object_id_3ef1f854_check CHECK ((object_id >= 0))
);


ALTER TABLE public.registration_answer OWNER TO tabbycat;

--
-- Name: adjfeedback_adjudicatorfeedbackstringanswer_id_seq; Type: SEQUENCE; Schema: public; Owner: tabbycat
--

ALTER TABLE public.registration_answer ALTER COLUMN id ADD GENERATED BY DEFAULT AS IDENTITY (
    SEQUENCE NAME public.adjfeedback_adjudicatorfeedbackstringanswer_id_seq
    START WITH 1
    INCREMENT BY 1
    NO MINVALUE
    NO MAXVALUE
    CACHE 1
);


--
-- Name: adjfeedback_adjudicatortestscorehistory_id_seq; Type: SEQUENCE; Schema: public; Owner: tabbycat
--

ALTER TABLE public.adjfeedback_adjudicatorbasescorehistory ALTER COLUMN id ADD GENERATED BY DEFAULT AS IDENTITY (
    SEQUENCE NAME public.adjfeedback_adjudicatortestscorehistory_id_seq
    START WITH 1
    INCREMENT BY 1
    NO MINVALUE
    NO MAXVALUE
    CACHE 1
);


--
-- Name: registration_question; Type: TABLE; Schema: public; Owner: tabbycat
--

CREATE TABLE public.registration_question (
    id integer CONSTRAINT adjfeedback_question_id_not_null NOT NULL,
    seq integer CONSTRAINT adjfeedback_question_seq_not_null NOT NULL,
    text character varying(255) CONSTRAINT adjfeedback_question_text_not_null NOT NULL,
    name character varying(30) CONSTRAINT adjfeedback_question_name_not_null NOT NULL,
    answer_type character varying(2) CONSTRAINT adjfeedback_question_answer_type_not_null NOT NULL,
    required boolean CONSTRAINT adjfeedback_question_required_not_null NOT NULL,
    min_value double precision,
    max_value double precision,
    choices text[] CONSTRAINT adjfeedback_question_choices_not_null NOT NULL,
    for_content_type_id integer CONSTRAINT adjfeedback_question_for_content_type_id_not_null NOT NULL,
    tournament_id integer CONSTRAINT adjfeedback_question_tournament_id_not_null NOT NULL,
    help_text character varying NOT NULL
);


ALTER TABLE public.registration_question OWNER TO tabbycat;

--
-- Name: adjfeedback_question_id_seq; Type: SEQUENCE; Schema: public; Owner: tabbycat
--

ALTER TABLE public.registration_question ALTER COLUMN id ADD GENERATED BY DEFAULT AS IDENTITY (
    SEQUENCE NAME public.adjfeedback_question_id_seq
    START WITH 1
    INCREMENT BY 1
    NO MINVALUE
    NO MAXVALUE
    CACHE 1
);


--
-- Name: auth_group; Type: TABLE; Schema: public; Owner: tabbycat
--

CREATE TABLE public.auth_group (
    id integer NOT NULL,
    name character varying(150) NOT NULL
);


ALTER TABLE public.auth_group OWNER TO tabbycat;

--
-- Name: auth_group_id_seq; Type: SEQUENCE; Schema: public; Owner: tabbycat
--

ALTER TABLE public.auth_group ALTER COLUMN id ADD GENERATED BY DEFAULT AS IDENTITY (
    SEQUENCE NAME public.auth_group_id_seq
    START WITH 1
    INCREMENT BY 1
    NO MINVALUE
    NO MAXVALUE
    CACHE 1
);


--
-- Name: auth_group_permissions; Type: TABLE; Schema: public; Owner: tabbycat
--

CREATE TABLE public.auth_group_permissions (
    id integer NOT NULL,
    group_id integer NOT NULL,
    permission_id integer NOT NULL
);


ALTER TABLE public.auth_group_permissions OWNER TO tabbycat;

--
-- Name: auth_group_permissions_id_seq; Type: SEQUENCE; Schema: public; Owner: tabbycat
--

ALTER TABLE public.auth_group_permissions ALTER COLUMN id ADD GENERATED BY DEFAULT AS IDENTITY (
    SEQUENCE NAME public.auth_group_permissions_id_seq
    START WITH 1
    INCREMENT BY 1
    NO MINVALUE
    NO MAXVALUE
    CACHE 1
);


--
-- Name: auth_permission; Type: TABLE; Schema: public; Owner: tabbycat
--

CREATE TABLE public.auth_permission (
    id integer NOT NULL,
    name character varying(255) NOT NULL,
    content_type_id integer NOT NULL,
    codename character varying(100) NOT NULL
);


ALTER TABLE public.auth_permission OWNER TO tabbycat;

--
-- Name: auth_permission_id_seq; Type: SEQUENCE; Schema: public; Owner: tabbycat
--

ALTER TABLE public.auth_permission ALTER COLUMN id ADD GENERATED BY DEFAULT AS IDENTITY (
    SEQUENCE NAME public.auth_permission_id_seq
    START WITH 1
    INCREMENT BY 1
    NO MINVALUE
    NO MAXVALUE
    CACHE 1
);


--
-- Name: auth_user; Type: TABLE; Schema: public; Owner: tabbycat
--

CREATE TABLE public.auth_user (
    id integer NOT NULL,
    password character varying(128) NOT NULL,
    last_login timestamp with time zone,
    is_superuser boolean NOT NULL,
    username character varying(150) NOT NULL,
    first_name character varying(150) NOT NULL,
    last_name character varying(150) NOT NULL,
    email character varying(254) NOT NULL,
    is_staff boolean NOT NULL,
    is_active boolean NOT NULL,
    date_joined timestamp with time zone NOT NULL
);


ALTER TABLE public.auth_user OWNER TO tabbycat;

--
-- Name: auth_user_groups; Type: TABLE; Schema: public; Owner: tabbycat
--

CREATE TABLE public.auth_user_groups (
    id integer NOT NULL,
    user_id integer NOT NULL,
    group_id integer NOT NULL
);


ALTER TABLE public.auth_user_groups OWNER TO tabbycat;

--
-- Name: auth_user_groups_id_seq; Type: SEQUENCE; Schema: public; Owner: tabbycat
--

ALTER TABLE public.auth_user_groups ALTER COLUMN id ADD GENERATED BY DEFAULT AS IDENTITY (
    SEQUENCE NAME public.auth_user_groups_id_seq
    START WITH 1
    INCREMENT BY 1
    NO MINVALUE
    NO MAXVALUE
    CACHE 1
);


--
-- Name: auth_user_id_seq; Type: SEQUENCE; Schema: public; Owner: tabbycat
--

ALTER TABLE public.auth_user ALTER COLUMN id ADD GENERATED BY DEFAULT AS IDENTITY (
    SEQUENCE NAME public.auth_user_id_seq
    START WITH 1
    INCREMENT BY 1
    NO MINVALUE
    NO MAXVALUE
    CACHE 1
);


--
-- Name: auth_user_user_permissions; Type: TABLE; Schema: public; Owner: tabbycat
--

CREATE TABLE public.auth_user_user_permissions (
    id integer NOT NULL,
    user_id integer NOT NULL,
    permission_id integer NOT NULL
);


ALTER TABLE public.auth_user_user_permissions OWNER TO tabbycat;

--
-- Name: auth_user_user_permissions_id_seq; Type: SEQUENCE; Schema: public; Owner: tabbycat
--

ALTER TABLE public.auth_user_user_permissions ALTER COLUMN id ADD GENERATED BY DEFAULT AS IDENTITY (
    SEQUENCE NAME public.auth_user_user_permissions_id_seq
    START WITH 1
    INCREMENT BY 1
    NO MINVALUE
    NO MAXVALUE
    CACHE 1
);


--
-- Name: authtoken_token; Type: TABLE; Schema: public; Owner: tabbycat
--

CREATE TABLE public.authtoken_token (
    key character varying(40) NOT NULL,
    created timestamp with time zone NOT NULL,
    user_id integer NOT NULL
);


ALTER TABLE public.authtoken_token OWNER TO tabbycat;

--
-- Name: availability_roundavailability; Type: TABLE; Schema: public; Owner: tabbycat
--

CREATE TABLE public.availability_roundavailability (
    id integer NOT NULL,
    object_id integer NOT NULL,
    content_type_id integer NOT NULL,
    round_id integer NOT NULL,
    CONSTRAINT availability_roundavailability_object_id_check CHECK ((object_id >= 0))
);


ALTER TABLE public.availability_roundavailability OWNER TO tabbycat;

--
-- Name: availability_roundavailability_id_seq; Type: SEQUENCE; Schema: public; Owner: tabbycat
--

ALTER TABLE public.availability_roundavailability ALTER COLUMN id ADD GENERATED BY DEFAULT AS IDENTITY (
    SEQUENCE NAME public.availability_roundavailability_id_seq
    START WITH 1
    INCREMENT BY 1
    NO MINVALUE
    NO MAXVALUE
    CACHE 1
);


--
-- Name: breakqual_breakcategory; Type: TABLE; Schema: public; Owner: tabbycat
--

CREATE TABLE public.breakqual_breakcategory (
    id integer NOT NULL,
    name character varying(50) NOT NULL,
    slug character varying(50) NOT NULL,
    seq integer NOT NULL,
    break_size integer NOT NULL,
    is_general boolean NOT NULL,
    priority integer NOT NULL,
    rule character varying(25) NOT NULL,
    tournament_id integer NOT NULL,
    "limit" integer NOT NULL,
    reserve_size integer NOT NULL,
    CONSTRAINT breakqual_breakcategory_reserve_size_check CHECK ((reserve_size >= 0))
);


ALTER TABLE public.breakqual_breakcategory OWNER TO tabbycat;

--
-- Name: breakqual_breakcategory_id_seq; Type: SEQUENCE; Schema: public; Owner: tabbycat
--

ALTER TABLE public.breakqual_breakcategory ALTER COLUMN id ADD GENERATED BY DEFAULT AS IDENTITY (
    SEQUENCE NAME public.breakqual_breakcategory_id_seq
    START WITH 1
    INCREMENT BY 1
    NO MINVALUE
    NO MAXVALUE
    CACHE 1
);


--
-- Name: breakqual_breakingteam; Type: TABLE; Schema: public; Owner: tabbycat
--

CREATE TABLE public.breakqual_breakingteam (
    id integer NOT NULL,
    rank integer NOT NULL,
    break_rank integer,
    remark character varying(1),
    break_category_id integer NOT NULL,
    team_id integer NOT NULL
);


ALTER TABLE public.breakqual_breakingteam OWNER TO tabbycat;

--
-- Name: breakqual_breakingteam_id_seq; Type: SEQUENCE; Schema: public; Owner: tabbycat
--

ALTER TABLE public.breakqual_breakingteam ALTER COLUMN id ADD GENERATED BY DEFAULT AS IDENTITY (
    SEQUENCE NAME public.breakqual_breakingteam_id_seq
    START WITH 1
    INCREMENT BY 1
    NO MINVALUE
    NO MAXVALUE
    CACHE 1
);


--
-- Name: checkins_debateidentifier; Type: TABLE; Schema: public; Owner: tabbycat
--

CREATE TABLE public.checkins_debateidentifier (
    identifier_ptr_id integer NOT NULL,
    debate_id integer NOT NULL
);


ALTER TABLE public.checkins_debateidentifier OWNER TO tabbycat;

--
-- Name: checkins_event; Type: TABLE; Schema: public; Owner: tabbycat
--

CREATE TABLE public.checkins_event (
    id integer NOT NULL,
    "time" timestamp with time zone NOT NULL,
    identifier_id integer NOT NULL,
    tournament_id integer NOT NULL
);


ALTER TABLE public.checkins_event OWNER TO tabbycat;

--
-- Name: checkins_event_id_seq; Type: SEQUENCE; Schema: public; Owner: tabbycat
--

ALTER TABLE public.checkins_event ALTER COLUMN id ADD GENERATED BY DEFAULT AS IDENTITY (
    SEQUENCE NAME public.checkins_event_id_seq
    START WITH 1
    INCREMENT BY 1
    NO MINVALUE
    NO MAXVALUE
    CACHE 1
);


--
-- Name: checkins_identifier; Type: TABLE; Schema: public; Owner: tabbycat
--

CREATE TABLE public.checkins_identifier (
    id integer NOT NULL,
    barcode character varying(20) CONSTRAINT checkins_identifier_identifier_not_null NOT NULL,
    polymorphic_ctype_id integer
);


ALTER TABLE public.checkins_identifier OWNER TO tabbycat;

--
-- Name: checkins_identifier_id_seq; Type: SEQUENCE; Schema: public; Owner: tabbycat
--

ALTER TABLE public.checkins_identifier ALTER COLUMN id ADD GENERATED BY DEFAULT AS IDENTITY (
    SEQUENCE NAME public.checkins_identifier_id_seq
    START WITH 1
    INCREMENT BY 1
    NO MINVALUE
    NO MAXVALUE
    CACHE 1
);


--
-- Name: checkins_personidentifier; Type: TABLE; Schema: public; Owner: tabbycat
--

CREATE TABLE public.checkins_personidentifier (
    identifier_ptr_id integer NOT NULL,
    person_id integer NOT NULL
);


ALTER TABLE public.checkins_personidentifier OWNER TO tabbycat;

--
-- Name: checkins_venueidentifier; Type: TABLE; Schema: public; Owner: tabbycat
--

CREATE TABLE public.checkins_venueidentifier (
    identifier_ptr_id integer NOT NULL,
    venue_id integer NOT NULL
);


ALTER TABLE public.checkins_venueidentifier OWNER TO tabbycat;

--
-- Name: django_admin_log; Type: TABLE; Schema: public; Owner: tabbycat
--

CREATE TABLE public.django_admin_log (
    id integer NOT NULL,
    action_time timestamp with time zone NOT NULL,
    object_id text,
    object_repr character varying(200) NOT NULL,
    action_flag smallint NOT NULL,
    change_message text NOT NULL,
    content_type_id integer,
    user_id integer NOT NULL,
    CONSTRAINT django_admin_log_action_flag_check CHECK ((action_flag >= 0))
);


ALTER TABLE public.django_admin_log OWNER TO tabbycat;

--
-- Name: django_admin_log_id_seq; Type: SEQUENCE; Schema: public; Owner: tabbycat
--

ALTER TABLE public.django_admin_log ALTER COLUMN id ADD GENERATED BY DEFAULT AS IDENTITY (
    SEQUENCE NAME public.django_admin_log_id_seq
    START WITH 1
    INCREMENT BY 1
    NO MINVALUE
    NO MAXVALUE
    CACHE 1
);


--
-- Name: django_content_type; Type: TABLE; Schema: public; Owner: tabbycat
--

CREATE TABLE public.django_content_type (
    id integer NOT NULL,
    app_label character varying(100) NOT NULL,
    model character varying(100) NOT NULL
);


ALTER TABLE public.django_content_type OWNER TO tabbycat;

--
-- Name: django_content_type_id_seq; Type: SEQUENCE; Schema: public; Owner: tabbycat
--

ALTER TABLE public.django_content_type ALTER COLUMN id ADD GENERATED BY DEFAULT AS IDENTITY (
    SEQUENCE NAME public.django_content_type_id_seq
    START WITH 1
    INCREMENT BY 1
    NO MINVALUE
    NO MAXVALUE
    CACHE 1
);


--
-- Name: django_migrations; Type: TABLE; Schema: public; Owner: tabbycat
--

CREATE TABLE public.django_migrations (
    id integer NOT NULL,
    app character varying(255) NOT NULL,
    name character varying(255) NOT NULL,
    applied timestamp with time zone NOT NULL
);


ALTER TABLE public.django_migrations OWNER TO tabbycat;

--
-- Name: django_migrations_id_seq; Type: SEQUENCE; Schema: public; Owner: tabbycat
--

ALTER TABLE public.django_migrations ALTER COLUMN id ADD GENERATED BY DEFAULT AS IDENTITY (
    SEQUENCE NAME public.django_migrations_id_seq
    START WITH 1
    INCREMENT BY 1
    NO MINVALUE
    NO MAXVALUE
    CACHE 1
);


--
-- Name: django_session; Type: TABLE; Schema: public; Owner: tabbycat
--

CREATE TABLE public.django_session (
    session_key character varying(40) NOT NULL,
    session_data text NOT NULL,
    expire_date timestamp with time zone NOT NULL
);


ALTER TABLE public.django_session OWNER TO tabbycat;

--
-- Name: django_summernote_attachment; Type: TABLE; Schema: public; Owner: tabbycat
--

CREATE TABLE public.django_summernote_attachment (
    id integer NOT NULL,
    name character varying(255),
    file character varying(100) NOT NULL,
    uploaded timestamp with time zone NOT NULL
);


ALTER TABLE public.django_summernote_attachment OWNER TO tabbycat;

--
-- Name: django_summernote_attachment_id_seq; Type: SEQUENCE; Schema: public; Owner: tabbycat
--

ALTER TABLE public.django_summernote_attachment ALTER COLUMN id ADD GENERATED BY DEFAULT AS IDENTITY (
    SEQUENCE NAME public.django_summernote_attachment_id_seq
    START WITH 1
    INCREMENT BY 1
    NO MINVALUE
    NO MAXVALUE
    CACHE 1
);


--
-- Name: draw_debate; Type: TABLE; Schema: public; Owner: tabbycat
--

CREATE TABLE public.draw_debate (
    id integer NOT NULL,
    bracket double precision NOT NULL,
    room_rank integer NOT NULL,
    importance integer NOT NULL,
    result_status character varying(1) NOT NULL,
    sides_confirmed boolean NOT NULL,
    round_id integer NOT NULL,
    venue_id integer,
    flags character varying(15)[] CONSTRAINT draw_debate_flags_temp_not_null NOT NULL
);


ALTER TABLE public.draw_debate OWNER TO tabbycat;

--
-- Name: draw_debate_id_seq; Type: SEQUENCE; Schema: public; Owner: tabbycat
--

ALTER TABLE public.draw_debate ALTER COLUMN id ADD GENERATED BY DEFAULT AS IDENTITY (
    SEQUENCE NAME public.draw_debate_id_seq
    START WITH 1
    INCREMENT BY 1
    NO MINVALUE
    NO MAXVALUE
    CACHE 1
);


--
-- Name: draw_debateteam; Type: TABLE; Schema: public; Owner: tabbycat
--

CREATE TABLE public.draw_debateteam (
    id integer NOT NULL,
    debate_id integer NOT NULL,
    team_id integer NOT NULL,
    flags character varying(15)[] CONSTRAINT draw_debateteam_flags_temp_not_null NOT NULL,
    side integer CONSTRAINT draw_debateteam_side__not_null NOT NULL
);


ALTER TABLE public.draw_debateteam OWNER TO tabbycat;

--
-- Name: draw_debateteam_id_seq; Type: SEQUENCE; Schema: public; Owner: tabbycat
--

ALTER TABLE public.draw_debateteam ALTER COLUMN id ADD GENERATED BY DEFAULT AS IDENTITY (
    SEQUENCE NAME public.draw_debateteam_id_seq
    START WITH 1
    INCREMENT BY 1
    NO MINVALUE
    NO MAXVALUE
    CACHE 1
);


--
-- Name: draw_teamsideallocation; Type: TABLE; Schema: public; Owner: tabbycat
--

CREATE TABLE public.draw_teamsideallocation (
    id integer NOT NULL,
    round_id integer NOT NULL,
    team_id integer NOT NULL,
    side integer CONSTRAINT draw_teamsideallocation_side__not_null NOT NULL
);


ALTER TABLE public.draw_teamsideallocation OWNER TO tabbycat;

--
-- Name: draw_teamsideallocation_id_seq; Type: SEQUENCE; Schema: public; Owner: tabbycat
--

ALTER TABLE public.draw_teamsideallocation ALTER COLUMN id ADD GENERATED BY DEFAULT AS IDENTITY (
    SEQUENCE NAME public.draw_teamsideallocation_id_seq
    START WITH 1
    INCREMENT BY 1
    NO MINVALUE
    NO MAXVALUE
    CACHE 1
);


--
-- Name: dynamic_preferences_globalpreferencemodel; Type: TABLE; Schema: public; Owner: tabbycat
--

CREATE TABLE public.dynamic_preferences_globalpreferencemodel (
    id integer NOT NULL,
    section character varying(150),
    name character varying(150) NOT NULL,
    raw_value text
);


ALTER TABLE public.dynamic_preferences_globalpreferencemodel OWNER TO tabbycat;

--
-- Name: dynamic_preferences_globalpreferencemodel_id_seq; Type: SEQUENCE; Schema: public; Owner: tabbycat
--

ALTER TABLE public.dynamic_preferences_globalpreferencemodel ALTER COLUMN id ADD GENERATED BY DEFAULT AS IDENTITY (
    SEQUENCE NAME public.dynamic_preferences_globalpreferencemodel_id_seq
    START WITH 1
    INCREMENT BY 1
    NO MINVALUE
    NO MAXVALUE
    CACHE 1
);


--
-- Name: jet_bookmark; Type: TABLE; Schema: public; Owner: tabbycat
--

CREATE TABLE public.jet_bookmark (
    id integer NOT NULL,
    url character varying(200) NOT NULL,
    title character varying(255) NOT NULL,
    user_id integer,
    date_add timestamp with time zone NOT NULL
);


ALTER TABLE public.jet_bookmark OWNER TO tabbycat;

--
-- Name: jet_bookmark_id_seq; Type: SEQUENCE; Schema: public; Owner: tabbycat
--

ALTER TABLE public.jet_bookmark ALTER COLUMN id ADD GENERATED BY DEFAULT AS IDENTITY (
    SEQUENCE NAME public.jet_bookmark_id_seq
    START WITH 1
    INCREMENT BY 1
    NO MINVALUE
    NO MAXVALUE
    CACHE 1
);


--
-- Name: jet_pinnedapplication; Type: TABLE; Schema: public; Owner: tabbycat
--

CREATE TABLE public.jet_pinnedapplication (
    id integer NOT NULL,
    app_label character varying(255) NOT NULL,
    user_id integer,
    date_add timestamp with time zone NOT NULL
);


ALTER TABLE public.jet_pinnedapplication OWNER TO tabbycat;

--
-- Name: jet_pinnedapplication_id_seq; Type: SEQUENCE; Schema: public; Owner: tabbycat
--

ALTER TABLE public.jet_pinnedapplication ALTER COLUMN id ADD GENERATED BY DEFAULT AS IDENTITY (
    SEQUENCE NAME public.jet_pinnedapplication_id_seq
    START WITH 1
    INCREMENT BY 1
    NO MINVALUE
    NO MAXVALUE
    CACHE 1
);


--
-- Name: motions_debateteammotionpreference; Type: TABLE; Schema: public; Owner: tabbycat
--

CREATE TABLE public.motions_debateteammotionpreference (
    id integer NOT NULL,
    preference integer NOT NULL,
    ballot_submission_id integer CONSTRAINT motions_debateteammotionpreferenc_ballot_submission_id_not_null NOT NULL,
    debate_team_id integer NOT NULL,
    motion_id integer NOT NULL
);


ALTER TABLE public.motions_debateteammotionpreference OWNER TO tabbycat;

--
-- Name: motions_debateteammotionpreference_id_seq; Type: SEQUENCE; Schema: public; Owner: tabbycat
--

ALTER TABLE public.motions_debateteammotionpreference ALTER COLUMN id ADD GENERATED BY DEFAULT AS IDENTITY (
    SEQUENCE NAME public.motions_debateteammotionpreference_id_seq
    START WITH 1
    INCREMENT BY 1
    NO MINVALUE
    NO MAXVALUE
    CACHE 1
);


--
-- Name: motions_motion; Type: TABLE; Schema: public; Owner: tabbycat
--

CREATE TABLE public.motions_motion (
    id integer NOT NULL,
    text text NOT NULL,
    reference character varying(100) NOT NULL,
    info_slide text NOT NULL,
    tournament_id integer NOT NULL
);


ALTER TABLE public.motions_motion OWNER TO tabbycat;

--
-- Name: motions_motion_id_seq; Type: SEQUENCE; Schema: public; Owner: tabbycat
--

ALTER TABLE public.motions_motion ALTER COLUMN id ADD GENERATED BY DEFAULT AS IDENTITY (
    SEQUENCE NAME public.motions_motion_id_seq
    START WITH 1
    INCREMENT BY 1
    NO MINVALUE
    NO MAXVALUE
    CACHE 1
);


--
-- Name: motions_roundmotion; Type: TABLE; Schema: public; Owner: tabbycat
--

CREATE TABLE public.motions_roundmotion (
    id integer NOT NULL,
    seq integer NOT NULL,
    motion_id integer NOT NULL,
    round_id integer NOT NULL
);


ALTER TABLE public.motions_roundmotion OWNER TO tabbycat;

--
-- Name: motions_roundmotion_id_seq; Type: SEQUENCE; Schema: public; Owner: tabbycat
--

ALTER TABLE public.motions_roundmotion ALTER COLUMN id ADD GENERATED BY DEFAULT AS IDENTITY (
    SEQUENCE NAME public.motions_roundmotion_id_seq
    START WITH 1
    INCREMENT BY 1
    NO MINVALUE
    NO MAXVALUE
    CACHE 1
);


--
-- Name: notifications_bulknotification; Type: TABLE; Schema: public; Owner: tabbycat
--

CREATE TABLE public.notifications_bulknotification (
    id integer NOT NULL,
    event character varying(20) NOT NULL,
    "timestamp" timestamp with time zone NOT NULL,
    round_id integer,
    tournament_id integer NOT NULL,
    body_template text,
    subject_template text
);


ALTER TABLE public.notifications_bulknotification OWNER TO tabbycat;

--
-- Name: notifications_bulknotification_id_seq; Type: SEQUENCE; Schema: public; Owner: tabbycat
--

ALTER TABLE public.notifications_bulknotification ALTER COLUMN id ADD GENERATED BY DEFAULT AS IDENTITY (
    SEQUENCE NAME public.notifications_bulknotification_id_seq
    START WITH 1
    INCREMENT BY 1
    NO MINVALUE
    NO MAXVALUE
    CACHE 1
);


--
-- Name: notifications_emailstatus; Type: TABLE; Schema: public; Owner: tabbycat
--

CREATE TABLE public.notifications_emailstatus (
    id integer NOT NULL,
    "timestamp" timestamp with time zone NOT NULL,
    event character varying(20) NOT NULL,
    data jsonb,
    email_id integer NOT NULL
);


ALTER TABLE public.notifications_emailstatus OWNER TO tabbycat;

--
-- Name: notifications_emailstatus_id_seq; Type: SEQUENCE; Schema: public; Owner: tabbycat
--

ALTER TABLE public.notifications_emailstatus ALTER COLUMN id ADD GENERATED BY DEFAULT AS IDENTITY (
    SEQUENCE NAME public.notifications_emailstatus_id_seq
    START WITH 1
    INCREMENT BY 1
    NO MINVALUE
    NO MAXVALUE
    CACHE 1
);


--
-- Name: notifications_sentmessage; Type: TABLE; Schema: public; Owner: tabbycat
--

CREATE TABLE public.notifications_sentmessage (
    id integer CONSTRAINT notifications_messagesentrecord_id_not_null NOT NULL,
    "timestamp" timestamp with time zone CONSTRAINT notifications_messagesentrecord_timestamp_not_null NOT NULL,
    method character varying(1) CONSTRAINT notifications_messagesentrecord_method_not_null NOT NULL,
    recipient_id integer,
    context jsonb,
    email character varying(254),
    notification_id integer CONSTRAINT notifications_sentmessagerecord_notification_id_not_null NOT NULL,
    message_id character varying(254),
    hook_id character varying(16)
);


ALTER TABLE public.notifications_sentmessage OWNER TO tabbycat;

--
-- Name: notifications_messagesentrecord_id_seq; Type: SEQUENCE; Schema: public; Owner: tabbycat
--

ALTER TABLE public.notifications_sentmessage ALTER COLUMN id ADD GENERATED BY DEFAULT AS IDENTITY (
    SEQUENCE NAME public.notifications_messagesentrecord_id_seq
    START WITH 1
    INCREMENT BY 1
    NO MINVALUE
    NO MAXVALUE
    CACHE 1
);


--
-- Name: notifications_participantwebpushdevice; Type: TABLE; Schema: public; Owner: tabbycat
--

CREATE TABLE public.notifications_participantwebpushdevice (
    webpushdevice_ptr_id integer CONSTRAINT notifications_participantwebpushd_webpushdevice_ptr_id_not_null NOT NULL,
    language character varying(10) NOT NULL,
    participant_id integer NOT NULL,
    tournament_id integer NOT NULL
);


ALTER TABLE public.notifications_participantwebpushdevice OWNER TO tabbycat;

--
-- Name: options_tournamentpreferencemodel; Type: TABLE; Schema: public; Owner: tabbycat
--

CREATE TABLE public.options_tournamentpreferencemodel (
    id integer NOT NULL,
    section character varying(150),
    name character varying(150) NOT NULL,
    raw_value text,
    instance_id integer NOT NULL
);


ALTER TABLE public.options_tournamentpreferencemodel OWNER TO tabbycat;

--
-- Name: options_tournamentpreferencemodel_id_seq; Type: SEQUENCE; Schema: public; Owner: tabbycat
--

ALTER TABLE public.options_tournamentpreferencemodel ALTER COLUMN id ADD GENERATED BY DEFAULT AS IDENTITY (
    SEQUENCE NAME public.options_tournamentpreferencemodel_id_seq
    START WITH 1
    INCREMENT BY 1
    NO MINVALUE
    NO MAXVALUE
    CACHE 1
);


--
-- Name: participants_adjudicator; Type: TABLE; Schema: public; Owner: tabbycat
--

CREATE TABLE public.participants_adjudicator (
    person_ptr_id integer NOT NULL,
    base_score double precision CONSTRAINT participants_adjudicator_test_score_not_null NOT NULL,
    trainee boolean NOT NULL,
    breaking boolean NOT NULL,
    independent boolean NOT NULL,
    adj_core boolean NOT NULL,
    institution_id integer,
    tournament_id integer
);


ALTER TABLE public.participants_adjudicator OWNER TO tabbycat;

--
-- Name: participants_coach; Type: TABLE; Schema: public; Owner: tabbycat
--

CREATE TABLE public.participants_coach (
    person_ptr_id integer NOT NULL,
    tournament_institution_id integer NOT NULL
);


ALTER TABLE public.participants_coach OWNER TO tabbycat;

--
-- Name: participants_institution; Type: TABLE; Schema: public; Owner: tabbycat
--

CREATE TABLE public.participants_institution (
    id integer NOT NULL,
    name character varying(100) NOT NULL,
    code character varying(20) NOT NULL,
    region_id integer
);


ALTER TABLE public.participants_institution OWNER TO tabbycat;

--
-- Name: participants_institution_id_seq; Type: SEQUENCE; Schema: public; Owner: tabbycat
--

ALTER TABLE public.participants_institution ALTER COLUMN id ADD GENERATED BY DEFAULT AS IDENTITY (
    SEQUENCE NAME public.participants_institution_id_seq
    START WITH 1
    INCREMENT BY 1
    NO MINVALUE
    NO MAXVALUE
    CACHE 1
);


--
-- Name: participants_person; Type: TABLE; Schema: public; Owner: tabbycat
--

CREATE TABLE public.participants_person (
    id integer NOT NULL,
    name character varying(70) NOT NULL,
    email character varying(254),
    phone character varying(40) NOT NULL,
    anonymous boolean NOT NULL,
    gender character varying(1) NOT NULL,
    pronoun character varying(10) NOT NULL,
    url_key character varying(24),
    code_name character varying(25) NOT NULL,
    last_name character varying(70)
);


ALTER TABLE public.participants_person OWNER TO tabbycat;

--
-- Name: participants_person_id_seq; Type: SEQUENCE; Schema: public; Owner: tabbycat
--

ALTER TABLE public.participants_person ALTER COLUMN id ADD GENERATED BY DEFAULT AS IDENTITY (
    SEQUENCE NAME public.participants_person_id_seq
    START WITH 1
    INCREMENT BY 1
    NO MINVALUE
    NO MAXVALUE
    CACHE 1
);


--
-- Name: participants_region; Type: TABLE; Schema: public; Owner: tabbycat
--

CREATE TABLE public.participants_region (
    id integer NOT NULL,
    name character varying(100) NOT NULL
);


ALTER TABLE public.participants_region OWNER TO tabbycat;

--
-- Name: participants_region_id_seq; Type: SEQUENCE; Schema: public; Owner: tabbycat
--

ALTER TABLE public.participants_region ALTER COLUMN id ADD GENERATED BY DEFAULT AS IDENTITY (
    SEQUENCE NAME public.participants_region_id_seq
    START WITH 1
    INCREMENT BY 1
    NO MINVALUE
    NO MAXVALUE
    CACHE 1
);


--
-- Name: participants_speaker; Type: TABLE; Schema: public; Owner: tabbycat
--

CREATE TABLE public.participants_speaker (
    person_ptr_id integer NOT NULL,
    team_id integer NOT NULL
);


ALTER TABLE public.participants_speaker OWNER TO tabbycat;

--
-- Name: participants_speaker_categories; Type: TABLE; Schema: public; Owner: tabbycat
--

CREATE TABLE public.participants_speaker_categories (
    id integer NOT NULL,
    speaker_id integer NOT NULL,
    speakercategory_id integer NOT NULL
);


ALTER TABLE public.participants_speaker_categories OWNER TO tabbycat;

--
-- Name: participants_speaker_categories_id_seq; Type: SEQUENCE; Schema: public; Owner: tabbycat
--

ALTER TABLE public.participants_speaker_categories ALTER COLUMN id ADD GENERATED BY DEFAULT AS IDENTITY (
    SEQUENCE NAME public.participants_speaker_categories_id_seq
    START WITH 1
    INCREMENT BY 1
    NO MINVALUE
    NO MAXVALUE
    CACHE 1
);


--
-- Name: participants_speakercategory; Type: TABLE; Schema: public; Owner: tabbycat
--

CREATE TABLE public.participants_speakercategory (
    id integer NOT NULL,
    name character varying(50) NOT NULL,
    slug character varying(50) NOT NULL,
    seq integer NOT NULL,
    "limit" integer NOT NULL,
    public boolean NOT NULL,
    tournament_id integer NOT NULL
);


ALTER TABLE public.participants_speakercategory OWNER TO tabbycat;

--
-- Name: participants_speakercategory_id_seq; Type: SEQUENCE; Schema: public; Owner: tabbycat
--

ALTER TABLE public.participants_speakercategory ALTER COLUMN id ADD GENERATED BY DEFAULT AS IDENTITY (
    SEQUENCE NAME public.participants_speakercategory_id_seq
    START WITH 1
    INCREMENT BY 1
    NO MINVALUE
    NO MAXVALUE
    CACHE 1
);


--
-- Name: participants_team; Type: TABLE; Schema: public; Owner: tabbycat
--

CREATE TABLE public.participants_team (
    id integer NOT NULL,
    reference character varying(150) NOT NULL,
    short_reference character varying(35) NOT NULL,
    short_name character varying(56) NOT NULL,
    long_name character varying(251) NOT NULL,
    use_institution_prefix boolean NOT NULL,
    type character varying(1) NOT NULL,
    emoji character varying(3),
    institution_id integer,
    tournament_id integer NOT NULL,
    code_name character varying(150) NOT NULL,
    seed integer,
    CONSTRAINT participants_team_seed_check CHECK ((seed >= 0))
);


ALTER TABLE public.participants_team OWNER TO tabbycat;

--
-- Name: participants_team_break_categories; Type: TABLE; Schema: public; Owner: tabbycat
--

CREATE TABLE public.participants_team_break_categories (
    id integer NOT NULL,
    team_id integer NOT NULL,
    breakcategory_id integer NOT NULL
);


ALTER TABLE public.participants_team_break_categories OWNER TO tabbycat;

--
-- Name: participants_team_break_categories_id_seq; Type: SEQUENCE; Schema: public; Owner: tabbycat
--

ALTER TABLE public.participants_team_break_categories ALTER COLUMN id ADD GENERATED BY DEFAULT AS IDENTITY (
    SEQUENCE NAME public.participants_team_break_categories_id_seq
    START WITH 1
    INCREMENT BY 1
    NO MINVALUE
    NO MAXVALUE
    CACHE 1
);


--
-- Name: participants_team_id_seq; Type: SEQUENCE; Schema: public; Owner: tabbycat
--

ALTER TABLE public.participants_team ALTER COLUMN id ADD GENERATED BY DEFAULT AS IDENTITY (
    SEQUENCE NAME public.participants_team_id_seq
    START WITH 1
    INCREMENT BY 1
    NO MINVALUE
    NO MAXVALUE
    CACHE 1
);


--
-- Name: participants_tournamentinstitution; Type: TABLE; Schema: public; Owner: tabbycat
--

CREATE TABLE public.participants_tournamentinstitution (
    id integer NOT NULL,
    teams_requested integer NOT NULL,
    teams_allocated integer NOT NULL,
    adjudicators_requested integer CONSTRAINT participants_tournamentinstitut_adjudicators_requested_not_null NOT NULL,
    adjudicators_allocated integer CONSTRAINT participants_tournamentinstitut_adjudicators_allocated_not_null NOT NULL,
    institution_id integer NOT NULL,
    tournament_id integer NOT NULL,
    CONSTRAINT participants_tournamentinstitution_adjudicators_allocated_check CHECK ((adjudicators_allocated >= 0)),
    CONSTRAINT participants_tournamentinstitution_adjudicators_requested_check CHECK ((adjudicators_requested >= 0)),
    CONSTRAINT participants_tournamentinstitution_teams_allocated_check CHECK ((teams_allocated >= 0)),
    CONSTRAINT participants_tournamentinstitution_teams_requested_check CHECK ((teams_requested >= 0))
);


ALTER TABLE public.participants_tournamentinstitution OWNER TO tabbycat;

--
-- Name: participants_tournamentinstitution_id_seq; Type: SEQUENCE; Schema: public; Owner: tabbycat
--

ALTER TABLE public.participants_tournamentinstitution ALTER COLUMN id ADD GENERATED BY DEFAULT AS IDENTITY (
    SEQUENCE NAME public.participants_tournamentinstitution_id_seq
    START WITH 1
    INCREMENT BY 1
    NO MINVALUE
    NO MAXVALUE
    CACHE 1
);


--
-- Name: push_notifications_apnsdevice; Type: TABLE; Schema: public; Owner: tabbycat
--

CREATE TABLE public.push_notifications_apnsdevice (
    id integer NOT NULL,
    name character varying(255),
    active boolean NOT NULL,
    date_created timestamp with time zone,
    device_id uuid,
    registration_id character varying(200) NOT NULL,
    user_id integer,
    application_id character varying(64)
);


ALTER TABLE public.push_notifications_apnsdevice OWNER TO tabbycat;

--
-- Name: push_notifications_apnsdevice_id_seq; Type: SEQUENCE; Schema: public; Owner: tabbycat
--

ALTER TABLE public.push_notifications_apnsdevice ALTER COLUMN id ADD GENERATED BY DEFAULT AS IDENTITY (
    SEQUENCE NAME public.push_notifications_apnsdevice_id_seq
    START WITH 1
    INCREMENT BY 1
    NO MINVALUE
    NO MAXVALUE
    CACHE 1
);


--
-- Name: push_notifications_gcmdevice; Type: TABLE; Schema: public; Owner: tabbycat
--

CREATE TABLE public.push_notifications_gcmdevice (
    id integer NOT NULL,
    name character varying(255),
    active boolean NOT NULL,
    date_created timestamp with time zone,
    device_id bigint,
    registration_id text NOT NULL,
    user_id integer,
    cloud_message_type character varying(3) NOT NULL,
    application_id character varying(64)
);


ALTER TABLE public.push_notifications_gcmdevice OWNER TO tabbycat;

--
-- Name: push_notifications_gcmdevice_id_seq; Type: SEQUENCE; Schema: public; Owner: tabbycat
--

ALTER TABLE public.push_notifications_gcmdevice ALTER COLUMN id ADD GENERATED BY DEFAULT AS IDENTITY (
    SEQUENCE NAME public.push_notifications_gcmdevice_id_seq
    START WITH 1
    INCREMENT BY 1
    NO MINVALUE
    NO MAXVALUE
    CACHE 1
);


--
-- Name: push_notifications_webpushdevice; Type: TABLE; Schema: public; Owner: tabbycat
--

CREATE TABLE public.push_notifications_webpushdevice (
    id integer NOT NULL,
    name character varying(255),
    active boolean NOT NULL,
    date_created timestamp with time zone,
    application_id character varying(64),
    registration_id text NOT NULL,
    p256dh character varying(88) NOT NULL,
    auth character varying(24) NOT NULL,
    browser character varying(10) NOT NULL,
    user_id integer
);


ALTER TABLE public.push_notifications_webpushdevice OWNER TO tabbycat;

--
-- Name: push_notifications_webpushdevice_id_seq; Type: SEQUENCE; Schema: public; Owner: tabbycat
--

ALTER TABLE public.push_notifications_webpushdevice ALTER COLUMN id ADD GENERATED BY DEFAULT AS IDENTITY (
    SEQUENCE NAME public.push_notifications_webpushdevice_id_seq
    START WITH 1
    INCREMENT BY 1
    NO MINVALUE
    NO MAXVALUE
    CACHE 1
);


--
-- Name: push_notifications_wnsdevice; Type: TABLE; Schema: public; Owner: tabbycat
--

CREATE TABLE public.push_notifications_wnsdevice (
    id integer NOT NULL,
    name character varying(255),
    active boolean NOT NULL,
    date_created timestamp with time zone,
    device_id uuid,
    registration_id text NOT NULL,
    user_id integer,
    application_id character varying(64)
);


ALTER TABLE public.push_notifications_wnsdevice OWNER TO tabbycat;

--
-- Name: push_notifications_wnsdevice_id_seq; Type: SEQUENCE; Schema: public; Owner: tabbycat
--

ALTER TABLE public.push_notifications_wnsdevice ALTER COLUMN id ADD GENERATED BY DEFAULT AS IDENTITY (
    SEQUENCE NAME public.push_notifications_wnsdevice_id_seq
    START WITH 1
    INCREMENT BY 1
    NO MINVALUE
    NO MAXVALUE
    CACHE 1
);


--
-- Name: registration_invitation; Type: TABLE; Schema: public; Owner: tabbycat
--

CREATE TABLE public.registration_invitation (
    id bigint NOT NULL,
    url_key character varying(50) NOT NULL,
    created_on timestamp with time zone NOT NULL,
    for_content_type_id integer NOT NULL,
    institution_id integer,
    team_id integer,
    tournament_id integer NOT NULL
);


ALTER TABLE public.registration_invitation OWNER TO tabbycat;

--
-- Name: registration_invitation_id_seq; Type: SEQUENCE; Schema: public; Owner: tabbycat
--

ALTER TABLE public.registration_invitation ALTER COLUMN id ADD GENERATED BY DEFAULT AS IDENTITY (
    SEQUENCE NAME public.registration_invitation_id_seq
    START WITH 1
    INCREMENT BY 1
    NO MINVALUE
    NO MAXVALUE
    CACHE 1
);


--
-- Name: results_ballotsubmission; Type: TABLE; Schema: public; Owner: tabbycat
--

CREATE TABLE public.results_ballotsubmission (
    id integer NOT NULL,
    "timestamp" timestamp with time zone NOT NULL,
    version integer NOT NULL,
    submitter_type character varying(1) NOT NULL,
    confirmed boolean NOT NULL,
    confirm_timestamp timestamp with time zone,
    ip_address inet,
    discarded boolean NOT NULL,
    confirmer_id integer,
    debate_id integer NOT NULL,
    motion_id integer,
    submitter_id integer,
    participant_submitter_id integer,
    single_adj boolean CONSTRAINT results_ballotsubmission_partial_not_null NOT NULL,
    private_url boolean NOT NULL,
    forfeit boolean NOT NULL,
    CONSTRAINT results_ballotsubmission_version_check CHECK ((version >= 0))
);


ALTER TABLE public.results_ballotsubmission OWNER TO tabbycat;

--
-- Name: results_ballotsubmission_id_seq; Type: SEQUENCE; Schema: public; Owner: tabbycat
--

ALTER TABLE public.results_ballotsubmission ALTER COLUMN id ADD GENERATED BY DEFAULT AS IDENTITY (
    SEQUENCE NAME public.results_ballotsubmission_id_seq
    START WITH 1
    INCREMENT BY 1
    NO MINVALUE
    NO MAXVALUE
    CACHE 1
);


--
-- Name: results_scorecriterion; Type: TABLE; Schema: public; Owner: tabbycat
--

CREATE TABLE public.results_scorecriterion (
    id integer NOT NULL,
    name character varying(20) NOT NULL,
    seq integer NOT NULL,
    weight double precision NOT NULL,
    min_score double precision NOT NULL,
    max_score double precision NOT NULL,
    step double precision NOT NULL,
    required boolean NOT NULL,
    tournament_id integer NOT NULL
);


ALTER TABLE public.results_scorecriterion OWNER TO tabbycat;

--
-- Name: results_scorecriterion_id_seq; Type: SEQUENCE; Schema: public; Owner: tabbycat
--

ALTER TABLE public.results_scorecriterion ALTER COLUMN id ADD GENERATED BY DEFAULT AS IDENTITY (
    SEQUENCE NAME public.results_scorecriterion_id_seq
    START WITH 1
    INCREMENT BY 1
    NO MINVALUE
    NO MAXVALUE
    CACHE 1
);


--
-- Name: results_speakercriterionscore; Type: TABLE; Schema: public; Owner: tabbycat
--

CREATE TABLE public.results_speakercriterionscore (
    id integer NOT NULL,
    score double precision NOT NULL,
    criterion_id integer NOT NULL,
    speaker_score_id integer NOT NULL
);


ALTER TABLE public.results_speakercriterionscore OWNER TO tabbycat;

--
-- Name: results_speakercriterionscore_id_seq; Type: SEQUENCE; Schema: public; Owner: tabbycat
--

ALTER TABLE public.results_speakercriterionscore ALTER COLUMN id ADD GENERATED BY DEFAULT AS IDENTITY (
    SEQUENCE NAME public.results_speakercriterionscore_id_seq
    START WITH 1
    INCREMENT BY 1
    NO MINVALUE
    NO MAXVALUE
    CACHE 1
);


--
-- Name: results_speakercriterionscorebyadj; Type: TABLE; Schema: public; Owner: tabbycat
--

CREATE TABLE public.results_speakercriterionscorebyadj (
    id integer NOT NULL,
    score double precision NOT NULL,
    criterion_id integer NOT NULL,
    speaker_score_by_adj_id integer CONSTRAINT results_speakercriterionscoreb_speaker_score_by_adj_id_not_null NOT NULL
);


ALTER TABLE public.results_speakercriterionscorebyadj OWNER TO tabbycat;

--
-- Name: results_speakercriterionscorebyadj_id_seq; Type: SEQUENCE; Schema: public; Owner: tabbycat
--

ALTER TABLE public.results_speakercriterionscorebyadj ALTER COLUMN id ADD GENERATED BY DEFAULT AS IDENTITY (
    SEQUENCE NAME public.results_speakercriterionscorebyadj_id_seq
    START WITH 1
    INCREMENT BY 1
    NO MINVALUE
    NO MAXVALUE
    CACHE 1
);


--
-- Name: results_speakerscore; Type: TABLE; Schema: public; Owner: tabbycat
--

CREATE TABLE public.results_speakerscore (
    id integer NOT NULL,
    score double precision NOT NULL,
    "position" integer NOT NULL,
    ghost boolean NOT NULL,
    ballot_submission_id integer NOT NULL,
    debate_team_id integer NOT NULL,
    speaker_id integer NOT NULL,
    rank smallint,
    CONSTRAINT results_speakerscore_rank_check CHECK ((rank >= 0))
);


ALTER TABLE public.results_speakerscore OWNER TO tabbycat;

--
-- Name: results_speakerscore_id_seq; Type: SEQUENCE; Schema: public; Owner: tabbycat
--

ALTER TABLE public.results_speakerscore ALTER COLUMN id ADD GENERATED BY DEFAULT AS IDENTITY (
    SEQUENCE NAME public.results_speakerscore_id_seq
    START WITH 1
    INCREMENT BY 1
    NO MINVALUE
    NO MAXVALUE
    CACHE 1
);


--
-- Name: results_speakerscorebyadj; Type: TABLE; Schema: public; Owner: tabbycat
--

CREATE TABLE public.results_speakerscorebyadj (
    id integer NOT NULL,
    score double precision NOT NULL,
    "position" integer NOT NULL,
    ballot_submission_id integer NOT NULL,
    debate_adjudicator_id integer NOT NULL,
    debate_team_id integer NOT NULL
);


ALTER TABLE public.results_speakerscorebyadj OWNER TO tabbycat;

--
-- Name: results_speakerscorebyadj_id_seq; Type: SEQUENCE; Schema: public; Owner: tabbycat
--

ALTER TABLE public.results_speakerscorebyadj ALTER COLUMN id ADD GENERATED BY DEFAULT AS IDENTITY (
    SEQUENCE NAME public.results_speakerscorebyadj_id_seq
    START WITH 1
    INCREMENT BY 1
    NO MINVALUE
    NO MAXVALUE
    CACHE 1
);


--
-- Name: results_teamscore; Type: TABLE; Schema: public; Owner: tabbycat
--

CREATE TABLE public.results_teamscore (
    id integer NOT NULL,
    points smallint,
    win boolean,
    margin double precision,
    score double precision,
    votes_given smallint,
    votes_possible smallint,
    ballot_submission_id integer NOT NULL,
    debate_team_id integer NOT NULL,
    has_ghost boolean,
    CONSTRAINT results_teamscore_points_check CHECK ((points >= 0)),
    CONSTRAINT results_teamscore_votes_given_check CHECK ((votes_given >= 0)),
    CONSTRAINT results_teamscore_votes_possible_check CHECK ((votes_possible >= 0))
);


ALTER TABLE public.results_teamscore OWNER TO tabbycat;

--
-- Name: results_teamscore_id_seq; Type: SEQUENCE; Schema: public; Owner: tabbycat
--

ALTER TABLE public.results_teamscore ALTER COLUMN id ADD GENERATED BY DEFAULT AS IDENTITY (
    SEQUENCE NAME public.results_teamscore_id_seq
    START WITH 1
    INCREMENT BY 1
    NO MINVALUE
    NO MAXVALUE
    CACHE 1
);


--
-- Name: results_teamscorebyadj; Type: TABLE; Schema: public; Owner: tabbycat
--

CREATE TABLE public.results_teamscorebyadj (
    id integer NOT NULL,
    win boolean,
    margin double precision,
    score double precision,
    ballot_submission_id integer NOT NULL,
    debate_adjudicator_id integer NOT NULL,
    debate_team_id integer NOT NULL
);


ALTER TABLE public.results_teamscorebyadj OWNER TO tabbycat;

--
-- Name: results_teamscorebyadj_id_seq; Type: SEQUENCE; Schema: public; Owner: tabbycat
--

ALTER TABLE public.results_teamscorebyadj ALTER COLUMN id ADD GENERATED BY DEFAULT AS IDENTITY (
    SEQUENCE NAME public.results_teamscorebyadj_id_seq
    START WITH 1
    INCREMENT BY 1
    NO MINVALUE
    NO MAXVALUE
    CACHE 1
);


--
-- Name: tournaments_round; Type: TABLE; Schema: public; Owner: tabbycat
--

CREATE TABLE public.tournaments_round (
    id integer NOT NULL,
    seq integer NOT NULL,
    name character varying(40) NOT NULL,
    abbreviation character varying(10) NOT NULL,
    stage character varying(1) NOT NULL,
    draw_type character varying(1) NOT NULL,
    draw_status character varying(1) NOT NULL,
    feedback_weight double precision NOT NULL,
    silent boolean NOT NULL,
    break_category_id integer,
    tournament_id integer NOT NULL,
    completed boolean NOT NULL,
    weight integer NOT NULL,
    starts_at timestamp with time zone,
    motions_status character varying(1) NOT NULL,
    CONSTRAINT tournaments_round_seq_523abb4b_check CHECK ((seq >= 0))
);


ALTER TABLE public.tournaments_round OWNER TO tabbycat;

--
-- Name: tournaments_round_id_seq; Type: SEQUENCE; Schema: public; Owner: tabbycat
--

ALTER TABLE public.tournaments_round ALTER COLUMN id ADD GENERATED BY DEFAULT AS IDENTITY (
    SEQUENCE NAME public.tournaments_round_id_seq
    START WITH 1
    INCREMENT BY 1
    NO MINVALUE
    NO MAXVALUE
    CACHE 1
);


--
-- Name: tournaments_scheduleevent; Type: TABLE; Schema: public; Owner: tabbycat
--

CREATE TABLE public.tournaments_scheduleevent (
    id integer NOT NULL,
    title character varying(100) NOT NULL,
    type character varying(1) NOT NULL,
    start_time timestamp with time zone NOT NULL,
    end_time timestamp with time zone,
    round_id integer,
    tournament_id integer NOT NULL
);


ALTER TABLE public.tournaments_scheduleevent OWNER TO tabbycat;

--
-- Name: tournaments_scheduleevent_id_seq; Type: SEQUENCE; Schema: public; Owner: tabbycat
--

ALTER TABLE public.tournaments_scheduleevent ALTER COLUMN id ADD GENERATED BY DEFAULT AS IDENTITY (
    SEQUENCE NAME public.tournaments_scheduleevent_id_seq
    START WITH 1
    INCREMENT BY 1
    NO MINVALUE
    NO MAXVALUE
    CACHE 1
);


--
-- Name: tournaments_tournament; Type: TABLE; Schema: public; Owner: tabbycat
--

CREATE TABLE public.tournaments_tournament (
    id integer NOT NULL,
    name character varying(100) NOT NULL,
    short_name character varying(25) NOT NULL,
    seq integer,
    slug character varying(50) NOT NULL,
    active boolean NOT NULL
);


ALTER TABLE public.tournaments_tournament OWNER TO tabbycat;

--
-- Name: tournaments_tournament_id_seq; Type: SEQUENCE; Schema: public; Owner: tabbycat
--

ALTER TABLE public.tournaments_tournament ALTER COLUMN id ADD GENERATED BY DEFAULT AS IDENTITY (
    SEQUENCE NAME public.tournaments_tournament_id_seq
    START WITH 1
    INCREMENT BY 1
    NO MINVALUE
    NO MAXVALUE
    CACHE 1
);


--
-- Name: users_group; Type: TABLE; Schema: public; Owner: tabbycat
--

CREATE TABLE public.users_group (
    id integer NOT NULL,
    name character varying(100) NOT NULL,
    permissions character varying(50)[] NOT NULL,
    tournament_id integer NOT NULL
);


ALTER TABLE public.users_group OWNER TO tabbycat;

--
-- Name: users_group_id_seq; Type: SEQUENCE; Schema: public; Owner: tabbycat
--

ALTER TABLE public.users_group ALTER COLUMN id ADD GENERATED BY DEFAULT AS IDENTITY (
    SEQUENCE NAME public.users_group_id_seq
    START WITH 1
    INCREMENT BY 1
    NO MINVALUE
    NO MAXVALUE
    CACHE 1
);


--
-- Name: users_membership; Type: TABLE; Schema: public; Owner: tabbycat
--

CREATE TABLE public.users_membership (
    id integer NOT NULL,
    group_id integer NOT NULL,
    user_id integer NOT NULL
);


ALTER TABLE public.users_membership OWNER TO tabbycat;

--
-- Name: users_membership_id_seq; Type: SEQUENCE; Schema: public; Owner: tabbycat
--

ALTER TABLE public.users_membership ALTER COLUMN id ADD GENERATED BY DEFAULT AS IDENTITY (
    SEQUENCE NAME public.users_membership_id_seq
    START WITH 1
    INCREMENT BY 1
    NO MINVALUE
    NO MAXVALUE
    CACHE 1
);


--
-- Name: users_userpermission; Type: TABLE; Schema: public; Owner: tabbycat
--

CREATE TABLE public.users_userpermission (
    id integer NOT NULL,
    permission character varying(50) NOT NULL,
    tournament_id integer NOT NULL,
    user_id integer NOT NULL
);


ALTER TABLE public.users_userpermission OWNER TO tabbycat;

--
-- Name: users_userpermission_id_seq; Type: SEQUENCE; Schema: public; Owner: tabbycat
--

ALTER TABLE public.users_userpermission ALTER COLUMN id ADD GENERATED BY DEFAULT AS IDENTITY (
    SEQUENCE NAME public.users_userpermission_id_seq
    START WITH 1
    INCREMENT BY 1
    NO MINVALUE
    NO MAXVALUE
    CACHE 1
);


--
-- Name: venues_venue; Type: TABLE; Schema: public; Owner: tabbycat
--

CREATE TABLE public.venues_venue (
    id integer NOT NULL,
    name character varying(40) NOT NULL,
    priority integer NOT NULL,
    tournament_id integer,
    url character varying(200) NOT NULL
);


ALTER TABLE public.venues_venue OWNER TO tabbycat;

--
-- Name: venues_venue_id_seq; Type: SEQUENCE; Schema: public; Owner: tabbycat
--

ALTER TABLE public.venues_venue ALTER COLUMN id ADD GENERATED BY DEFAULT AS IDENTITY (
    SEQUENCE NAME public.venues_venue_id_seq
    START WITH 1
    INCREMENT BY 1
    NO MINVALUE
    NO MAXVALUE
    CACHE 1
);


--
-- Name: venues_venuecategory; Type: TABLE; Schema: public; Owner: tabbycat
--

CREATE TABLE public.venues_venuecategory (
    id integer NOT NULL,
    name character varying(80) NOT NULL,
    description character varying(200) NOT NULL,
    display_in_venue_name character varying(1) NOT NULL,
    display_in_public_tooltip boolean NOT NULL,
    tournament_id integer
);


ALTER TABLE public.venues_venuecategory OWNER TO tabbycat;

--
-- Name: venues_venuecategory_id_seq; Type: SEQUENCE; Schema: public; Owner: tabbycat
--

ALTER TABLE public.venues_venuecategory ALTER COLUMN id ADD GENERATED BY DEFAULT AS IDENTITY (
    SEQUENCE NAME public.venues_venuecategory_id_seq
    START WITH 1
    INCREMENT BY 1
    NO MINVALUE
    NO MAXVALUE
    CACHE 1
);


--
-- Name: venues_venuecategory_venues; Type: TABLE; Schema: public; Owner: tabbycat
--

CREATE TABLE public.venues_venuecategory_venues (
    id integer NOT NULL,
    venuecategory_id integer NOT NULL,
    venue_id integer NOT NULL
);


ALTER TABLE public.venues_venuecategory_venues OWNER TO tabbycat;

--
-- Name: venues_venuecategory_venues_id_seq; Type: SEQUENCE; Schema: public; Owner: tabbycat
--

ALTER TABLE public.venues_venuecategory_venues ALTER COLUMN id ADD GENERATED BY DEFAULT AS IDENTITY (
    SEQUENCE NAME public.venues_venuecategory_venues_id_seq
    START WITH 1
    INCREMENT BY 1
    NO MINVALUE
    NO MAXVALUE
    CACHE 1
);


--
-- Name: venues_venueconstraint; Type: TABLE; Schema: public; Owner: tabbycat
--

CREATE TABLE public.venues_venueconstraint (
    id integer NOT NULL,
    priority integer NOT NULL,
    subject_id integer NOT NULL,
    category_id integer NOT NULL,
    subject_content_type_id integer NOT NULL,
    CONSTRAINT venues_venueconstraint_subject_id_check CHECK ((subject_id >= 0))
);


ALTER TABLE public.venues_venueconstraint OWNER TO tabbycat;

--
-- Name: venues_venueconstraint_id_seq; Type: SEQUENCE; Schema: public; Owner: tabbycat
--

ALTER TABLE public.venues_venueconstraint ALTER COLUMN id ADD GENERATED BY DEFAULT AS IDENTITY (
    SEQUENCE NAME public.venues_venueconstraint_id_seq
    START WITH 1
    INCREMENT BY 1
    NO MINVALUE
    NO MAXVALUE
    CACHE 1
);


--
-- Data for Name: actionlog_actionlogentry; Type: TABLE DATA; Schema: public; Owner: tabbycat
--

COPY public.actionlog_actionlogentry (id, type, "timestamp", ip_address, object_id, content_type_id, round_id, tournament_id, user_id, agent) FROM stdin;
1	si.adju	2025-11-21 10:48:55.013442+00	85.105.154.26	1	54	\N	1	1	w
2	si.venu	2025-11-21 10:50:55.580227+00	85.105.154.26	1	54	\N	1	1	w
3	si.team	2025-11-21 11:25:46.282393+00	85.105.154.26	1	54	\N	1	1	w
4	si.team	2025-11-21 11:28:45.664459+00	85.105.154.26	1	54	\N	1	1	w
5	av.tm.save	2025-11-22 06:08:05.974617+00	178.246.136.218	1	53	1	1	1	w
6	av.tm.save	2025-11-22 06:08:11.76082+00	178.246.136.218	1	53	1	1	1	w
7	av.tm.save	2025-11-22 06:08:16.339839+00	178.246.136.218	1	53	1	1	1	w
8	av.tm.save	2025-11-22 06:08:18.455704+00	178.246.136.218	1	53	1	1	1	w
9	av.tm.save	2025-11-22 06:08:23.428993+00	178.246.136.218	1	53	1	1	1	w
10	av.tm.save	2025-11-22 06:15:03.889923+00	178.246.136.218	1	53	1	1	1	w
11	av.tm.save	2025-11-22 06:23:36.096019+00	178.246.136.218	1	53	1	1	1	w
12	av.tm.save	2025-11-22 06:23:36.923857+00	178.246.136.218	1	53	1	1	1	w
13	av.tm.save	2025-11-22 06:23:38.275158+00	178.246.136.218	1	53	1	1	1	w
14	av.aj.save	2025-11-22 06:24:01.32499+00	178.246.136.218	1	53	1	1	1	w
15	av.aj.save	2025-11-22 06:24:19.56369+00	178.246.136.218	1	53	1	1	1	w
16	av.ve.save	2025-11-22 06:25:16.780842+00	178.246.136.218	1	53	1	1	1	w
17	av.ve.save	2025-11-22 06:25:16.878674+00	178.246.136.218	1	53	1	1	1	w
18	dr.crea	2025-11-22 06:25:42.395631+00	178.246.136.218	1	53	1	1	1	w
19	dr.conf	2025-11-22 06:26:08.040087+00	178.246.136.218	1	53	1	1	1	w
20	mo.edit	2025-11-22 06:31:14.642414+00	178.246.136.218	1	33	1	1	1	w
21	dr.rele	2025-11-22 06:31:20.438971+00	178.246.136.218	1	53	1	1	1	w
22	mo.rele	2025-11-22 08:05:38.001401+00	178.246.136.218	1	53	1	1	1	w
23	mo.rele	2025-11-22 08:05:40.466899+00	178.246.136.218	1	53	1	1	1	w
24	ba.crea	2025-11-22 08:07:26.512795+00	178.246.136.218	1	45	1	1	1	w
25	ba.crea	2025-11-22 08:08:47.886721+00	178.246.136.218	2	45	1	1	1	w
26	ba.crea	2025-11-22 08:10:51.502452+00	178.246.136.218	3	45	1	1	1	w
27	ba.crea	2025-11-22 08:12:51.129594+00	178.246.136.218	4	45	1	1	1	w
28	ba.crea	2025-11-22 08:15:09.603612+00	178.246.136.218	5	45	1	1	1	w
29	ba.crea	2025-11-22 08:17:12.72545+00	178.246.136.218	6	45	1	1	1	w
30	ba.crea	2025-11-22 08:18:37.898927+00	178.246.136.218	7	45	1	1	1	w
31	rd.comp	2025-11-22 08:19:01.428045+00	178.246.136.218	1	53	1	1	1	w
32	av.tm.save	2025-11-22 08:19:16.650104+00	178.246.136.218	2	53	2	1	1	w
33	av.aj.save	2025-11-22 08:19:29.535447+00	178.246.136.218	2	53	2	1	1	w
34	av.ve.save	2025-11-22 08:19:36.022926+00	178.246.136.218	2	53	2	1	1	w
35	dr.crea	2025-11-22 08:46:00.048252+00	178.246.136.218	2	53	2	1	1	w
36	dr.conf	2025-11-22 08:46:05.299802+00	178.246.136.218	2	53	2	1	1	w
37	dr.rele	2025-11-22 08:49:58.594084+00	178.246.136.218	2	53	2	1	1	w
38	mo.edit	2025-11-22 08:51:36.565414+00	178.246.136.218	2	33	2	1	1	w
39	mo.rele	2025-11-22 08:59:25.661922+00	178.246.136.218	2	53	2	1	1	w
40	mo.rele	2025-11-22 08:59:27.779988+00	178.246.136.218	2	53	2	1	1	w
41	ba.subm	2025-11-22 09:48:40.027438+00	176.237.0.192	8	45	2	1	\N	w
42	ba.subm	2025-11-22 09:52:02.712747+00	37.154.172.243	9	45	2	1	1	w
43	ba.subm	2025-11-22 10:02:24.079197+00	176.54.83.3	10	45	2	1	\N	w
44	ba.subm	2025-11-22 10:10:36.990993+00	2a00:1880:a005:5330:187a:4c39:358f:481	11	45	2	1	\N	w
45	ba.conf	2025-11-22 10:11:09.126591+00	178.246.136.218	11	45	2	1	1	w
46	ba.conf	2025-11-22 10:11:20.800086+00	178.246.136.218	9	45	2	1	1	w
47	ba.conf	2025-11-22 10:12:24.86097+00	178.246.136.218	8	45	2	1	1	w
48	ba.conf	2025-11-22 10:12:37.093159+00	178.246.136.218	10	45	2	1	1	w
49	ba.subm	2025-11-22 10:15:24.963833+00	5.47.139.240	12	45	2	1	\N	w
50	ba.conf	2025-11-22 10:15:37.91939+00	178.246.136.218	12	45	2	1	1	w
51	ba.subm	2025-11-22 10:21:22.95661+00	176.216.38.19	13	45	2	1	\N	w
52	ba.conf	2025-11-22 10:23:44.645023+00	178.246.136.218	13	45	2	1	1	w
53	ba.subm	2025-11-22 10:24:04.885906+00	151.135.92.0	14	45	2	1	\N	w
54	ba.conf	2025-11-22 10:24:19.652075+00	178.246.136.218	14	45	2	1	1	w
55	rd.comp	2025-11-22 10:24:26.641946+00	178.246.136.218	2	53	2	1	1	w
56	av.tm.save	2025-11-22 10:24:31.636301+00	178.246.136.218	3	53	3	1	1	w
57	av.aj.save	2025-11-22 10:24:38.126689+00	178.246.136.218	3	53	3	1	1	w
58	av.ve.save	2025-11-22 10:24:45.75711+00	178.246.136.218	3	53	3	1	1	w
59	dr.crea	2025-11-22 10:24:48.832408+00	178.246.136.218	3	53	3	1	1	w
60	dr.conf	2025-11-22 10:24:51.055074+00	178.246.136.218	3	53	3	1	1	w
61	mo.edit	2025-11-22 11:02:49.241927+00	178.246.136.218	3	33	3	1	1	w
62	dr.rele	2025-11-22 11:02:51.806595+00	178.246.136.218	3	53	3	1	1	w
63	mo.rele	2025-11-22 11:10:21.058917+00	178.246.136.218	3	53	3	1	1	w
64	ba.subm	2025-11-22 12:09:53.211913+00	176.54.83.3	15	45	3	1	\N	w
65	ba.subm	2025-11-22 12:12:28.131975+00	176.216.38.19	16	45	3	1	\N	w
66	ba.subm	2025-11-22 12:18:51.156272+00	178.246.136.218	17	45	3	1	\N	w
67	ba.crea	2025-11-22 12:23:15.219106+00	81.215.234.44	18	45	3	1	1	w
68	ba.conf	2025-11-22 12:23:22.407814+00	81.215.234.44	16	45	3	1	1	w
69	ba.conf	2025-11-22 12:23:30.157986+00	81.215.234.44	15	45	3	1	1	w
70	ba.conf	2025-11-22 12:23:38.867441+00	81.215.234.44	17	45	3	1	1	w
71	ba.subm	2025-11-22 12:32:02.180718+00	5.47.139.240	19	45	3	1	\N	w
72	ba.subm	2025-11-22 12:32:04.164121+00	176.237.0.192	20	45	3	1	\N	w
73	ba.conf	2025-11-22 12:34:23.585118+00	81.215.234.44	19	45	3	1	1	w
74	ba.conf	2025-11-22 12:34:31.918476+00	81.215.234.44	20	45	3	1	1	w
75	ba.subm	2025-11-22 12:35:27.752477+00	2a00:1880:a00a:f700:187a:53dc:1242:1d20	21	45	3	1	\N	w
76	ba.conf	2025-11-22 12:37:23.452702+00	81.215.234.44	21	45	3	1	1	w
77	rd.comp	2025-11-22 12:37:31.741416+00	81.215.234.44	3	53	3	1	1	w
78	av.tm.save	2025-11-22 12:37:35.691922+00	81.215.234.44	4	53	4	1	1	w
79	av.aj.save	2025-11-22 12:37:47.685046+00	81.215.234.44	4	53	4	1	1	w
80	av.ve.save	2025-11-22 12:37:53.495091+00	81.215.234.44	4	53	4	1	1	w
81	dr.crea	2025-11-22 12:37:55.604585+00	81.215.234.44	4	53	4	1	1	w
82	dr.conf	2025-11-22 12:38:15.397238+00	81.215.234.44	4	53	4	1	1	w
83	dr.rele	2025-11-22 12:45:46.91362+00	81.215.234.44	4	53	4	1	1	w
84	mo.edit	2025-11-22 13:04:27.993357+00	81.215.234.44	4	33	4	1	1	w
85	ba.crea	2025-11-22 14:22:37.641344+00	81.215.234.44	22	45	4	1	1	w
86	ba.subm	2025-11-22 14:23:02.690947+00	176.55.167.68	23	45	4	1	\N	w
87	ba.subm	2025-11-22 14:28:10.399659+00	5.47.139.240	24	45	4	1	\N	w
88	ba.conf	2025-11-22 14:28:13.556074+00	81.215.234.44	23	45	4	1	1	w
89	ba.conf	2025-11-22 14:28:21.488397+00	81.215.234.44	24	45	4	1	1	w
90	ba.subm	2025-11-22 14:30:53.399594+00	151.135.92.0	25	45	4	1	\N	w
91	ba.subm	2025-11-22 14:31:08.944383+00	2a00:1880:a00a:f700:187a:53dc:1242:1d20	26	45	4	1	\N	w
92	ba.conf	2025-11-22 14:31:10.132887+00	81.215.234.44	24	45	4	1	1	w
93	ba.conf	2025-11-22 14:31:16.841826+00	81.215.234.44	25	45	4	1	1	w
94	ba.conf	2025-11-22 14:31:21.878554+00	81.215.234.44	26	45	4	1	1	w
95	ba.subm	2025-11-22 14:32:21.898658+00	176.237.0.192	27	45	4	1	\N	w
96	ba.conf	2025-11-22 14:32:57.492229+00	81.215.234.44	27	45	4	1	1	w
97	ba.subm	2025-11-22 14:46:46.175936+00	176.237.0.192	28	45	4	1	\N	w
98	ba.conf	2025-11-22 14:46:55.214203+00	81.215.234.44	28	45	4	1	1	w
99	si.team	2025-11-23 23:10:01.032343+00	2a00:1880:a342:b55a:e013:808e:fe:164e	2	54	\N	2	1	w
100	si.team	2025-11-23 23:15:09.499414+00	2a00:1880:a342:b55a:e013:808e:fe:164e	2	54	\N	2	1	w
101	si.team	2025-11-23 23:17:25.764018+00	2a00:1880:a342:b55a:e013:808e:fe:164e	2	54	\N	2	1	w
102	si.team	2025-11-23 23:21:48.954364+00	2a00:1880:a342:b55a:e013:808e:fe:164e	2	54	\N	2	1	w
103	si.venu	2025-11-23 23:22:59.925798+00	2a00:1880:a342:b55a:e013:808e:fe:164e	2	54	\N	2	1	w
104	si.adju	2025-11-23 23:27:33.228742+00	2a00:1880:a342:b55a:e013:808e:fe:164e	2	54	\N	2	1	w
105	ac.at.edit	2025-11-23 23:28:09.568268+00	2a00:1880:a342:b55a:e013:808e:fe:164e	2	54	\N	2	1	w
106	ac.at.edit	2025-11-23 23:34:03.865893+00	2a00:1880:a342:b55a:e013:808e:fe:164e	2	54	\N	2	1	w
107	av.tm.save	2025-11-24 06:17:28.852105+00	2a00:1880:a342:b55a:3096:e5a:3c74:8c85	5	53	5	2	1	w
108	av.aj.save	2025-11-24 06:17:33.161858+00	2a00:1880:a342:b55a:3096:e5a:3c74:8c85	5	53	5	2	1	w
109	av.ve.save	2025-11-24 06:17:37.362377+00	2a00:1880:a342:b55a:3096:e5a:3c74:8c85	5	53	5	2	1	w
110	dr.crea	2025-11-24 06:17:39.505548+00	2a00:1880:a342:b55a:3096:e5a:3c74:8c85	5	53	5	2	1	w
111	dr.conf	2025-11-24 06:17:43.279598+00	2a00:1880:a342:b55a:3096:e5a:3c74:8c85	5	53	5	2	1	w
112	mo.edit	2025-11-24 06:23:42.227546+00	2a00:1880:a342:b55a:3096:e5a:3c74:8c85	5	33	5	2	1	w
113	dr.rele	2025-11-24 06:23:47.680538+00	2a00:1880:a342:b55a:3096:e5a:3c74:8c85	5	53	5	2	1	w
114	rd.edit	2025-11-24 07:08:32.568807+00	2a00:1880:a342:b55a:240d:1d17:7345:888c	5	53	\N	2	1	a
115	mo.unre	2025-11-24 07:09:43.279174+00	2a00:1880:a342:b55a:240d:1d17:7345:888c	5	53	5	2	1	w
116	ba.subm	2025-11-24 09:01:38.987166+00	5.47.198.183	29	45	5	2	1	w
117	ba.subm	2025-11-24 09:02:05.679557+00	176.89.229.65	30	45	5	2	\N	w
118	ba.subm	2025-11-24 09:15:48.227768+00	31.143.48.61	31	45	5	2	\N	w
119	mo.rele	2025-11-24 09:25:36.843943+00	2a00:1880:a342:b55a:2db8:117f:2a1b:a4b0	5	53	5	2	1	w
120	mo.rele	2025-11-24 09:25:38.308058+00	2a00:1880:a342:b55a:2db8:117f:2a1b:a4b0	5	53	5	2	1	w
121	ba.conf	2025-11-24 09:25:48.710173+00	2a00:1880:a342:b55a:2db8:117f:2a1b:a4b0	30	45	5	2	1	w
122	ba.conf	2025-11-24 09:25:55.748648+00	2a00:1880:a342:b55a:2db8:117f:2a1b:a4b0	29	45	5	2	1	w
123	ba.conf	2025-11-24 09:26:05.873677+00	2a00:1880:a342:b55a:2db8:117f:2a1b:a4b0	31	45	5	2	1	w
124	ba.crea	2025-11-24 09:26:50.915233+00	2a00:1880:a342:b55a:2db8:117f:2a1b:a4b0	32	45	5	2	1	w
125	ba.crea	2025-11-24 09:27:45.30145+00	2a00:1880:a342:b55a:2db8:117f:2a1b:a4b0	33	45	5	2	1	w
126	ba.crea	2025-11-24 09:28:33.940468+00	2a00:1880:a342:b55a:2db8:117f:2a1b:a4b0	34	45	5	2	1	w
127	ba.conf	2025-11-24 09:28:50.410618+00	2a00:1880:a342:b55a:2db8:117f:2a1b:a4b0	33	45	5	2	1	w
128	rd.comp	2025-11-24 09:28:55.644561+00	2a00:1880:a342:b55a:2db8:117f:2a1b:a4b0	5	53	5	2	1	w
129	av.tm.save	2025-11-24 09:29:01.808101+00	2a00:1880:a342:b55a:2db8:117f:2a1b:a4b0	6	53	6	2	1	w
130	av.aj.save	2025-11-24 09:29:07.712548+00	2a00:1880:a342:b55a:2db8:117f:2a1b:a4b0	6	53	6	2	1	w
131	av.ve.save	2025-11-24 09:29:14.469394+00	2a00:1880:a342:b55a:2db8:117f:2a1b:a4b0	6	53	6	2	1	w
132	dr.crea	2025-11-24 09:29:16.602043+00	2a00:1880:a342:b55a:2db8:117f:2a1b:a4b0	6	53	6	2	1	w
133	dr.conf	2025-11-24 09:29:21.417665+00	2a00:1880:a342:b55a:2db8:117f:2a1b:a4b0	6	53	6	2	1	w
134	mo.edit	2025-11-24 09:34:52.622024+00	2a00:1880:a342:b55a:2db8:117f:2a1b:a4b0	6	33	6	2	1	w
135	dr.rele	2025-11-24 09:37:49.763147+00	2a00:1880:a342:b55a:2db8:117f:2a1b:a4b0	6	53	6	2	1	w
136	dr.unre	2025-11-24 09:38:33.779609+00	2a00:1880:a342:b55a:2db8:117f:2a1b:a4b0	6	53	6	2	1	w
137	dr.rele	2025-11-24 09:38:36.915246+00	2a00:1880:a342:b55a:2db8:117f:2a1b:a4b0	6	53	6	2	1	w
138	dr.unre	2025-11-24 09:38:41.311176+00	2a00:1880:a342:b55a:2db8:117f:2a1b:a4b0	6	53	6	2	1	w
139	dr.rele	2025-11-24 09:38:43.158173+00	2a00:1880:a342:b55a:2db8:117f:2a1b:a4b0	6	53	6	2	1	w
140	dr.rele	2025-11-24 09:38:49.388367+00	2a00:1880:a342:b55a:2db8:117f:2a1b:a4b0	6	53	6	2	1	w
141	mo.rele	2025-11-24 09:41:50.748762+00	2a00:1880:a342:b55a:2db8:117f:2a1b:a4b0	6	53	6	2	1	w
142	mo.rele	2025-11-24 09:41:52.612107+00	2a00:1880:a342:b55a:2db8:117f:2a1b:a4b0	6	53	6	2	1	w
143	ba.subm	2025-11-24 11:17:19.837118+00	37.155.242.69	35	45	6	2	\N	w
144	ba.subm	2025-11-24 11:42:51.144444+00	5.176.133.206	36	45	6	2	1	w
145	ba.subm	2025-11-24 11:52:47.620275+00	5.176.150.19	37	45	6	2	\N	w
146	ba.subm	2025-11-24 11:56:38.685156+00	5.47.241.249	38	45	6	2	\N	w
147	ba.crea	2025-11-24 12:05:31.860529+00	176.54.152.90	39	45	6	2	1	w
148	ba.conf	2025-11-24 12:05:50.566591+00	176.54.152.90	35	45	6	2	1	w
149	ba.conf	2025-11-24 12:05:58.854029+00	176.54.152.90	36	45	6	2	1	w
150	ba.conf	2025-11-24 12:06:06.303106+00	176.54.152.90	37	45	6	2	1	w
151	ba.conf	2025-11-24 12:06:13.259349+00	176.54.152.90	38	45	6	2	1	w
152	ba.subm	2025-11-24 12:08:08.834007+00	176.237.108.119	40	45	6	2	\N	w
153	ba.conf	2025-11-24 12:08:40.283851+00	176.54.152.90	40	45	6	2	1	w
154	rd.comp	2025-11-24 12:08:44.126517+00	176.54.152.90	6	53	6	2	1	w
155	av.tm.save	2025-11-24 12:08:47.714897+00	176.54.152.90	7	53	7	2	1	w
156	av.aj.save	2025-11-24 12:08:51.608365+00	176.54.152.90	7	53	7	2	1	w
157	av.ve.save	2025-11-24 12:08:54.874303+00	176.54.152.90	7	53	7	2	1	w
158	dr.crea	2025-11-24 12:08:57.495609+00	176.54.152.90	7	53	7	2	1	w
159	dr.conf	2025-11-24 12:08:59.897765+00	176.54.152.90	7	53	7	2	1	w
160	dr.rele	2025-11-24 12:29:13.052679+00	176.54.152.90	7	53	7	2	1	w
161	dr.unre	2025-11-24 12:34:11.164167+00	176.54.152.90	7	53	7	2	1	w
162	dr.rele	2025-11-24 12:40:40.888553+00	176.54.152.90	7	53	7	2	1	w
163	ba.subm	2025-11-24 14:14:43.3484+00	176.89.229.65	41	45	7	2	\N	w
164	ba.subm	2025-11-24 14:25:10.945635+00	5.176.133.206	42	45	7	2	1	w
165	ba.subm	2025-11-24 14:26:49.625227+00	37.155.242.69	43	45	7	2	\N	w
166	ba.subm	2025-11-24 14:27:03.729531+00	176.237.108.119	44	45	7	2	\N	w
167	ba.subm	2025-11-24 14:29:00.06326+00	94.235.207.192	45	45	7	2	\N	w
168	ba.conf	2025-11-24 14:31:02.659926+00	176.54.152.90	41	45	7	2	1	w
169	ba.conf	2025-11-24 14:31:11.574746+00	176.54.152.90	43	45	7	2	1	w
170	ba.conf	2025-11-24 14:31:18.706503+00	176.54.152.90	42	45	7	2	1	w
171	ba.conf	2025-11-24 14:31:26.463165+00	176.54.152.90	44	45	7	2	1	w
172	ba.conf	2025-11-24 14:31:34.40407+00	176.54.152.90	45	45	7	2	1	w
173	ba.crea	2025-11-24 14:38:55.700356+00	176.54.152.90	46	45	7	2	1	w
174	rd.comp	2025-11-24 14:39:05.207384+00	176.54.152.90	7	53	7	2	1	w
175	br.gene	2025-11-24 14:39:09.420306+00	176.54.152.90	2	54	\N	2	1	w
176	av.aj.save	2025-11-24 14:52:34.963406+00	176.54.152.90	9	53	9	2	1	w
177	av.aj.save	2025-11-24 14:52:37.897256+00	176.54.152.90	9	53	9	2	1	w
178	av.aj.save	2025-11-24 14:52:40.515888+00	176.54.152.90	9	53	9	2	1	w
179	av.aj.save	2025-11-24 14:52:41.478258+00	176.54.152.90	9	53	9	2	1	w
180	av.aj.save	2025-11-24 14:52:46.184629+00	176.54.152.90	9	53	9	2	1	w
181	av.aj.save	2025-11-24 14:52:48.443789+00	176.54.152.90	9	53	9	2	1	w
182	av.aj.save	2025-11-24 14:52:53.376292+00	176.54.152.90	9	53	9	2	1	w
183	av.aj.save	2025-11-24 14:53:10.472387+00	176.54.152.90	9	53	9	2	1	w
184	av.aj.save	2025-11-24 14:53:18.79839+00	176.54.152.90	9	53	9	2	1	w
185	av.aj.save	2025-11-24 14:53:26.646646+00	176.54.152.90	9	53	9	2	1	w
186	av.ve.save	2025-11-24 14:53:49.435906+00	176.54.152.90	9	53	9	2	1	w
187	av.ve.save	2025-11-24 14:53:50.472832+00	176.54.152.90	9	53	9	2	1	w
188	dr.crea	2025-11-24 14:53:55.872728+00	176.54.152.90	9	53	9	2	1	w
189	dr.conf	2025-11-24 14:54:12.037966+00	176.54.152.90	9	53	9	2	1	w
190	dr.rele	2025-11-24 14:55:22.291807+00	176.54.152.90	9	53	9	2	1	w
191	si.team	2025-11-24 15:59:33.325293+00	176.54.152.90	3	54	\N	3	1	w
192	si.venu	2025-11-24 16:00:25.585339+00	176.54.152.90	3	54	\N	3	1	w
193	si.adju	2025-11-24 16:02:23.815998+00	176.54.152.90	3	54	\N	3	1	w
194	si.team	2025-11-24 16:04:56.206909+00	176.54.152.90	4	54	\N	4	1	w
195	si.adju	2025-11-24 16:05:02.965325+00	176.54.152.90	4	54	\N	4	1	w
196	si.venu	2025-11-24 16:05:11.372334+00	176.54.152.90	4	54	\N	4	1	w
197	av.tm.save	2025-11-24 16:05:43.768886+00	176.54.152.90	15	53	15	4	1	w
198	av.tm.save	2025-11-24 16:05:44.444716+00	176.54.152.90	15	53	15	4	1	w
199	av.tm.save	2025-11-24 16:05:45.253092+00	176.54.152.90	15	53	15	4	1	w
200	av.tm.save	2025-11-24 16:05:46.629796+00	176.54.152.90	15	53	15	4	1	w
201	av.tm.save	2025-11-24 16:05:47.269592+00	176.54.152.90	15	53	15	4	1	w
202	av.tm.save	2025-11-24 16:05:47.916843+00	176.54.152.90	15	53	15	4	1	w
203	av.tm.save	2025-11-24 16:05:48.545223+00	176.54.152.90	15	53	15	4	1	w
204	av.tm.save	2025-11-24 16:05:49.338067+00	176.54.152.90	15	53	15	4	1	w
205	av.aj.save	2025-11-24 16:06:04.201223+00	176.54.152.90	15	53	15	4	1	w
206	av.aj.save	2025-11-24 16:06:05.678811+00	176.54.152.90	15	53	15	4	1	w
207	av.ve.save	2025-11-24 16:06:11.886676+00	176.54.152.90	15	53	15	4	1	w
208	av.ve.save	2025-11-24 16:06:12.603653+00	176.54.152.90	15	53	15	4	1	w
209	dr.crea	2025-11-24 16:06:17.505295+00	176.54.152.90	15	53	15	4	1	w
210	dr.conf	2025-11-24 16:06:24.051083+00	176.54.152.90	15	53	15	4	1	w
211	ba.crea	2025-11-24 16:10:14.42699+00	176.54.152.90	47	45	15	4	1	w
212	ba.crea	2025-11-24 16:10:53.332161+00	176.54.152.90	48	45	15	4	1	w
213	rd.comp	2025-11-24 16:11:06.236539+00	176.54.152.90	15	53	15	4	1	w
214	av.tm.save	2025-11-24 16:11:22.360606+00	176.54.152.90	16	53	16	4	1	w
215	av.aj.save	2025-11-24 16:11:29.938663+00	176.54.152.90	16	53	16	4	1	w
216	av.ve.save	2025-11-24 16:11:36.306121+00	176.54.152.90	16	53	16	4	1	w
217	dr.crea	2025-11-24 16:11:38.659229+00	176.54.152.90	16	53	16	4	1	w
218	dr.conf	2025-11-24 16:11:44.159196+00	176.54.152.90	16	53	16	4	1	w
219	si.adju	2025-11-25 05:53:52.950013+00	2a00:1880:a18b:9429:39fc:811b:a76a:4cb5	3	54	\N	3	1	w
220	av.tm.save	2025-11-25 05:57:21.160099+00	2a00:1880:a18b:9429:39fc:811b:a76a:4cb5	10	53	10	3	1	w
221	av.aj.save	2025-11-25 05:57:24.87371+00	2a00:1880:a18b:9429:39fc:811b:a76a:4cb5	10	53	10	3	1	w
222	av.ve.save	2025-11-25 05:57:28.238017+00	2a00:1880:a18b:9429:39fc:811b:a76a:4cb5	10	53	10	3	1	w
223	dr.crea	2025-11-25 05:57:30.271511+00	2a00:1880:a18b:9429:39fc:811b:a76a:4cb5	10	53	10	3	1	w
224	dr.conf	2025-11-25 05:57:33.484884+00	2a00:1880:a18b:9429:39fc:811b:a76a:4cb5	10	53	10	3	1	w
225	mo.edit	2025-11-25 06:03:59.934298+00	2a00:1880:a18b:9429:39fc:811b:a76a:4cb5	7	33	10	3	1	w
226	dr.rele	2025-11-25 06:04:19.946359+00	2a00:1880:a18b:9429:39fc:811b:a76a:4cb5	10	53	10	3	1	w
227	ba.subm	2025-11-25 08:30:22.958285+00	176.237.108.119	49	45	10	3	\N	w
228	ba.subm	2025-11-25 08:34:15.26234+00	94.235.207.192	50	45	10	3	\N	w
229	ba.subm	2025-11-25 08:38:38.492696+00	37.155.242.69	51	45	10	3	\N	w
230	ba.crea	2025-11-25 08:44:01.044714+00	151.135.150.101	52	45	10	3	1	w
231	ba.crea	2025-11-25 08:45:11.970697+00	151.135.150.101	53	45	10	3	1	w
232	ba.conf	2025-11-25 08:46:35.455364+00	151.135.150.101	50	45	10	3	1	w
233	ba.conf	2025-11-25 08:46:46.082787+00	151.135.150.101	49	45	10	3	1	w
234	ba.crea	2025-11-25 08:48:34.631953+00	151.135.150.101	54	45	10	3	1	w
235	ba.conf	2025-11-25 08:52:35.031977+00	151.135.150.101	51	45	10	3	1	w
236	rd.comp	2025-11-25 08:52:43.90831+00	151.135.150.101	10	53	10	3	1	w
237	av.tm.save	2025-11-25 08:53:11.840686+00	151.135.150.101	11	53	11	3	1	w
238	av.aj.save	2025-11-25 08:53:18.914385+00	151.135.150.101	11	53	11	3	1	w
239	av.ve.save	2025-11-25 08:53:26.271167+00	151.135.150.101	11	53	11	3	1	w
240	dr.crea	2025-11-25 08:53:30.629369+00	151.135.150.101	11	53	11	3	1	w
241	dr.conf	2025-11-25 08:54:04.717398+00	151.135.150.101	11	53	11	3	1	w
242	dr.rele	2025-11-25 09:01:53.528577+00	151.135.150.101	11	53	11	3	1	w
243	dr.unre	2025-11-25 09:02:17.365227+00	151.135.150.101	11	53	11	3	1	w
244	dr.rele	2025-11-25 09:02:37.941335+00	151.135.150.101	11	53	11	3	1	w
245	ba.crea	2025-11-25 10:36:05.5856+00	5.47.247.182	55	45	11	3	1	w
246	ba.subm	2025-11-25 10:38:21.108223+00	94.235.207.192	56	45	11	3	\N	w
247	ba.crea	2025-11-25 10:38:39.385245+00	5.47.247.182	57	45	11	3	1	w
248	ba.conf	2025-11-25 10:38:49.31966+00	5.47.247.182	56	45	11	3	1	w
249	op.edit	2025-11-25 10:47:21.012604+00	5.47.247.182	2	54	\N	2	1	w
250	op.edit	2025-11-25 10:47:56.841878+00	5.47.247.182	2	54	\N	2	1	w
251	ba.subm	2025-11-25 10:48:45.870276+00	176.237.108.119	58	45	11	3	\N	w
252	ba.crea	2025-11-25 10:49:35.854504+00	5.47.247.182	59	45	11	3	1	w
253	ba.conf	2025-11-25 10:49:51.202087+00	5.47.247.182	58	45	11	3	1	w
254	ba.crea	2025-11-25 11:25:02.755914+00	2a00:1880:a18b:9429:187b:2185:cd7f:a3b3	60	45	11	3	1	w
255	rd.comp	2025-11-25 11:25:09.910022+00	2a00:1880:a18b:9429:187b:2185:cd7f:a3b3	11	53	11	3	1	w
256	av.tm.save	2025-11-25 11:39:36.562995+00	2a00:1880:a18b:9429:1d1e:9c0c:cd99:f38a	12	53	12	3	1	w
257	av.aj.save	2025-11-25 11:39:42.262945+00	2a00:1880:a18b:9429:1d1e:9c0c:cd99:f38a	12	53	12	3	1	w
258	av.ve.save	2025-11-25 11:39:46.940591+00	2a00:1880:a18b:9429:1d1e:9c0c:cd99:f38a	12	53	12	3	1	w
259	dr.crea	2025-11-25 11:39:50.255024+00	2a00:1880:a18b:9429:1d1e:9c0c:cd99:f38a	12	53	12	3	1	w
260	dr.conf	2025-11-25 11:39:52.403255+00	2a00:1880:a18b:9429:1d1e:9c0c:cd99:f38a	12	53	12	3	1	w
261	dr.rele	2025-11-25 12:03:40.218008+00	46.154.209.83	12	53	12	3	1	w
262	ba.crea	2025-11-25 13:48:01.020859+00	2a00:1880:a146:98e4:fcc2:cd7e:97c:fbab	61	45	12	3	1	w
263	ba.crea	2025-11-25 13:48:44.02654+00	2a00:1880:a146:98e4:fcc2:cd7e:97c:fbab	62	45	12	3	1	w
264	ba.crea	2025-11-25 13:52:22.309199+00	2a00:1880:a146:98e4:fcc2:cd7e:97c:fbab	63	45	12	3	1	w
265	ba.subm	2025-11-25 13:53:17.315991+00	94.235.207.192	64	45	12	3	\N	w
266	ba.conf	2025-11-25 13:54:44.224961+00	2a00:1880:a146:98e4:3129:98a7:5b4e:fa6e	64	45	12	3	1	w
267	ba.crea	2025-11-25 13:57:08.41635+00	2a00:1880:a146:98e4:3129:98a7:5b4e:fa6e	65	45	12	3	1	w
268	ba.conf	2025-11-25 13:58:46.671118+00	2a00:1880:a146:98e4:3129:98a7:5b4e:fa6e	64	45	12	3	1	w
269	ba.crea	2025-11-25 14:01:10.907635+00	2a00:1880:a146:98e4:3129:98a7:5b4e:fa6e	66	45	12	3	1	w
270	rd.comp	2025-11-25 14:01:15.646757+00	2a00:1880:a146:98e4:3129:98a7:5b4e:fa6e	12	53	12	3	1	w
271	br.gene	2025-11-25 14:01:31.911693+00	2a00:1880:a146:98e4:3129:98a7:5b4e:fa6e	3	54	\N	3	1	w
272	br.upda	2025-11-25 14:27:06.112347+00	2a00:1880:a146:98e4:5d81:3269:95fd:c61b	2	22	\N	3	1	w
273	av.aj.save	2025-11-25 14:27:22.558105+00	2a00:1880:a146:98e4:5d81:3269:95fd:c61b	14	53	14	3	1	w
274	av.aj.save	2025-11-25 14:27:26.061455+00	2a00:1880:a146:98e4:5d81:3269:95fd:c61b	14	53	14	3	1	w
275	av.aj.save	2025-11-25 14:27:27.944579+00	2a00:1880:a146:98e4:5d81:3269:95fd:c61b	14	53	14	3	1	w
276	av.aj.save	2025-11-25 14:27:30.871143+00	2a00:1880:a146:98e4:5d81:3269:95fd:c61b	14	53	14	3	1	w
277	av.aj.save	2025-11-25 14:27:33.522627+00	2a00:1880:a146:98e4:5d81:3269:95fd:c61b	14	53	14	3	1	w
278	av.aj.save	2025-11-25 14:27:52.358903+00	2a00:1880:a146:98e4:5d81:3269:95fd:c61b	14	53	14	3	1	w
279	av.aj.save	2025-11-25 14:27:55.344666+00	2a00:1880:a146:98e4:5d81:3269:95fd:c61b	14	53	14	3	1	w
280	av.aj.save	2025-11-25 14:27:58.338156+00	2a00:1880:a146:98e4:5d81:3269:95fd:c61b	14	53	14	3	1	w
281	av.aj.save	2025-11-25 14:28:06.089906+00	2a00:1880:a146:98e4:5d81:3269:95fd:c61b	14	53	14	3	1	w
282	av.ve.save	2025-11-25 14:28:18.19024+00	2a00:1880:a146:98e4:5d81:3269:95fd:c61b	14	53	14	3	1	w
283	av.ve.save	2025-11-25 14:28:19.642201+00	2a00:1880:a146:98e4:5d81:3269:95fd:c61b	14	53	14	3	1	w
284	dr.crea	2025-11-25 14:28:23.564078+00	2a00:1880:a146:98e4:5d81:3269:95fd:c61b	14	53	14	3	1	w
285	dr.conf	2025-11-25 14:28:42.542371+00	2a00:1880:a146:98e4:5d81:3269:95fd:c61b	14	53	14	3	1	w
286	dr.rele	2025-11-25 14:31:42.965615+00	2a00:1880:a146:98e4:5d81:3269:95fd:c61b	14	53	14	3	1	w
287	dr.unre	2025-11-25 14:32:24.585391+00	2a00:1880:a146:98e4:5d81:3269:95fd:c61b	14	53	14	3	1	w
288	dr.rele	2025-11-25 14:32:26.163308+00	2a00:1880:a146:98e4:5d81:3269:95fd:c61b	14	53	14	3	1	w
289	dr.unre	2025-11-25 14:39:47.598511+00	2a00:1880:a146:98e4:5d81:3269:95fd:c61b	14	53	14	3	1	w
290	dr.rele	2025-11-25 14:40:00.107838+00	2a00:1880:a146:98e4:5d81:3269:95fd:c61b	14	53	14	3	1	w
291	op.edit	2025-11-26 15:22:27.617337+00	37.155.237.27	1	54	\N	1	1	w
292	op.edit	2025-11-26 15:23:03.491438+00	37.155.237.27	3	54	\N	3	1	w
293	op.edit	2025-11-26 15:23:53.297747+00	37.155.237.27	2	54	\N	2	1	w
294	op.edit	2025-11-26 18:13:40.063221+00	2a00:1880:a146:98e4:187b:3da6:a20d:a21f	3	54	\N	3	1	w
295	op.edit	2025-11-26 18:14:59.476605+00	2a00:1880:a146:98e4:187b:3da6:a20d:a21f	2	54	\N	2	1	w
296	si.venu	2025-12-05 20:26:36.878609+00	46.2.195.215	5	54	\N	5	1	w
297	si.team	2025-12-05 20:33:10.046336+00	46.2.195.215	5	54	\N	5	1	w
298	si.team	2025-12-05 20:51:47.442855+00	46.2.195.215	5	54	\N	5	1	w
299	si.adju	2025-12-05 21:06:09.319279+00	46.2.195.215	5	54	\N	5	1	w
300	av.tm.save	2025-12-06 06:39:37.031247+00	5.47.156.139	21	53	21	5	1	w
301	av.tm.save	2025-12-06 06:39:52.693421+00	5.47.156.139	21	53	21	5	1	w
302	av.tm.save	2025-12-06 06:40:40.576169+00	5.47.156.139	21	53	21	5	1	w
303	av.aj.save	2025-12-06 06:41:31.618245+00	5.47.156.139	21	53	21	5	1	w
304	av.tm.save	2025-12-06 06:42:14.27473+00	5.47.156.139	21	53	21	5	1	w
305	av.tm.save	2025-12-06 06:42:28.561208+00	5.47.156.139	21	53	21	5	1	w
306	av.tm.save	2025-12-06 06:42:34.03465+00	5.47.156.139	21	53	21	5	1	w
307	av.tm.save	2025-12-06 06:48:06.693494+00	5.47.156.139	21	53	21	5	1	w
308	av.tm.save	2025-12-06 06:48:10.765576+00	5.47.156.139	21	53	21	5	1	w
309	av.tm.save	2025-12-06 06:48:18.842073+00	5.47.156.139	21	53	21	5	1	w
310	av.tm.save	2025-12-06 06:54:39.660593+00	5.47.156.139	21	53	21	5	1	w
311	av.tm.save	2025-12-06 06:54:49.034618+00	5.47.156.139	21	53	21	5	1	w
312	av.ve.save	2025-12-06 06:56:33.897718+00	5.47.156.139	21	53	21	5	1	w
313	av.ve.save	2025-12-06 06:57:44.739426+00	5.47.156.139	21	53	21	5	1	w
314	dr.crea	2025-12-06 06:58:25.889683+00	5.47.156.139	21	53	21	5	1	w
315	dr.conf	2025-12-06 06:58:28.885873+00	5.47.156.139	21	53	21	5	1	w
316	mo.edit	2025-12-06 07:02:29.944471+00	5.47.156.139	8	33	21	5	1	w
317	dr.rele	2025-12-06 07:02:39.65966+00	5.47.156.139	21	53	21	5	1	w
318	mo.rele	2025-12-06 07:13:29.748563+00	5.47.156.139	21	53	21	5	1	w
319	mo.rele	2025-12-06 07:13:32.022163+00	5.47.156.139	21	53	21	5	1	w
320	ba.subm	2025-12-06 08:14:48.461032+00	31.143.224.135	67	45	21	5	\N	w
321	ba.subm	2025-12-06 08:17:10.020854+00	5.47.210.96	68	45	21	5	\N	w
322	ba.subm	2025-12-06 08:24:25.964556+00	46.154.59.49	69	45	21	5	\N	w
323	ba.subm	2025-12-06 08:27:14.790777+00	2a00:1880:a491:301f:187e:8adb:3933:ccf8	70	45	21	5	\N	w
324	ba.subm	2025-12-06 08:27:56.34263+00	46.104.47.30	71	45	21	5	\N	w
325	ba.subm	2025-12-06 08:28:11.201992+00	37.154.163.61	72	45	21	5	\N	w
326	ba.subm	2025-12-06 08:33:04.307038+00	176.89.33.219	73	45	21	5	\N	w
327	ba.subm	2025-12-06 08:33:26.317703+00	176.89.142.247	74	45	21	5	\N	w
328	ba.subm	2025-12-06 08:33:40.401943+00	176.55.238.214	75	45	21	5	\N	w
329	ba.subm	2025-12-06 08:33:56.996358+00	151.135.44.10	76	45	21	5	\N	w
330	ba.subm	2025-12-06 08:36:04.19562+00	37.154.168.214	77	45	21	5	\N	w
331	ba.crea	2025-12-06 08:42:15.883831+00	5.47.156.139	78	45	21	5	1	w
332	ba.conf	2025-12-06 08:42:25.982903+00	5.47.156.139	70	45	21	5	1	w
333	ba.conf	2025-12-06 08:42:35.758016+00	5.47.156.139	71	45	21	5	1	w
334	ba.conf	2025-12-06 08:42:51.951283+00	5.47.156.139	69	45	21	5	1	w
335	ba.conf	2025-12-06 08:46:30.831335+00	5.47.156.139	77	45	21	5	1	w
336	ba.conf	2025-12-06 08:46:41.089201+00	5.47.156.139	74	45	21	5	1	w
337	ba.conf	2025-12-06 08:46:49.754062+00	5.47.156.139	72	45	21	5	1	w
338	ba.conf	2025-12-06 08:47:00.353352+00	5.47.156.139	67	45	21	5	1	w
339	ba.conf	2025-12-06 08:47:11.916868+00	5.47.156.139	76	45	21	5	1	w
340	ba.conf	2025-12-06 08:47:21.59627+00	5.47.156.139	75	45	21	5	1	w
341	ba.conf	2025-12-06 08:50:27.084282+00	31.143.224.135	68	45	21	5	1	w
342	ba.conf	2025-12-06 08:52:14.275119+00	5.47.156.139	73	45	21	5	1	w
343	ba.crea	2025-12-06 08:53:52.085554+00	31.143.224.135	79	45	21	5	1	w
344	rd.comp	2025-12-06 08:54:32.977979+00	31.143.224.135	21	53	21	5	1	w
345	av.tm.save	2025-12-06 08:54:40.531526+00	31.143.224.135	22	53	22	5	1	w
346	av.tm.save	2025-12-06 08:54:51.577311+00	31.143.224.135	22	53	22	5	1	w
347	av.tm.save	2025-12-06 08:54:54.93153+00	31.143.224.135	22	53	22	5	1	w
348	av.aj.save	2025-12-06 08:57:14.880122+00	31.143.224.135	22	53	22	5	1	w
349	av.aj.save	2025-12-06 08:57:58.624276+00	31.143.224.135	22	53	22	5	1	w
350	av.ve.save	2025-12-06 08:58:13.416974+00	31.143.224.135	22	53	22	5	1	w
351	dr.crea	2025-12-06 08:59:00.995256+00	31.143.224.135	22	53	22	5	1	w
352	ba.crea	2025-12-06 09:00:28.283502+00	5.47.156.139	80	45	21	5	1	w
353	dr.conf	2025-12-06 09:01:24.396869+00	5.47.156.139	22	53	22	5	1	w
354	mo.edit	2025-12-06 09:26:48.406778+00	31.143.224.135	9	33	22	5	1	w
355	dr.rele	2025-12-06 09:27:01.546046+00	31.143.224.135	22	53	22	5	1	w
356	mo.rele	2025-12-06 09:39:08.228364+00	31.143.224.135	22	53	22	5	1	w
357	ba.subm	2025-12-06 10:40:48.339209+00	46.154.59.49	81	45	22	5	\N	w
358	ba.subm	2025-12-06 10:47:39.737929+00	176.89.33.219	82	45	22	5	\N	w
359	ba.subm	2025-12-06 10:54:39.211287+00	176.55.238.214	83	45	22	5	\N	w
360	ba.crea	2025-12-06 10:55:50.062388+00	5.47.156.139	84	45	22	5	1	w
361	ba.conf	2025-12-06 10:56:01.853635+00	5.47.156.139	82	45	22	5	1	w
362	ba.conf	2025-12-06 10:56:11.053083+00	5.47.156.139	83	45	22	5	1	w
363	ba.subm	2025-12-06 11:01:29.760866+00	176.89.142.247	85	45	22	5	\N	w
364	ba.subm	2025-12-06 11:04:06.472877+00	176.55.148.230	86	45	22	5	\N	w
365	ba.subm	2025-12-06 11:05:31.446538+00	46.104.47.30	87	45	22	5	\N	w
366	ba.subm	2025-12-06 11:05:42.588415+00	37.154.163.61	88	45	22	5	\N	w
367	ba.subm	2025-12-06 11:09:18.740181+00	37.154.168.214	89	45	22	5	\N	w
368	ba.conf	2025-12-06 11:15:33.060081+00	5.47.156.139	89	45	22	5	1	w
369	ba.conf	2025-12-06 11:15:43.269335+00	5.47.156.139	86	45	22	5	1	w
370	ba.conf	2025-12-06 11:15:53.415897+00	5.47.156.139	85	45	22	5	1	w
371	ba.conf	2025-12-06 11:16:03.807669+00	5.47.156.139	87	45	22	5	1	w
372	ba.conf	2025-12-06 11:16:13.771555+00	5.47.156.139	88	45	22	5	1	w
373	ba.crea	2025-12-06 11:19:12.534254+00	5.47.156.139	90	45	22	5	1	w
374	ba.subm	2025-12-06 11:23:09.359078+00	5.47.210.96	91	45	22	5	\N	w
375	ba.conf	2025-12-06 11:23:39.076522+00	5.47.156.139	91	45	22	5	1	w
376	ba.conf	2025-12-06 12:06:26.816926+00	37.154.183.176	81	45	22	5	1	w
377	ba.subm	2025-12-06 12:10:25.743321+00	37.154.183.176	92	45	22	5	\N	w
378	ba.conf	2025-12-06 12:12:18.856627+00	37.154.183.176	92	45	22	5	1	w
379	ba.subm	2025-12-06 12:14:22.897534+00	37.154.163.140	93	45	22	5	\N	w
380	ba.conf	2025-12-06 12:14:30.226814+00	37.154.183.176	93	45	22	5	1	w
381	rd.comp	2025-12-06 12:28:37.975839+00	37.154.183.176	22	53	22	5	1	w
382	av.tm.save	2025-12-06 12:28:43.061774+00	37.154.183.176	23	53	23	5	1	w
383	av.tm.save	2025-12-06 12:29:01.108617+00	37.154.183.176	23	53	23	5	1	w
384	av.tm.save	2025-12-06 12:29:08.966885+00	37.154.183.176	23	53	23	5	1	w
385	av.tm.save	2025-12-06 12:29:27.05979+00	37.154.183.176	23	53	23	5	1	w
386	av.tm.save	2025-12-06 12:29:37.470115+00	37.154.183.176	23	53	23	5	1	w
387	av.aj.save	2025-12-06 12:29:57.030692+00	37.154.183.176	23	53	23	5	1	w
388	av.ve.save	2025-12-06 12:30:07.329288+00	37.154.183.176	23	53	23	5	1	w
389	av.ve.save	2025-12-06 12:30:09.731226+00	37.154.183.176	23	53	23	5	1	w
390	dr.crea	2025-12-06 12:30:22.302175+00	37.154.183.176	23	53	23	5	1	w
391	dr.conf	2025-12-06 12:31:06.158662+00	37.154.183.176	23	53	23	5	1	w
392	dr.rele	2025-12-06 12:40:57.802987+00	37.154.183.176	23	53	23	5	1	w
393	mo.edit	2025-12-06 12:42:14.464104+00	37.154.183.176	10	33	23	5	1	w
394	mo.rele	2025-12-06 12:43:37.662383+00	37.154.183.176	23	53	23	5	1	w
395	mo.unre	2025-12-06 12:43:59.774862+00	37.154.183.176	23	53	23	5	1	w
396	mo.rele	2025-12-06 12:44:08.073113+00	37.154.183.176	23	53	23	5	1	w
397	mo.rele	2025-12-06 12:45:46.708752+00	37.154.183.176	23	53	23	5	1	w
398	ba.subm	2025-12-06 13:45:56.509827+00	176.55.173.243	94	45	23	5	\N	w
399	ba.subm	2025-12-06 13:57:14.741893+00	188.57.100.135	95	45	23	5	\N	w
400	ba.subm	2025-12-06 13:57:16.084676+00	37.154.237.131	96	45	23	5	\N	w
401	ba.subm	2025-12-06 13:58:39.502753+00	46.155.253.32	97	45	23	5	\N	w
402	ba.crea	2025-12-06 14:02:08.072735+00	37.154.183.176	98	45	23	5	1	w
403	ba.conf	2025-12-06 14:02:20.022807+00	37.154.183.176	94	45	23	5	1	w
404	ba.subm	2025-12-06 14:02:20.920982+00	46.104.39.38	99	45	23	5	\N	w
405	ba.conf	2025-12-06 14:02:32.378631+00	37.154.183.176	96	45	23	5	1	w
406	ba.conf	2025-12-06 14:02:42.873194+00	37.154.183.176	99	45	23	5	1	w
407	ba.conf	2025-12-06 14:02:52.265233+00	37.154.183.176	97	45	23	5	1	w
408	ba.conf	2025-12-06 14:03:00.713688+00	37.154.183.176	95	45	23	5	1	w
409	ba.subm	2025-12-06 14:07:09.33868+00	37.154.241.167	100	45	23	5	\N	w
410	ba.subm	2025-12-06 14:07:22.38845+00	5.47.210.96	101	45	23	5	\N	w
411	ba.conf	2025-12-06 14:08:08.910089+00	178.247.156.102	101	45	23	5	1	w
412	ba.conf	2025-12-06 14:08:27.620705+00	178.247.156.102	100	45	23	5	1	w
413	ba.crea	2025-12-06 14:09:31.724044+00	178.247.156.102	102	45	23	5	1	w
414	ba.conf	2025-12-06 14:09:47.687393+00	178.247.156.102	96	45	23	5	1	w
415	ba.subm	2025-12-06 14:10:24.775311+00	37.154.183.176	103	45	23	5	\N	w
416	ba.subm	2025-12-06 14:11:39.819602+00	188.57.112.245	104	45	23	5	\N	w
417	ba.conf	2025-12-06 14:28:37.246004+00	37.154.183.176	104	45	23	5	1	w
418	ba.conf	2025-12-06 14:28:57.241753+00	37.154.183.176	103	45	23	5	1	w
419	ba.crea	2025-12-06 14:56:43.718222+00	37.154.183.176	105	45	23	5	1	w
420	rd.comp	2025-12-06 14:59:15.237693+00	46.155.253.32	23	53	23	5	1	w
421	av.tm.save	2025-12-06 14:59:19.071802+00	46.155.253.32	24	53	24	5	1	w
422	av.aj.save	2025-12-06 14:59:25.029943+00	46.155.253.32	24	53	24	5	1	w
423	av.ve.save	2025-12-06 14:59:41.368513+00	46.155.253.32	24	53	24	5	1	w
424	dr.crea	2025-12-06 14:59:48.542289+00	46.155.253.32	24	53	24	5	1	w
425	dr.conf	2025-12-06 15:00:20.794541+00	46.155.253.32	24	53	24	5	1	w
426	mo.edit	2025-12-06 15:05:44.433905+00	46.155.253.32	11	33	24	5	1	w
427	dr.rele	2025-12-06 15:05:46.492595+00	46.155.253.32	24	53	24	5	1	w
428	mo.rele	2025-12-06 15:10:01.597423+00	46.155.253.32	24	53	24	5	1	w
429	mo.rele	2025-12-06 15:11:17.711932+00	46.155.253.32	24	53	24	5	1	w
430	ba.subm	2025-12-06 16:04:30.224882+00	176.55.173.243	106	45	24	5	\N	w
431	ba.subm	2025-12-06 16:09:50.536284+00	46.155.253.32	107	45	24	5	\N	w
432	ba.subm	2025-12-06 16:13:45.776289+00	37.154.237.131	108	45	24	5	\N	w
433	ba.crea	2025-12-06 16:16:41.665688+00	37.154.183.176	109	45	24	5	1	w
434	ba.conf	2025-12-06 16:16:54.218838+00	37.154.183.176	108	45	24	5	1	w
435	ba.conf	2025-12-06 16:17:03.044702+00	37.154.183.176	106	45	24	5	1	w
436	ba.conf	2025-12-06 16:17:13.023836+00	37.154.183.176	107	45	24	5	1	w
437	ba.subm	2025-12-06 16:20:01.450423+00	5.47.210.96	110	45	24	5	\N	w
438	ba.conf	2025-12-06 16:26:26.892777+00	37.154.183.176	110	45	24	5	1	w
439	ba.crea	2025-12-06 16:27:25.278317+00	178.247.156.102	111	45	24	5	1	w
440	ba.subm	2025-12-06 16:38:01.682295+00	37.154.241.167	112	45	24	5	\N	w
441	ba.conf	2025-12-06 16:38:38.810195+00	37.154.183.176	112	45	24	5	1	w
442	ba.conf	2025-12-06 16:38:51.349257+00	37.154.183.176	112	45	24	5	1	w
443	ba.subm	2025-12-06 16:39:13.524849+00	188.57.100.135	113	45	24	5	\N	w
444	ba.subm	2025-12-06 16:39:26.332809+00	2a00:1880:a00b:4aa:187e:9dfa:8d18:6adc	114	45	24	5	\N	w
445	ba.conf	2025-12-06 16:39:27.044894+00	37.154.183.176	113	45	24	5	1	w
446	ba.conf	2025-12-06 16:39:36.991838+00	37.154.183.176	114	45	24	5	1	w
447	ba.subm	2025-12-06 16:40:33.315604+00	188.57.112.245	115	45	24	5	\N	w
448	ba.conf	2025-12-06 16:41:13.26917+00	37.154.183.176	115	45	24	5	1	w
449	ba.subm	2025-12-06 16:42:31.100461+00	46.104.39.38	116	45	24	5	\N	w
450	ba.conf	2025-12-06 16:42:47.88583+00	37.154.183.176	116	45	24	5	1	w
451	ba.crea	2025-12-06 16:53:27.166052+00	37.154.183.176	117	45	24	5	1	w
452	rd.comp	2025-12-06 16:53:31.631141+00	37.154.183.176	24	53	24	5	1	w
453	br.gene	2025-12-06 16:59:13.707766+00	37.154.183.176	5	54	\N	5	1	w
454	si.team	2025-12-06 21:16:54.11162+00	2a00:1d34:703d:ea00:9cc4:d690:7b5f:6364	6	54	\N	6	1	w
455	si.team	2025-12-06 21:17:32.775435+00	2a00:1d34:703d:ea00:9cc4:d690:7b5f:6364	6	54	\N	6	1	w
1222	av.tm.save	2025-12-21 06:57:11.308412+00	46.2.216.195	59	53	59	12	1	w
1224	av.tm.save	2025-12-21 06:57:15.994739+00	46.2.216.195	59	53	59	12	1	w
456	si.team	2025-12-06 21:18:55.596771+00	2a00:1d34:703d:ea00:9cc4:d690:7b5f:6364	7	54	\N	\N	1	w
457	si.adju	2025-12-06 21:19:03.185112+00	2a00:1d34:703d:ea00:9cc4:d690:7b5f:6364	7	54	\N	\N	1	w
458	si.venu	2025-12-06 21:19:12.804782+00	2a00:1d34:703d:ea00:9cc4:d690:7b5f:6364	7	54	\N	\N	1	w
462	si.team	2025-12-06 21:23:40.606776+00	2a00:1d34:703d:ea00:9cc4:d690:7b5f:6364	7	54	\N	\N	1	w
463	si.adju	2025-12-06 21:23:49.726309+00	2a00:1d34:703d:ea00:9cc4:d690:7b5f:6364	7	54	\N	\N	1	w
464	si.venu	2025-12-06 21:24:04.870024+00	2a00:1d34:703d:ea00:9cc4:d690:7b5f:6364	7	54	\N	\N	1	w
459	av.tm.save	2025-12-06 21:19:21.414946+00	2a00:1d34:703d:ea00:9cc4:d690:7b5f:6364	34	53	\N	\N	1	w
460	av.aj.save	2025-12-06 21:19:27.462622+00	2a00:1d34:703d:ea00:9cc4:d690:7b5f:6364	34	53	\N	\N	1	w
461	av.ve.save	2025-12-06 21:19:31.246559+00	2a00:1d34:703d:ea00:9cc4:d690:7b5f:6364	34	53	\N	\N	1	w
465	av.tm.save	2025-12-06 21:24:13.358059+00	2a00:1d34:703d:ea00:9cc4:d690:7b5f:6364	34	53	\N	\N	1	w
466	av.aj.save	2025-12-06 21:24:16.572367+00	2a00:1d34:703d:ea00:9cc4:d690:7b5f:6364	34	53	\N	\N	1	w
467	av.ve.save	2025-12-06 21:24:20.11442+00	2a00:1d34:703d:ea00:9cc4:d690:7b5f:6364	34	53	\N	\N	1	w
468	si.adju	2025-12-06 21:31:45.786839+00	2a00:1d34:703d:ea00:9cc4:d690:7b5f:6364	6	54	\N	6	1	w
469	si.team	2025-12-06 21:44:02.497+00	2a00:1d34:703d:ea00:9cc4:d690:7b5f:6364	6	54	\N	6	1	w
470	av.tm.save	2025-12-06 21:44:11.698105+00	2a00:1d34:703d:ea00:9cc4:d690:7b5f:6364	28	53	28	6	1	w
471	av.tm.save	2025-12-06 21:44:26.548692+00	2a00:1d34:703d:ea00:9cc4:d690:7b5f:6364	28	53	28	6	1	w
472	av.tm.save	2025-12-06 21:44:27.883296+00	2a00:1d34:703d:ea00:9cc4:d690:7b5f:6364	28	53	28	6	1	w
473	av.tm.save	2025-12-06 21:44:28.328823+00	2a00:1d34:703d:ea00:9cc4:d690:7b5f:6364	28	53	28	6	1	w
474	av.tm.save	2025-12-06 21:44:31.484012+00	2a00:1d34:703d:ea00:9cc4:d690:7b5f:6364	28	53	28	6	1	w
475	av.tm.save	2025-12-06 21:44:32.49886+00	2a00:1d34:703d:ea00:9cc4:d690:7b5f:6364	28	53	28	6	1	w
476	si.venu	2025-12-06 21:44:54.898122+00	2a00:1d34:703d:ea00:9cc4:d690:7b5f:6364	6	54	\N	6	1	w
477	av.ve.save	2025-12-06 21:45:02.612142+00	2a00:1d34:703d:ea00:9cc4:d690:7b5f:6364	28	53	28	6	1	w
478	si.venu	2025-12-06 21:46:17.721075+00	2a00:1d34:703d:ea00:9cc4:d690:7b5f:6364	6	54	\N	6	1	w
479	op.edit	2025-12-06 21:52:19.670878+00	2a00:1d34:703d:ea00:9cc4:d690:7b5f:6364	6	54	\N	6	1	w
480	dr.crea	2025-12-06 21:52:28.559203+00	2a00:1d34:703d:ea00:9cc4:d690:7b5f:6364	28	53	28	6	1	w
481	dr.rege	2025-12-06 21:53:18.094384+00	2a00:1d34:703d:ea00:9cc4:d690:7b5f:6364	28	53	28	6	1	w
482	dr.crea	2025-12-06 21:53:23.620255+00	2a00:1d34:703d:ea00:9cc4:d690:7b5f:6364	28	53	28	6	1	w
483	dr.rege	2025-12-06 21:53:48.504047+00	2a00:1d34:703d:ea00:9cc4:d690:7b5f:6364	28	53	28	6	1	w
484	op.edit	2025-12-06 21:56:22.702301+00	2a00:1d34:703d:ea00:9cc4:d690:7b5f:6364	6	54	\N	6	1	w
485	op.edit	2025-12-06 21:58:58.774258+00	2a00:1d34:703d:ea00:9cc4:d690:7b5f:6364	6	54	\N	6	1	w
486	op.edit	2025-12-06 22:00:50.745505+00	2a00:1d34:703d:ea00:9cc4:d690:7b5f:6364	6	54	\N	6	1	w
487	dr.crea	2025-12-06 22:01:16.988334+00	2a00:1d34:703d:ea00:9cc4:d690:7b5f:6364	28	53	28	6	1	w
488	dr.rege	2025-12-06 22:02:05.865303+00	2a00:1d34:703d:ea00:9cc4:d690:7b5f:6364	28	53	28	6	1	w
489	av.aj.save	2025-12-06 22:02:09.425395+00	2a00:1d34:703d:ea00:9cc4:d690:7b5f:6364	28	53	28	6	1	w
490	av.aj.save	2025-12-06 22:02:10.010555+00	2a00:1d34:703d:ea00:9cc4:d690:7b5f:6364	28	53	28	6	1	w
491	av.aj.save	2025-12-06 22:02:12.206416+00	2a00:1d34:703d:ea00:9cc4:d690:7b5f:6364	28	53	28	6	1	w
492	av.aj.save	2025-12-06 22:02:13.086246+00	2a00:1d34:703d:ea00:9cc4:d690:7b5f:6364	28	53	28	6	1	w
493	dr.crea	2025-12-06 22:02:15.317251+00	2a00:1d34:703d:ea00:9cc4:d690:7b5f:6364	28	53	28	6	1	w
494	dr.rege	2025-12-06 22:07:34.386084+00	2a00:1d34:703d:ea00:9cc4:d690:7b5f:6364	28	53	28	6	1	w
495	av.tm.save	2025-12-06 22:07:42.734591+00	2a00:1d34:703d:ea00:9cc4:d690:7b5f:6364	28	53	28	6	1	w
496	av.aj.save	2025-12-06 22:07:45.573845+00	2a00:1d34:703d:ea00:9cc4:d690:7b5f:6364	28	53	28	6	1	w
497	av.ve.save	2025-12-06 22:07:48.289876+00	2a00:1d34:703d:ea00:9cc4:d690:7b5f:6364	28	53	28	6	1	w
498	br.upda	2025-12-07 06:41:50.753993+00	178.247.156.102	4	22	\N	5	1	w
499	br.upda	2025-12-07 06:42:04.556726+00	178.247.156.102	4	22	\N	5	1	w
500	br.upda	2025-12-07 06:42:16.972864+00	178.247.156.102	4	22	\N	5	1	w
501	av.aj.save	2025-12-07 06:42:46.182225+00	178.247.156.102	27	53	27	5	1	w
502	av.aj.save	2025-12-07 06:42:53.520578+00	178.247.156.102	27	53	27	5	1	w
503	av.aj.save	2025-12-07 06:42:55.670186+00	178.247.156.102	27	53	27	5	1	w
504	av.aj.save	2025-12-07 06:42:58.10386+00	178.247.156.102	27	53	27	5	1	w
505	av.ve.save	2025-12-07 06:43:05.725934+00	178.247.156.102	27	53	27	5	1	w
506	av.ve.save	2025-12-07 06:43:06.688624+00	178.247.156.102	27	53	27	5	1	w
507	av.ve.save	2025-12-07 06:43:08.108688+00	178.247.156.102	27	53	27	5	1	w
508	av.ve.save	2025-12-07 06:43:08.930788+00	178.247.156.102	27	53	27	5	1	w
509	dr.crea	2025-12-07 06:43:21.245343+00	178.247.156.102	27	53	27	5	1	w
510	dr.conf	2025-12-07 06:46:26.744317+00	178.247.156.102	27	53	27	5	1	w
511	dr.rele	2025-12-07 06:49:07.769634+00	178.247.156.102	27	53	27	5	1	w
512	mo.edit	2025-12-07 06:52:00.326038+00	178.247.156.102	12	33	27	5	1	w
513	mo.rele	2025-12-07 06:56:04.919063+00	178.247.156.102	27	53	27	5	1	w
514	mo.rele	2025-12-07 06:56:12.447779+00	178.247.156.102	27	53	27	5	1	w
515	dr.crea	2025-12-07 07:15:05.880196+00	151.135.78.165	28	53	28	6	1	w
516	dr.conf	2025-12-07 07:15:12.751518+00	151.135.78.165	28	53	28	6	1	w
517	av.tm.save	2025-12-07 07:15:23.593586+00	151.135.78.165	28	53	28	6	1	w
518	av.aj.save	2025-12-07 07:15:30.106006+00	151.135.78.165	28	53	28	6	1	w
519	av.tm.save	2025-12-07 07:15:35.492167+00	151.135.78.165	28	53	28	6	1	w
520	av.aj.save	2025-12-07 07:15:39.636121+00	151.135.78.165	28	53	28	6	1	w
521	av.ve.save	2025-12-07 07:15:43.304209+00	151.135.78.165	28	53	28	6	1	w
522	av.tm.save	2025-12-07 07:17:10.556916+00	151.135.78.165	28	53	28	6	1	w
523	av.tm.save	2025-12-07 07:17:11.613707+00	151.135.78.165	28	53	28	6	1	w
524	av.tm.save	2025-12-07 07:17:12.190028+00	151.135.78.165	28	53	28	6	1	w
525	av.tm.save	2025-12-07 07:17:19.886066+00	151.135.78.165	28	53	28	6	1	w
526	dr.rege	2025-12-07 07:17:56.073968+00	151.135.78.165	28	53	28	6	1	w
527	si.venu	2025-12-07 07:34:55.013259+00	151.135.78.165	6	54	\N	6	1	w
528	si.venu	2025-12-07 07:36:38.05576+00	151.135.78.165	6	54	\N	6	1	w
529	si.adju	2025-12-07 07:39:56.335612+00	151.135.78.165	6	54	\N	6	1	w
530	av.ve.save	2025-12-07 07:40:09.20918+00	151.135.78.165	28	53	28	6	1	w
531	av.ve.save	2025-12-07 07:40:10.799864+00	151.135.78.165	28	53	28	6	1	w
532	dr.crea	2025-12-07 07:40:14.763772+00	151.135.78.165	28	53	28	6	1	w
533	dr.conf	2025-12-07 07:41:27.249107+00	151.135.78.165	28	53	28	6	1	w
534	ba.crea	2025-12-07 08:16:56.782917+00	178.247.156.102	118	45	27	5	1	w
535	ba.crea	2025-12-07 08:17:48.199955+00	178.247.156.102	119	45	27	5	1	w
536	dr.rele	2025-12-07 08:18:16.324098+00	151.135.78.165	28	53	28	6	1	w
537	ba.conf	2025-12-07 08:18:47.755208+00	178.247.156.102	119	45	27	5	1	w
538	ba.conf	2025-12-07 08:18:53.460558+00	178.247.156.102	119	45	27	5	1	w
539	mo.edit	2025-12-07 08:18:58.180146+00	151.135.78.165	13	33	28	6	1	w
540	mo.rele	2025-12-07 08:23:31.296924+00	151.135.78.165	28	53	28	6	1	w
541	dr.unre	2025-12-07 08:26:47.384166+00	151.135.78.165	28	53	28	6	1	w
542	dr.rele	2025-12-07 08:26:49.371037+00	151.135.78.165	28	53	28	6	1	w
543	ba.crea	2025-12-07 08:31:15.475569+00	178.247.156.102	120	45	27	5	1	w
544	ba.crea	2025-12-07 08:31:49.943408+00	178.247.156.102	121	45	27	5	1	w
545	rd.comp	2025-12-07 08:32:01.831426+00	178.247.156.102	27	53	27	5	1	w
546	av.aj.save	2025-12-07 08:32:21.221592+00	178.247.156.102	26	53	26	5	1	w
547	av.aj.save	2025-12-07 08:32:26.83394+00	178.247.156.102	26	53	26	5	1	w
548	av.aj.save	2025-12-07 08:32:28.550104+00	178.247.156.102	26	53	26	5	1	w
549	av.aj.save	2025-12-07 08:32:29.606789+00	178.247.156.102	26	53	26	5	1	w
550	av.ve.save	2025-12-07 08:33:01.965675+00	178.247.156.102	26	53	26	5	1	w
551	av.ve.save	2025-12-07 08:33:04.809264+00	178.247.156.102	26	53	26	5	1	w
552	dr.crea	2025-12-07 08:33:13.490053+00	178.247.156.102	26	53	26	5	1	w
553	dr.conf	2025-12-07 08:54:38.6738+00	2a00:1d37:47b:e901:b80f:98ff:7993:d7a7	26	53	26	5	1	w
554	dr.rele	2025-12-07 09:24:19.8222+00	2a00:1d37:47b:e901:b80f:98ff:7993:d7a7	26	53	26	5	1	w
555	ba.subm	2025-12-07 09:27:10.014154+00	37.154.190.237	122	45	28	6	\N	w
556	mo.edit	2025-12-07 09:27:20.566852+00	178.247.156.102	14	33	26	5	1	w
557	mo.rele	2025-12-07 09:27:33.354472+00	178.247.156.102	26	53	26	5	1	w
558	mo.unre	2025-12-07 09:27:34.174525+00	178.247.156.102	26	53	26	5	1	w
559	mo.rele	2025-12-07 09:29:25.780344+00	178.247.156.102	26	53	26	5	1	w
560	ba.subm	2025-12-07 09:41:33.922098+00	31.143.39.148	123	45	28	6	\N	w
561	ba.subm	2025-12-07 09:42:14.624382+00	5.229.115.58	124	45	28	6	\N	w
562	ba.subm	2025-12-07 09:48:03.439811+00	37.154.250.189	125	45	28	6	1	w
563	ba.subm	2025-12-07 09:52:28.134394+00	46.104.39.38	126	45	28	6	\N	w
564	ba.subm	2025-12-07 09:52:36.568968+00	46.155.253.32	127	45	28	6	\N	w
565	ba.subm	2025-12-07 09:58:15.891278+00	5.47.219.1	128	45	28	6	\N	w
566	ba.subm	2025-12-07 10:01:55.038607+00	151.135.108.126	129	45	28	6	\N	w
567	ba.crea	2025-12-07 10:23:11.338383+00	151.135.108.126	130	45	28	6	1	w
568	ba.crea	2025-12-07 10:24:27.969287+00	151.135.108.126	131	45	28	6	1	w
569	ba.crea	2025-12-07 10:26:08.240115+00	151.135.108.126	132	45	28	6	1	w
570	ba.crea	2025-12-07 10:28:02.649737+00	151.135.108.126	133	45	28	6	1	w
571	ba.crea	2025-12-07 10:29:52.430323+00	151.135.108.126	134	45	28	6	1	w
572	ba.conf	2025-12-07 10:30:11.40407+00	151.135.108.126	134	45	28	6	1	w
573	ba.crea	2025-12-07 10:31:22.792973+00	151.135.108.126	135	45	28	6	1	w
574	ba.crea	2025-12-07 10:38:50.028021+00	178.247.156.102	136	45	26	5	1	w
575	ba.edit	2025-12-07 10:39:27.830848+00	178.247.156.102	136	45	26	5	1	w
576	ba.conf	2025-12-07 10:48:01.287244+00	151.135.108.126	125	45	28	6	1	w
577	ba.conf	2025-12-07 10:48:16.99951+00	151.135.108.126	124	45	28	6	1	w
578	ba.conf	2025-12-07 10:48:27.943311+00	151.135.108.126	123	45	28	6	1	w
579	ba.conf	2025-12-07 10:48:38.961806+00	151.135.108.126	122	45	28	6	1	w
580	ba.conf	2025-12-07 10:48:47.886928+00	151.135.108.126	129	45	28	6	1	w
581	ba.conf	2025-12-07 10:48:57.059829+00	151.135.108.126	128	45	28	6	1	w
582	ba.conf	2025-12-07 10:49:08.970104+00	151.135.108.126	127	45	28	6	1	w
583	ba.conf	2025-12-07 10:49:20.003748+00	151.135.108.126	126	45	28	6	1	w
584	ba.conf	2025-12-07 10:49:31.660923+00	151.135.108.126	130	45	28	6	1	w
585	ba.conf	2025-12-07 10:49:37.917047+00	151.135.108.126	131	45	28	6	1	w
586	ba.conf	2025-12-07 10:49:45.12019+00	151.135.108.126	132	45	28	6	1	w
587	ba.conf	2025-12-07 10:49:52.024608+00	151.135.108.126	133	45	28	6	1	w
588	ba.conf	2025-12-07 10:49:59.269313+00	151.135.108.126	134	45	28	6	1	w
589	ba.conf	2025-12-07 10:50:05.713901+00	151.135.108.126	135	45	28	6	1	w
590	rd.comp	2025-12-07 10:50:16.830953+00	151.135.108.126	28	53	28	6	1	w
591	av.tm.save	2025-12-07 10:50:20.087331+00	151.135.108.126	29	53	29	6	1	w
592	av.aj.save	2025-12-07 10:50:23.437832+00	151.135.108.126	29	53	29	6	1	w
593	av.aj.save	2025-12-07 10:50:27.734373+00	151.135.108.126	29	53	29	6	1	w
594	av.ve.save	2025-12-07 10:50:31.339259+00	151.135.108.126	29	53	29	6	1	w
595	dr.crea	2025-12-07 10:50:33.727115+00	151.135.108.126	29	53	29	6	1	w
596	dr.conf	2025-12-07 10:50:40.157234+00	151.135.108.126	29	53	29	6	1	w
597	dr.rele	2025-12-07 10:52:26.232473+00	151.135.108.126	29	53	29	6	1	w
598	br.upd1	2025-12-07 11:08:50.301602+00	46.2.195.215	4	22	\N	5	1	w
599	op.edit	2025-12-07 11:10:41.351072+00	46.2.195.215	5	54	\N	5	1	w
600	op.edit	2025-12-07 11:12:34.219236+00	46.2.195.215	5	54	\N	5	1	w
601	ba.subm	2025-12-07 11:58:15.645717+00	46.154.24.18	137	45	29	6	\N	w
602	ba.subm	2025-12-07 11:59:22.986681+00	46.155.253.32	138	45	29	6	\N	w
603	ba.subm	2025-12-07 12:00:14.589296+00	46.104.39.38	139	45	29	6	\N	w
604	ba.subm	2025-12-07 12:01:20.285247+00	5.47.219.1	140	45	29	6	\N	w
605	ba.subm	2025-12-07 12:02:14.790437+00	176.54.127.207	141	45	29	6	\N	w
606	ba.subm	2025-12-07 12:10:52.197058+00	151.135.108.126	142	45	29	6	\N	w
607	ba.subm	2025-12-07 12:15:01.563324+00	31.143.39.148	143	45	29	6	\N	w
608	ba.crea	2025-12-07 12:15:14.033944+00	37.154.162.87	144	45	29	6	1	w
609	ba.subm	2025-12-07 12:20:18.825865+00	37.154.190.237	145	45	29	6	\N	w
610	ba.subm	2025-12-07 12:23:49.704839+00	37.154.241.167	146	45	29	6	\N	w
611	ba.conf	2025-12-07 12:26:59.266566+00	2a00:1d37:47b:e901:b80f:98ff:7993:d7a7	142	45	29	6	1	w
612	ba.conf	2025-12-07 12:27:11.571911+00	2a00:1d37:47b:e901:b80f:98ff:7993:d7a7	138	45	29	6	1	w
613	ba.conf	2025-12-07 12:27:12.04238+00	2a00:1d37:47b:e901:b80f:98ff:7993:d7a7	138	45	29	6	1	w
614	ba.conf	2025-12-07 12:27:22.041524+00	2a00:1d37:47b:e901:b80f:98ff:7993:d7a7	140	45	29	6	1	w
615	ba.conf	2025-12-07 12:27:38.04254+00	2a00:1d37:47b:e901:b80f:98ff:7993:d7a7	139	45	29	6	1	w
616	ba.conf	2025-12-07 12:28:15.816093+00	2a00:1d37:47b:e901:b80f:98ff:7993:d7a7	143	45	29	6	1	w
617	ba.conf	2025-12-07 12:28:24.683772+00	2a00:1d37:47b:e901:b80f:98ff:7993:d7a7	141	45	29	6	1	w
618	ba.conf	2025-12-07 12:29:54.086726+00	2a00:1d37:47b:e901:b80f:98ff:7993:d7a7	137	45	29	6	1	w
619	ba.conf	2025-12-07 12:30:05.185541+00	2a00:1d37:47b:e901:b80f:98ff:7993:d7a7	145	45	29	6	1	w
620	ba.conf	2025-12-07 12:30:16.494767+00	2a00:1d37:47b:e901:b80f:98ff:7993:d7a7	146	45	29	6	1	w
621	ba.crea	2025-12-07 12:47:18.71585+00	37.154.175.55	147	45	29	6	1	w
622	ba.conf	2025-12-07 12:47:35.679105+00	37.154.175.55	147	45	29	6	1	w
623	ba.crea	2025-12-07 12:49:48.688393+00	37.154.175.55	148	45	29	6	1	w
624	ba.crea	2025-12-07 12:50:48.744595+00	37.154.175.55	149	45	29	6	1	w
625	ba.conf	2025-12-07 12:52:02.784041+00	37.154.175.55	141	45	29	6	1	w
626	ba.crea	2025-12-07 12:59:24.013452+00	37.154.175.55	150	45	29	6	1	w
627	rd.comp	2025-12-07 12:59:30.220207+00	37.154.175.55	29	53	29	6	1	w
628	ba.conf	2025-12-07 15:59:10.585768+00	2a02:ff0:332a:6c46:310f:cc39:99b5:b411	136	45	26	5	1	w
629	ba.crea	2025-12-07 15:59:45.479786+00	2a02:ff0:332a:6c46:310f:cc39:99b5:b411	151	45	26	5	1	w
630	rd.comp	2025-12-07 15:59:52.655068+00	2a02:ff0:332a:6c46:310f:cc39:99b5:b411	26	53	26	5	1	w
631	ba.crea	2025-12-07 16:00:37.88156+00	2a02:ff0:332a:6c46:310f:cc39:99b5:b411	152	45	9	2	1	w
632	ba.crea	2025-12-07 16:00:47.500153+00	2a02:ff0:332a:6c46:310f:cc39:99b5:b411	153	45	9	2	1	w
633	rd.comp	2025-12-07 16:00:53.500719+00	2a02:ff0:332a:6c46:310f:cc39:99b5:b411	9	53	9	2	1	w
634	av.aj.save	2025-12-07 16:01:05.763829+00	2a02:ff0:332a:6c46:310f:cc39:99b5:b411	8	53	8	2	1	w
635	av.aj.save	2025-12-07 16:01:09.347085+00	2a02:ff0:332a:6c46:310f:cc39:99b5:b411	8	53	8	2	1	w
636	av.ve.save	2025-12-07 16:01:23.593483+00	2a02:ff0:332a:6c46:310f:cc39:99b5:b411	8	53	8	2	1	w
637	dr.crea	2025-12-07 16:01:25.882694+00	2a02:ff0:332a:6c46:310f:cc39:99b5:b411	8	53	8	2	1	w
638	dr.conf	2025-12-07 16:01:40.077647+00	2a02:ff0:332a:6c46:310f:cc39:99b5:b411	8	53	8	2	1	w
639	dr.rele	2025-12-07 16:01:59.732528+00	2a02:ff0:332a:6c46:310f:cc39:99b5:b411	8	53	8	2	1	w
640	ba.crea	2025-12-07 16:02:16.931876+00	2a02:ff0:332a:6c46:310f:cc39:99b5:b411	154	45	8	2	1	w
641	rd.comp	2025-12-07 16:02:26.226698+00	2a02:ff0:332a:6c46:310f:cc39:99b5:b411	8	53	8	2	1	w
642	ba.crea	2025-12-07 16:03:14.201725+00	2a02:ff0:332a:6c46:310f:cc39:99b5:b411	155	45	14	3	1	w
643	ba.crea	2025-12-07 16:03:47.251585+00	2a02:ff0:332a:6c46:310f:cc39:99b5:b411	156	45	14	3	1	w
644	rd.comp	2025-12-07 16:03:51.617742+00	2a02:ff0:332a:6c46:310f:cc39:99b5:b411	14	53	14	3	1	w
645	av.aj.save	2025-12-07 16:04:00.232379+00	2a02:ff0:332a:6c46:310f:cc39:99b5:b411	13	53	13	3	1	w
646	av.ve.save	2025-12-07 16:04:14.651607+00	2a02:ff0:332a:6c46:310f:cc39:99b5:b411	13	53	13	3	1	w
647	dr.crea	2025-12-07 16:04:17.158276+00	2a02:ff0:332a:6c46:310f:cc39:99b5:b411	13	53	13	3	1	w
648	dr.conf	2025-12-07 16:04:19.066953+00	2a02:ff0:332a:6c46:310f:cc39:99b5:b411	13	53	13	3	1	w
649	dr.rele	2025-12-07 16:05:28.806415+00	2a02:ff0:332a:6c46:310f:cc39:99b5:b411	13	53	13	3	1	w
650	ba.crea	2025-12-07 16:05:40.782816+00	2a02:ff0:332a:6c46:310f:cc39:99b5:b411	157	45	13	3	1	w
651	rd.comp	2025-12-07 16:05:44.254088+00	2a02:ff0:332a:6c46:310f:cc39:99b5:b411	13	53	13	3	1	w
652	si.venu	2025-12-12 20:46:07.697025+00	46.2.212.183	11	54	\N	11	1	w
653	si.team	2025-12-12 22:50:03.522245+00	46.2.212.183	11	54	\N	11	1	w
654	si.team	2025-12-12 23:05:11.554156+00	46.2.212.183	11	54	\N	11	1	w
655	si.team	2025-12-12 23:19:30.848049+00	46.2.212.183	11	54	\N	11	1	w
656	si.team	2025-12-12 23:20:20.835864+00	46.2.212.183	11	54	\N	11	1	w
657	si.inst	2025-12-12 23:21:29.557979+00	46.2.212.183	11	54	\N	11	1	w
658	si.team	2025-12-12 23:23:17.665945+00	46.2.212.183	11	54	\N	11	1	w
659	si.adju	2025-12-12 23:34:10.120075+00	46.2.212.183	11	54	\N	11	1	w
660	av.tm.save	2025-12-13 06:57:18.549495+00	2a00:1d34:81d:6b01:a9d4:72d7:74dd:5478	51	53	51	11	1	w
661	av.tm.save	2025-12-13 06:57:37.15386+00	2a00:1d34:81d:6b01:a9d4:72d7:74dd:5478	51	53	51	11	1	w
662	av.tm.save	2025-12-13 06:57:45.685499+00	2a00:1d34:81d:6b01:a9d4:72d7:74dd:5478	51	53	51	11	1	w
663	av.tm.save	2025-12-13 06:57:53.723441+00	2a00:1d34:81d:6b01:a9d4:72d7:74dd:5478	51	53	51	11	1	w
664	av.tm.save	2025-12-13 06:58:00.552741+00	2a00:1d34:81d:6b01:a9d4:72d7:74dd:5478	51	53	51	11	1	w
665	av.tm.save	2025-12-13 06:58:13.569153+00	2a00:1d34:81d:6b01:a9d4:72d7:74dd:5478	51	53	51	11	1	w
666	av.tm.save	2025-12-13 06:58:19.893789+00	2a00:1d34:81d:6b01:a9d4:72d7:74dd:5478	51	53	51	11	1	w
667	av.tm.save	2025-12-13 06:58:26.761456+00	2a00:1d34:81d:6b01:a9d4:72d7:74dd:5478	51	53	51	11	1	w
668	av.tm.save	2025-12-13 06:58:33.732626+00	2a00:1d34:81d:6b01:a9d4:72d7:74dd:5478	51	53	51	11	1	w
669	av.tm.save	2025-12-13 06:58:37.750959+00	2a00:1d34:81d:6b01:a9d4:72d7:74dd:5478	51	53	51	11	1	w
670	av.tm.save	2025-12-13 06:58:42.086159+00	2a00:1d34:81d:6b01:a9d4:72d7:74dd:5478	51	53	51	11	1	w
671	av.tm.save	2025-12-13 06:58:58.797731+00	2a00:1d34:81d:6b01:a9d4:72d7:74dd:5478	51	53	51	11	1	w
672	av.tm.save	2025-12-13 06:59:00.388494+00	2a00:1d34:81d:6b01:a9d4:72d7:74dd:5478	51	53	51	11	1	w
673	av.tm.save	2025-12-13 06:59:02.753944+00	2a00:1d34:81d:6b01:a9d4:72d7:74dd:5478	51	53	51	11	1	w
674	av.tm.save	2025-12-13 06:59:11.629826+00	2a00:1d34:81d:6b01:a9d4:72d7:74dd:5478	51	53	51	11	1	w
675	av.tm.save	2025-12-13 06:59:21.198195+00	2a00:1d34:81d:6b01:a9d4:72d7:74dd:5478	51	53	51	11	1	w
676	av.tm.save	2025-12-13 06:59:29.706451+00	2a00:1d34:81d:6b01:a9d4:72d7:74dd:5478	51	53	51	11	1	w
677	av.tm.save	2025-12-13 06:59:37.588382+00	2a00:1d34:81d:6b01:a9d4:72d7:74dd:5478	51	53	51	11	1	w
678	av.tm.save	2025-12-13 06:59:47.77353+00	2a00:1d34:81d:6b01:a9d4:72d7:74dd:5478	51	53	51	11	1	w
679	av.tm.save	2025-12-13 06:59:55.795737+00	2a00:1d34:81d:6b01:a9d4:72d7:74dd:5478	51	53	51	11	1	w
680	av.tm.save	2025-12-13 07:00:17.395855+00	2a00:1d34:81d:6b01:a9d4:72d7:74dd:5478	51	53	51	11	1	w
681	av.tm.save	2025-12-13 07:00:24.617907+00	2a00:1d34:81d:6b01:a9d4:72d7:74dd:5478	51	53	51	11	1	w
682	av.tm.save	2025-12-13 07:00:33.186387+00	2a00:1d34:81d:6b01:a9d4:72d7:74dd:5478	51	53	51	11	1	w
683	av.tm.save	2025-12-13 07:00:42.460774+00	2a00:1d34:81d:6b01:a9d4:72d7:74dd:5478	51	53	51	11	1	w
684	av.tm.save	2025-12-13 07:00:43.716693+00	2a00:1d34:81d:6b01:a9d4:72d7:74dd:5478	51	53	51	11	1	w
685	av.tm.save	2025-12-13 07:00:52.403234+00	2a00:1d34:81d:6b01:a9d4:72d7:74dd:5478	51	53	51	11	1	w
686	av.tm.save	2025-12-13 07:01:38.10472+00	2a00:1d34:81d:6b01:a9d4:72d7:74dd:5478	51	53	51	11	1	w
687	av.tm.save	2025-12-13 07:01:43.556598+00	2a00:1d34:81d:6b01:a9d4:72d7:74dd:5478	51	53	51	11	1	w
688	av.tm.save	2025-12-13 07:01:54.123132+00	2a00:1d34:81d:6b01:a9d4:72d7:74dd:5478	51	53	51	11	1	w
689	av.tm.save	2025-12-13 07:01:55.997658+00	2a00:1d34:81d:6b01:a9d4:72d7:74dd:5478	51	53	51	11	1	w
690	av.tm.save	2025-12-13 07:01:58.298921+00	2a00:1d34:81d:6b01:a9d4:72d7:74dd:5478	51	53	51	11	1	w
691	av.tm.save	2025-12-13 07:02:00.456899+00	2a00:1d34:81d:6b01:a9d4:72d7:74dd:5478	51	53	51	11	1	w
692	av.tm.save	2025-12-13 07:02:07.148681+00	2a00:1d34:81d:6b01:a9d4:72d7:74dd:5478	51	53	51	11	1	w
693	av.tm.save	2025-12-13 07:02:09.892065+00	2a00:1d34:81d:6b01:a9d4:72d7:74dd:5478	51	53	51	11	1	w
694	av.tm.save	2025-12-13 07:02:18.304247+00	2a00:1d34:81d:6b01:a9d4:72d7:74dd:5478	51	53	51	11	1	w
695	av.tm.save	2025-12-13 07:02:24.407788+00	2a00:1d34:81d:6b01:a9d4:72d7:74dd:5478	51	53	51	11	1	w
696	av.tm.save	2025-12-13 07:02:39.637668+00	2a00:1d34:81d:6b01:a9d4:72d7:74dd:5478	51	53	51	11	1	w
697	av.tm.save	2025-12-13 07:02:50.050753+00	2a00:1d34:81d:6b01:a9d4:72d7:74dd:5478	51	53	51	11	1	w
698	av.tm.save	2025-12-13 07:02:56.592387+00	2a00:1d34:81d:6b01:a9d4:72d7:74dd:5478	51	53	51	11	1	w
699	av.tm.save	2025-12-13 07:02:58.627922+00	2a00:1d34:81d:6b01:a9d4:72d7:74dd:5478	51	53	51	11	1	w
700	av.tm.save	2025-12-13 07:03:09.874423+00	2a00:1d34:81d:6b01:a9d4:72d7:74dd:5478	51	53	51	11	1	w
701	av.tm.save	2025-12-13 07:03:10.815729+00	2a00:1d34:81d:6b01:a9d4:72d7:74dd:5478	51	53	51	11	1	w
702	av.tm.save	2025-12-13 07:03:12.23873+00	2a00:1d34:81d:6b01:a9d4:72d7:74dd:5478	51	53	51	11	1	w
703	av.tm.save	2025-12-13 07:03:13.244348+00	2a00:1d34:81d:6b01:a9d4:72d7:74dd:5478	51	53	51	11	1	w
704	av.tm.save	2025-12-13 07:03:34.139485+00	2a00:1d34:81d:6b01:a9d4:72d7:74dd:5478	51	53	51	11	1	w
705	av.tm.save	2025-12-13 07:03:46.693497+00	2a00:1d34:81d:6b01:a9d4:72d7:74dd:5478	51	53	51	11	1	w
706	av.tm.save	2025-12-13 07:03:53.730365+00	2a00:1d34:81d:6b01:a9d4:72d7:74dd:5478	51	53	51	11	1	w
707	av.tm.save	2025-12-13 07:04:13.733355+00	2a00:1d34:81d:6b01:a9d4:72d7:74dd:5478	51	53	51	11	1	w
708	av.tm.save	2025-12-13 07:04:14.919361+00	2a00:1d34:81d:6b01:a9d4:72d7:74dd:5478	51	53	51	11	1	w
709	av.tm.save	2025-12-13 07:04:35.577966+00	2a00:1d34:81d:6b01:a9d4:72d7:74dd:5478	51	53	51	11	1	w
710	av.tm.save	2025-12-13 07:04:36.032354+00	2a00:1d34:81d:6b01:a9d4:72d7:74dd:5478	51	53	51	11	1	w
711	av.tm.save	2025-12-13 07:04:36.888008+00	2a00:1d34:81d:6b01:a9d4:72d7:74dd:5478	51	53	51	11	1	w
712	av.tm.save	2025-12-13 07:04:49.761462+00	2a00:1d34:81d:6b01:a9d4:72d7:74dd:5478	51	53	51	11	1	w
713	av.tm.save	2025-12-13 07:06:46.051625+00	2a00:1d34:81d:6b01:a9d4:72d7:74dd:5478	51	53	51	11	1	w
714	av.tm.save	2025-12-13 07:06:47.623489+00	2a00:1d34:81d:6b01:a9d4:72d7:74dd:5478	51	53	51	11	1	w
715	av.tm.save	2025-12-13 07:37:21.888614+00	46.2.212.183	51	53	51	11	1	w
716	av.tm.save	2025-12-13 07:37:44.329514+00	46.2.212.183	51	53	51	11	1	w
717	av.tm.save	2025-12-13 07:37:48.12586+00	46.2.212.183	51	53	51	11	1	w
718	av.tm.save	2025-12-13 07:37:48.780988+00	46.2.212.183	51	53	51	11	1	w
719	av.aj.save	2025-12-13 07:38:12.247765+00	46.2.212.183	51	53	51	11	1	w
720	av.aj.save	2025-12-13 07:38:15.737744+00	46.2.212.183	51	53	51	11	1	w
721	av.aj.save	2025-12-13 07:38:19.221124+00	46.2.212.183	51	53	51	11	1	w
722	av.aj.save	2025-12-13 07:38:21.999384+00	46.2.212.183	51	53	51	11	1	w
723	av.aj.save	2025-12-13 07:38:27.187675+00	46.2.212.183	51	53	51	11	1	w
724	av.ve.save	2025-12-13 07:38:37.153641+00	46.2.212.183	51	53	51	11	1	w
725	av.ve.save	2025-12-13 07:38:40.720375+00	46.2.212.183	51	53	51	11	1	w
726	av.ve.save	2025-12-13 07:38:41.248083+00	46.2.212.183	51	53	51	11	1	w
727	av.ve.save	2025-12-13 07:38:41.867494+00	46.2.212.183	51	53	51	11	1	w
728	av.ve.save	2025-12-13 07:38:42.881328+00	46.2.212.183	51	53	51	11	1	w
729	av.ve.save	2025-12-13 07:38:44.565074+00	46.2.212.183	51	53	51	11	1	w
730	av.ve.save	2025-12-13 07:38:45.100521+00	46.2.212.183	51	53	51	11	1	w
731	av.ve.save	2025-12-13 07:38:45.85804+00	46.2.212.183	51	53	51	11	1	w
732	av.ve.save	2025-12-13 07:38:46.384976+00	46.2.212.183	51	53	51	11	1	w
733	av.ve.save	2025-12-13 07:38:47.585302+00	46.2.212.183	51	53	51	11	1	w
734	av.ve.save	2025-12-13 07:38:50.317448+00	46.2.212.183	51	53	51	11	1	w
735	av.ve.save	2025-12-13 07:38:55.385506+00	46.2.212.183	51	53	51	11	1	w
736	av.ve.save	2025-12-13 07:38:58.194571+00	46.2.212.183	51	53	51	11	1	w
737	dr.crea	2025-12-13 07:39:01.101857+00	46.2.212.183	51	53	51	11	1	w
738	dr.conf	2025-12-13 07:39:12.735288+00	46.2.212.183	51	53	51	11	1	w
739	av.aj.save	2025-12-13 07:43:07.655459+00	46.2.212.183	51	53	51	11	1	w
740	dr.rele	2025-12-13 07:44:10.847966+00	46.2.212.183	51	53	51	11	1	w
741	mo.edit	2025-12-13 07:44:36.523023+00	46.2.212.183	15	33	51	11	1	w
742	mo.rele	2025-12-13 08:03:57.691988+00	46.2.212.183	51	53	51	11	1	w
743	mo.rele	2025-12-13 08:04:00.300995+00	46.2.212.183	51	53	51	11	1	w
744	ba.subm	2025-12-13 08:41:52.564629+00	2a02:ff0:332a:2593:7d85:bcd0:f5b:e64c	158	45	51	11	\N	w
745	ba.subm	2025-12-13 08:45:07.808472+00	2a02:ff0:331c:bded:45ed:eb6d:4fe9:377c	159	45	51	11	\N	w
746	ba.subm	2025-12-13 08:48:22.096998+00	2a02:ff0:332a:900f:2523:3784:fcf0:a8a8	160	45	51	11	\N	w
747	ba.subm	2025-12-13 08:50:54.403659+00	31.223.1.65	161	45	51	11	\N	w
748	ba.conf	2025-12-13 08:55:18.87357+00	2a00:1d34:81d:6b01:a9d4:72d7:74dd:5478	161	45	51	11	1	w
749	ba.conf	2025-12-13 08:55:39.523537+00	2a00:1d34:81d:6b01:a9d4:72d7:74dd:5478	159	45	51	11	1	w
750	ba.conf	2025-12-13 08:55:50.281992+00	2a00:1d34:81d:6b01:a9d4:72d7:74dd:5478	160	45	51	11	1	w
751	ba.conf	2025-12-13 08:56:00.233232+00	2a00:1d34:81d:6b01:a9d4:72d7:74dd:5478	158	45	51	11	1	w
752	ba.subm	2025-12-13 08:56:05.472801+00	78.190.178.159	162	45	51	11	\N	w
753	ba.crea	2025-12-13 08:57:15.452244+00	2a00:1d34:81d:6b01:a9d4:72d7:74dd:5478	163	45	51	11	1	w
754	ba.conf	2025-12-13 08:57:23.991741+00	2a00:1d34:81d:6b01:a9d4:72d7:74dd:5478	162	45	51	11	1	w
755	ba.subm	2025-12-13 08:57:59.930607+00	37.154.187.254	164	45	51	11	\N	w
756	ba.subm	2025-12-13 08:59:01.078286+00	193.224.167.1	165	45	51	11	\N	w
757	ba.subm	2025-12-13 09:00:02.759824+00	149.140.158.209	166	45	51	11	\N	w
758	ba.subm	2025-12-13 09:02:46.776061+00	2a02:ff0:332a:900f:7ce7:32fe:a60b:2e06	167	45	51	11	\N	w
759	ba.subm	2025-12-13 09:02:49.857182+00	94.120.116.110	168	45	51	11	\N	w
760	ba.subm	2025-12-13 09:04:12.825085+00	88.255.99.37	169	45	51	11	\N	w
761	ba.subm	2025-12-13 09:05:37.42005+00	95.70.130.217	170	45	51	11	\N	w
762	ba.conf	2025-12-13 09:07:54.279537+00	46.2.212.183	169	45	51	11	1	w
763	ba.conf	2025-12-13 09:08:06.706142+00	46.2.212.183	164	45	51	11	1	w
764	ba.subm	2025-12-13 09:09:21.193736+00	5.46.128.154	171	45	51	11	\N	w
765	ba.subm	2025-12-13 09:11:00.674218+00	176.55.114.228	172	45	51	11	\N	w
766	ba.subm	2025-12-13 09:12:24.6252+00	2a00:1d34:409b:bf00:831:4b84:7fd7:4341	173	45	51	11	\N	w
767	ba.conf	2025-12-13 09:13:05.415401+00	46.2.212.183	168	45	51	11	1	w
768	ba.conf	2025-12-13 09:13:21.460779+00	46.2.212.183	173	45	51	11	1	w
769	ba.conf	2025-12-13 09:13:29.955042+00	46.2.212.183	167	45	51	11	1	w
770	ba.conf	2025-12-13 09:13:44.013915+00	46.2.212.183	165	45	51	11	1	w
771	ba.conf	2025-12-13 09:14:03.785558+00	46.2.212.183	172	45	51	11	1	w
772	ba.conf	2025-12-13 09:14:12.191176+00	46.2.212.183	171	45	51	11	1	w
773	ba.conf	2025-12-13 09:14:26.041737+00	46.2.212.183	170	45	51	11	1	w
774	ba.conf	2025-12-13 09:14:34.790755+00	46.2.212.183	166	45	51	11	1	w
775	ba.conf	2025-12-13 09:14:49.663655+00	2a00:1d34:81d:6b01:a9d4:72d7:74dd:5478	164	45	51	11	1	w
776	ba.subm	2025-12-13 09:16:00.251472+00	5.47.83.117	174	45	51	11	\N	w
777	ba.conf	2025-12-13 09:16:07.643708+00	2a00:1d34:81d:6b01:a9d4:72d7:74dd:5478	174	45	51	11	1	w
778	ba.subm	2025-12-13 09:16:46.251557+00	159.146.43.104	175	45	51	11	\N	w
779	ba.subm	2025-12-13 09:16:58.927329+00	31.223.1.65	176	45	51	11	\N	w
780	ba.subm	2025-12-13 09:17:06.220824+00	95.5.109.132	177	45	51	11	\N	w
781	ba.conf	2025-12-13 09:17:10.3896+00	2a00:1d34:81d:6b01:a9d4:72d7:74dd:5478	176	45	51	11	1	w
782	ba.conf	2025-12-13 09:17:18.811519+00	2a00:1d34:81d:6b01:a9d4:72d7:74dd:5478	177	45	51	11	1	w
783	ba.conf	2025-12-13 09:17:30.106162+00	2a00:1d34:81d:6b01:a9d4:72d7:74dd:5478	175	45	51	11	1	w
784	ba.subm	2025-12-13 09:17:51.71592+00	46.104.41.63	178	45	51	11	\N	w
785	ba.conf	2025-12-13 09:18:06.008372+00	2a00:1d34:81d:6b01:a9d4:72d7:74dd:5478	178	45	51	11	1	w
786	ba.subm	2025-12-13 09:18:06.865388+00	2a00:1d34:445:100:588d:c67e:9fc3:9d4a	179	45	51	11	\N	w
787	ba.crea	2025-12-13 09:21:08.966549+00	2a00:1d34:81d:6b01:a9d4:72d7:74dd:5478	180	45	51	11	1	w
788	ba.conf	2025-12-13 09:21:16.221253+00	2a00:1d34:81d:6b01:a9d4:72d7:74dd:5478	179	45	51	11	1	w
789	ba.subm	2025-12-13 09:23:04.621663+00	85.105.154.26	181	45	51	11	\N	w
790	ba.crea	2025-12-13 09:23:12.46273+00	2a00:1d34:81d:6b01:a9d4:72d7:74dd:5478	182	45	51	11	1	w
791	ba.conf	2025-12-13 09:23:19.774211+00	2a00:1d34:81d:6b01:a9d4:72d7:74dd:5478	181	45	51	11	1	w
792	ba.subm	2025-12-13 09:24:24.653511+00	94.54.16.3	183	45	51	11	\N	w
793	ba.crea	2025-12-13 09:26:29.901611+00	2a00:1d34:81d:6b01:a9d4:72d7:74dd:5478	184	45	51	11	1	w
794	ba.conf	2025-12-13 09:26:38.383278+00	2a00:1d34:81d:6b01:a9d4:72d7:74dd:5478	182	45	51	11	1	w
795	ba.subm	2025-12-13 09:27:33.467402+00	2a00:1880:a489:4a03:1880:b1d3:d8a3:b6f8	185	45	51	11	\N	w
796	ba.conf	2025-12-13 09:27:55.292891+00	2a00:1d34:81d:6b01:a9d4:72d7:74dd:5478	185	45	51	11	1	w
797	ba.subm	2025-12-13 09:28:51.444371+00	2a00:1d34:7c15:2900:11:1f3f:2cba:68ca	186	45	51	11	\N	w
798	ba.conf	2025-12-13 09:29:04.488865+00	2a00:1d34:81d:6b01:a9d4:72d7:74dd:5478	186	45	51	11	1	w
799	rd.comp	2025-12-13 09:32:07.124562+00	46.2.212.183	51	53	51	11	1	w
800	av.tm.save	2025-12-13 09:32:11.479892+00	46.2.212.183	52	53	52	11	1	w
801	av.tm.save	2025-12-13 09:32:57.877775+00	46.2.212.183	52	53	52	11	1	w
802	av.tm.save	2025-12-13 09:33:05.535544+00	46.2.212.183	52	53	52	11	1	w
803	av.tm.save	2025-12-13 09:33:56.399777+00	46.2.212.183	52	53	52	11	1	w
804	av.tm.save	2025-12-13 09:34:03.083531+00	46.2.212.183	52	53	52	11	1	w
805	av.aj.save	2025-12-13 09:34:26.704437+00	46.2.212.183	52	53	52	11	1	w
806	av.aj.save	2025-12-13 09:34:30.089604+00	46.2.212.183	52	53	52	11	1	w
807	av.ve.save	2025-12-13 09:34:45.961447+00	46.2.212.183	52	53	52	11	1	w
808	av.ve.save	2025-12-13 09:34:50.309156+00	46.2.212.183	52	53	52	11	1	w
809	dr.crea	2025-12-13 09:34:52.836292+00	46.2.212.183	52	53	52	11	1	w
810	dr.conf	2025-12-13 09:34:54.773895+00	46.2.212.183	52	53	52	11	1	w
811	av.aj.save	2025-12-13 09:36:57.311016+00	46.2.212.183	52	53	52	11	1	w
812	dr.rele	2025-12-13 09:42:30.925146+00	46.2.212.183	52	53	52	11	1	w
813	ba.subm	2025-12-13 10:34:05.602753+00	45.83.33.178	187	45	52	11	\N	w
814	mo.edit	2025-12-13 10:38:37.244057+00	2a02:ff0:332a:2593:19:ee92:bc6b:21fc	16	33	52	11	1	w
815	mo.rele	2025-12-13 10:38:39.553993+00	2a02:ff0:332a:2593:19:ee92:bc6b:21fc	52	53	52	11	1	w
816	mo.rele	2025-12-13 10:38:41.003484+00	2a02:ff0:332a:2593:19:ee92:bc6b:21fc	52	53	52	11	1	w
817	ba.subm	2025-12-13 10:39:33.500874+00	94.54.16.3	188	45	52	11	\N	w
818	ba.subm	2025-12-13 10:41:17.039635+00	193.224.167.1	189	45	52	11	\N	w
819	ba.conf	2025-12-13 10:41:18.498143+00	2a02:ff0:332a:2593:19:ee92:bc6b:21fc	188	45	52	11	1	w
820	ba.conf	2025-12-13 10:41:28.597437+00	2a02:ff0:332a:2593:19:ee92:bc6b:21fc	189	45	52	11	1	w
821	ba.conf	2025-12-13 10:41:40.343603+00	2a02:ff0:332a:2593:19:ee92:bc6b:21fc	187	45	52	11	1	w
822	ba.subm	2025-12-13 10:45:53.0169+00	78.190.178.159	190	45	52	11	\N	w
823	ba.conf	2025-12-13 10:47:59.970143+00	2a02:ff0:332a:2593:19:ee92:bc6b:21fc	190	45	52	11	1	w
824	ba.subm	2025-12-13 10:49:35.80872+00	2a00:1d34:7c15:2900:b570:cd1c:d12b:949b	191	45	52	11	\N	w
825	ba.subm	2025-12-13 10:52:11.890055+00	31.223.1.65	192	45	52	11	\N	w
826	ba.subm	2025-12-13 10:55:23.256448+00	2a02:ff0:332a:900f:7ce7:32fe:a60b:2e06	193	45	52	11	\N	w
827	ba.subm	2025-12-13 10:59:03.215418+00	151.250.175.98	194	45	52	11	\N	w
828	ba.subm	2025-12-13 11:01:34.10752+00	31.223.1.65	195	45	52	11	\N	w
829	ba.conf	2025-12-13 11:01:51.366006+00	2a02:ff0:332a:2593:19:ee92:bc6b:21fc	195	45	52	11	1	w
830	ba.conf	2025-12-13 11:02:01.60495+00	2a02:ff0:332a:2593:19:ee92:bc6b:21fc	192	45	52	11	1	w
831	ba.conf	2025-12-13 11:02:10.005873+00	2a02:ff0:332a:2593:19:ee92:bc6b:21fc	193	45	52	11	1	w
832	ba.conf	2025-12-13 11:02:20.714566+00	2a02:ff0:332a:2593:19:ee92:bc6b:21fc	194	45	52	11	1	w
833	ba.conf	2025-12-13 11:02:36.742541+00	2a02:ff0:332a:2593:19:ee92:bc6b:21fc	191	45	52	11	1	w
834	ba.subm	2025-12-13 11:03:33.839643+00	2a00:1d34:81d:2000:1924:b679:adbf:cfc5	196	45	52	11	\N	w
835	ba.subm	2025-12-13 11:04:04.942809+00	46.104.41.63	197	45	52	11	\N	w
836	ba.subm	2025-12-13 11:06:19.696038+00	2a00:1d34:445:100:588d:c67e:9fc3:9d4a	198	45	52	11	\N	w
837	ba.crea	2025-12-13 11:07:10.405323+00	2a02:ff0:332a:2593:19:ee92:bc6b:21fc	199	45	52	11	1	w
838	ba.conf	2025-12-13 11:07:35.473508+00	2a02:ff0:332a:2593:19:ee92:bc6b:21fc	197	45	52	11	1	w
839	ba.conf	2025-12-13 11:11:01.481393+00	2a02:ff0:332a:2593:19:ee92:bc6b:21fc	196	45	52	11	1	w
840	ba.subm	2025-12-13 11:12:22.460747+00	95.70.130.217	200	45	52	11	\N	w
841	ba.conf	2025-12-13 11:12:47.763352+00	2a02:ff0:332a:2593:19:ee92:bc6b:21fc	198	45	52	11	1	w
842	ba.conf	2025-12-13 11:13:00.973757+00	2a02:ff0:332a:2593:19:ee92:bc6b:21fc	200	45	52	11	1	w
843	ba.subm	2025-12-13 11:13:24.955941+00	85.105.154.26	201	45	52	11	\N	w
844	ba.subm	2025-12-13 11:14:16.319664+00	88.255.99.37	202	45	52	11	\N	w
845	ba.conf	2025-12-13 11:14:16.657587+00	2a02:ff0:332a:2593:19:ee92:bc6b:21fc	201	45	52	11	1	w
846	ba.conf	2025-12-13 11:14:36.034369+00	2a02:ff0:332a:2593:19:ee92:bc6b:21fc	202	45	52	11	1	w
847	ba.subm	2025-12-13 11:16:17.937123+00	2a00:1d34:7c15:2900:11:1f3f:2cba:68ca	203	45	52	11	\N	w
848	ba.subm	2025-12-13 11:16:33.277522+00	159.146.43.104	204	45	52	11	\N	w
849	ba.subm	2025-12-13 11:16:40.762368+00	2a00:1d34:409b:bf00:831:4b84:7fd7:4341	205	45	52	11	\N	w
850	ba.subm	2025-12-13 11:16:57.635897+00	2a02:ff0:332a:900f:2523:3784:fcf0:a8a8	206	45	52	11	\N	w
851	ba.subm	2025-12-13 11:17:08.72103+00	151.135.15.29	207	45	52	11	\N	w
852	ba.crea	2025-12-13 11:19:51.136666+00	2a00:1d34:81d:6b01:a9d4:72d7:74dd:5478	208	45	52	11	1	w
853	ba.subm	2025-12-13 11:22:44.264124+00	2a00:1880:a489:4a03:1880:b1d3:d8a3:b6f8	209	45	52	11	\N	w
854	ba.subm	2025-12-13 11:23:26.56945+00	5.47.83.117	210	45	52	11	\N	w
855	ba.subm	2025-12-13 11:24:29.480222+00	2a00:1880:a489:4a03:1880:b1d3:d8a3:b6f8	211	45	52	11	\N	w
856	ba.conf	2025-12-13 11:27:29.780584+00	2a02:ff0:332a:2593:19:ee92:bc6b:21fc	205	45	52	11	1	w
857	ba.conf	2025-12-13 11:27:36.696748+00	2a02:ff0:332a:2593:19:ee92:bc6b:21fc	203	45	52	11	1	w
858	ba.conf	2025-12-13 11:27:44.716231+00	2a02:ff0:332a:2593:19:ee92:bc6b:21fc	206	45	52	11	1	w
859	ba.conf	2025-12-13 11:27:53.303877+00	2a02:ff0:332a:2593:19:ee92:bc6b:21fc	210	45	52	11	1	w
860	ba.conf	2025-12-13 11:28:01.835921+00	2a02:ff0:332a:2593:19:ee92:bc6b:21fc	204	45	52	11	1	w
861	ba.conf	2025-12-13 11:28:19.799379+00	2a02:ff0:332a:2593:19:ee92:bc6b:21fc	207	45	52	11	1	w
862	ba.subm	2025-12-13 11:33:36.991944+00	151.135.38.119	212	45	52	11	\N	w
863	ba.conf	2025-12-13 11:33:51.039942+00	2a02:ff0:332a:2593:19:ee92:bc6b:21fc	211	45	52	11	1	w
864	ba.conf	2025-12-13 11:33:58.102034+00	2a02:ff0:332a:2593:19:ee92:bc6b:21fc	212	45	52	11	1	w
865	ba.crea	2025-12-13 11:37:25.3919+00	2a00:1d34:81d:6b01:a9d4:72d7:74dd:5478	213	45	52	11	1	w
866	ba.subm	2025-12-13 11:37:30.88799+00	176.42.143.113	214	45	52	11	\N	w
867	ba.conf	2025-12-13 11:37:47.831063+00	2a02:ff0:332a:2593:19:ee92:bc6b:21fc	214	45	52	11	1	w
868	rd.comp	2025-12-13 11:38:49.982432+00	46.2.212.183	52	53	52	11	1	w
869	av.tm.save	2025-12-13 11:38:53.876889+00	46.2.212.183	53	53	53	11	1	w
870	av.tm.save	2025-12-13 11:39:05.495423+00	46.2.212.183	53	53	53	11	1	w
871	av.tm.save	2025-12-13 11:39:13.153766+00	46.2.212.183	53	53	53	11	1	w
872	av.tm.save	2025-12-13 11:40:02.44225+00	46.2.212.183	53	53	53	11	1	w
873	av.tm.save	2025-12-13 11:40:13.042913+00	46.2.212.183	53	53	53	11	1	w
874	av.tm.save	2025-12-13 11:40:18.901195+00	46.2.212.183	53	53	53	11	1	w
875	av.tm.save	2025-12-13 11:40:42.081727+00	46.2.212.183	53	53	53	11	1	w
876	av.tm.save	2025-12-13 11:41:44.749984+00	46.2.212.183	53	53	53	11	1	w
877	av.tm.save	2025-12-13 11:41:56.680036+00	46.2.212.183	53	53	53	11	1	w
878	av.tm.save	2025-12-13 11:41:59.277427+00	46.2.212.183	53	53	53	11	1	w
879	av.tm.save	2025-12-13 11:42:28.537162+00	46.2.212.183	53	53	53	11	1	w
880	av.tm.save	2025-12-13 11:42:44.126219+00	46.2.212.183	53	53	53	11	1	w
881	av.tm.save	2025-12-13 11:43:06.036503+00	46.2.212.183	53	53	53	11	1	w
882	av.tm.save	2025-12-13 11:43:20.356773+00	46.2.212.183	53	53	53	11	1	w
883	av.tm.save	2025-12-13 11:45:10.823681+00	46.2.212.183	53	53	53	11	1	w
884	av.tm.save	2025-12-13 11:45:21.754767+00	46.2.212.183	53	53	53	11	1	w
885	av.tm.save	2025-12-13 11:45:54.664633+00	46.2.212.183	53	53	53	11	1	w
886	av.aj.save	2025-12-13 11:46:02.841402+00	46.2.212.183	53	53	53	11	1	w
887	av.ve.save	2025-12-13 11:47:48.569919+00	46.2.212.183	53	53	53	11	1	w
888	av.ve.save	2025-12-13 11:47:52.076836+00	46.2.212.183	53	53	53	11	1	w
889	av.ve.save	2025-12-13 11:47:54.193126+00	46.2.212.183	53	53	53	11	1	w
890	av.ve.save	2025-12-13 11:47:54.918263+00	46.2.212.183	53	53	53	11	1	w
891	av.ve.save	2025-12-13 11:47:55.421282+00	46.2.212.183	53	53	53	11	1	w
892	dr.crea	2025-12-13 11:47:59.756167+00	46.2.212.183	53	53	53	11	1	w
893	dr.conf	2025-12-13 11:48:06.23068+00	46.2.212.183	53	53	53	11	1	w
894	dr.rele	2025-12-13 12:05:36.41112+00	46.2.212.183	53	53	53	11	1	w
895	mo.edit	2025-12-13 12:06:13.830757+00	46.2.212.183	17	33	53	11	1	w
896	dr.unre	2025-12-13 12:28:26.718694+00	46.2.212.183	53	53	53	11	1	w
897	dr.rele	2025-12-13 12:28:48.566009+00	46.2.212.183	53	53	53	11	1	w
898	mo.rele	2025-12-13 12:39:07.204912+00	2a02:ff0:332a:2593:19:ee92:bc6b:21fc	53	53	53	11	1	w
899	mo.rele	2025-12-13 12:39:08.491374+00	2a02:ff0:332a:2593:19:ee92:bc6b:21fc	53	53	53	11	1	w
900	ba.subm	2025-12-13 13:15:14.993596+00	185.204.72.161	215	45	53	11	\N	w
901	ba.subm	2025-12-13 13:22:53.859466+00	2a02:ff0:331c:bded:45ed:eb6d:4fe9:377c	216	45	53	11	\N	w
902	ba.subm	2025-12-13 13:25:56.041951+00	2a00:1d34:81d:2000:1924:b679:adbf:cfc5	217	45	53	11	\N	w
903	ba.subm	2025-12-13 13:29:24.887243+00	159.146.43.104	218	45	53	11	\N	w
904	ba.crea	2025-12-13 13:41:33.931925+00	2a02:ff0:332a:2593:19:ee92:bc6b:21fc	219	45	53	11	1	w
905	ba.subm	2025-12-13 13:44:30.358166+00	46.104.41.63	220	45	53	11	\N	w
906	ba.subm	2025-12-13 13:45:35.318253+00	94.54.16.3	221	45	53	11	\N	w
907	ba.subm	2025-12-13 13:46:01.107154+00	78.190.178.159	222	45	53	11	\N	w
908	ba.conf	2025-12-13 13:46:51.089844+00	2a02:ff0:332a:2593:19:ee92:bc6b:21fc	215	45	53	11	1	w
909	ba.conf	2025-12-13 13:47:21.832226+00	2a02:ff0:332a:2593:19:ee92:bc6b:21fc	216	45	53	11	1	w
910	ba.conf	2025-12-13 13:47:30.478695+00	2a02:ff0:332a:2593:19:ee92:bc6b:21fc	220	45	53	11	1	w
911	ba.conf	2025-12-13 13:47:47.766605+00	2a02:ff0:332a:2593:19:ee92:bc6b:21fc	222	45	53	11	1	w
912	ba.conf	2025-12-13 13:47:59.44848+00	2a02:ff0:332a:2593:19:ee92:bc6b:21fc	221	45	53	11	1	w
913	ba.conf	2025-12-13 13:48:31.378427+00	2a02:ff0:332a:2593:19:ee92:bc6b:21fc	217	45	53	11	1	w
914	ba.conf	2025-12-13 13:48:51.004572+00	2a02:ff0:332a:2593:19:ee92:bc6b:21fc	218	45	53	11	1	w
915	ba.subm	2025-12-13 13:54:36.345376+00	95.5.109.132	223	45	53	11	\N	w
916	ba.subm	2025-12-13 13:55:37.735199+00	2a02:ff0:332a:900f:2523:3784:fcf0:a8a8	224	45	53	11	\N	w
917	ba.conf	2025-12-13 13:55:55.429802+00	2a02:ff0:332a:2593:19:ee92:bc6b:21fc	224	45	53	11	1	w
918	ba.conf	2025-12-13 13:56:05.378074+00	2a02:ff0:332a:2593:19:ee92:bc6b:21fc	223	45	53	11	1	w
919	ba.subm	2025-12-13 13:57:14.416801+00	31.223.1.65	225	45	53	11	\N	w
920	ba.subm	2025-12-13 13:57:47.709801+00	2a00:1d34:445:100:588d:c67e:9fc3:9d4a	226	45	53	11	\N	w
921	ba.conf	2025-12-13 14:01:01.615785+00	2a02:ff0:332a:2593:19:ee92:bc6b:21fc	225	45	53	11	1	w
922	ba.conf	2025-12-13 14:01:10.258175+00	2a02:ff0:332a:2593:19:ee92:bc6b:21fc	226	45	53	11	1	w
923	ba.subm	2025-12-13 14:01:44.539469+00	5.47.83.117	227	45	53	11	\N	w
924	ba.subm	2025-12-13 14:05:38.576174+00	2a00:1d34:7c15:2900:11:1f3f:2cba:68ca	228	45	53	11	\N	w
925	ba.subm	2025-12-13 14:05:47.528005+00	88.255.99.37	229	45	53	11	\N	w
926	ba.subm	2025-12-13 14:06:41.836611+00	31.223.1.65	230	45	53	11	\N	w
927	ba.subm	2025-12-13 14:09:04.484149+00	151.250.175.98	231	45	53	11	\N	w
928	ba.subm	2025-12-13 14:09:20.736441+00	85.105.154.26	232	45	53	11	\N	w
929	ba.subm	2025-12-13 14:11:58.488581+00	2a00:1880:a489:4a03:1880:b1d3:d8a3:b6f8	233	45	53	11	\N	w
930	ba.subm	2025-12-13 14:14:45.660356+00	2a00:1d34:409b:bf00:831:4b84:7fd7:4341	234	45	53	11	\N	w
931	ba.subm	2025-12-13 14:27:31.855443+00	176.42.143.113	235	45	53	11	\N	w
932	ba.conf	2025-12-13 14:28:41.572606+00	2a02:ff0:332a:2593:19:ee92:bc6b:21fc	232	45	53	11	1	w
933	ba.conf	2025-12-13 14:29:07.950956+00	2a02:ff0:332a:2593:19:ee92:bc6b:21fc	231	45	53	11	1	w
934	ba.conf	2025-12-13 14:29:23.608636+00	2a02:ff0:332a:2593:19:ee92:bc6b:21fc	229	45	53	11	1	w
935	ba.conf	2025-12-13 14:29:32.54059+00	2a02:ff0:332a:2593:19:ee92:bc6b:21fc	228	45	53	11	1	w
936	ba.conf	2025-12-13 14:29:39.802573+00	2a02:ff0:332a:2593:19:ee92:bc6b:21fc	235	45	53	11	1	w
937	ba.conf	2025-12-13 14:29:46.920762+00	2a02:ff0:332a:2593:19:ee92:bc6b:21fc	233	45	53	11	1	w
938	ba.conf	2025-12-13 14:29:53.293935+00	2a02:ff0:332a:2593:19:ee92:bc6b:21fc	227	45	53	11	1	w
939	ba.conf	2025-12-13 14:30:01.559256+00	2a02:ff0:332a:2593:19:ee92:bc6b:21fc	230	45	53	11	1	w
940	ba.conf	2025-12-13 14:30:09.689223+00	2a02:ff0:332a:2593:19:ee92:bc6b:21fc	234	45	53	11	1	w
941	ba.subm	2025-12-13 14:30:52.350223+00	151.135.15.29	236	45	53	11	\N	w
942	ba.conf	2025-12-13 14:31:03.133588+00	2a02:ff0:332a:2593:19:ee92:bc6b:21fc	236	45	53	11	1	w
943	ba.crea	2025-12-13 14:32:40.272303+00	2a00:1d34:81d:6b01:a9d4:72d7:74dd:5478	237	45	53	11	1	w
944	rd.comp	2025-12-13 14:33:35.219866+00	2a02:ff0:332a:2593:19:ee92:bc6b:21fc	53	53	53	11	1	w
945	av.tm.save	2025-12-13 14:34:00.797222+00	2a02:ff0:332a:2593:19:ee92:bc6b:21fc	54	53	54	11	1	w
946	av.tm.save	2025-12-13 14:34:04.305455+00	2a02:ff0:332a:2593:19:ee92:bc6b:21fc	54	53	54	11	1	w
947	av.tm.save	2025-12-13 14:34:05.819557+00	2a02:ff0:332a:2593:19:ee92:bc6b:21fc	54	53	54	11	1	w
948	av.tm.save	2025-12-13 14:34:06.846404+00	2a02:ff0:332a:2593:19:ee92:bc6b:21fc	54	53	54	11	1	w
949	av.tm.save	2025-12-13 14:34:41.958779+00	2a02:ff0:332a:2593:19:ee92:bc6b:21fc	54	53	54	11	1	w
950	av.tm.save	2025-12-13 14:34:43.800745+00	2a02:ff0:332a:2593:19:ee92:bc6b:21fc	54	53	54	11	1	w
951	av.tm.save	2025-12-13 14:34:44.922033+00	2a02:ff0:332a:2593:19:ee92:bc6b:21fc	54	53	54	11	1	w
952	av.tm.save	2025-12-13 14:34:54.241179+00	2a02:ff0:332a:2593:19:ee92:bc6b:21fc	54	53	54	11	1	w
953	av.tm.save	2025-12-13 14:34:55.234972+00	2a02:ff0:332a:2593:19:ee92:bc6b:21fc	54	53	54	11	1	w
954	av.tm.save	2025-12-13 14:35:10.013058+00	2a02:ff0:332a:2593:19:ee92:bc6b:21fc	54	53	54	11	1	w
955	av.tm.save	2025-12-13 14:35:16.323776+00	2a02:ff0:332a:2593:19:ee92:bc6b:21fc	54	53	54	11	1	w
956	av.tm.save	2025-12-13 14:35:24.627116+00	2a02:ff0:332a:2593:19:ee92:bc6b:21fc	54	53	54	11	1	w
957	av.tm.save	2025-12-13 14:35:39.650088+00	2a02:ff0:332a:2593:19:ee92:bc6b:21fc	54	53	54	11	1	w
958	av.tm.save	2025-12-13 14:36:01.756058+00	2a02:ff0:332a:2593:19:ee92:bc6b:21fc	54	53	54	11	1	w
959	av.tm.save	2025-12-13 14:36:02.841219+00	2a02:ff0:332a:2593:19:ee92:bc6b:21fc	54	53	54	11	1	w
960	av.tm.save	2025-12-13 14:36:32.505665+00	2a02:ff0:332a:2593:19:ee92:bc6b:21fc	54	53	54	11	1	w
961	av.tm.save	2025-12-13 14:36:35.429778+00	2a02:ff0:332a:2593:19:ee92:bc6b:21fc	54	53	54	11	1	w
962	av.aj.save	2025-12-13 14:36:42.569916+00	2a02:ff0:332a:2593:19:ee92:bc6b:21fc	54	53	54	11	1	w
963	av.aj.save	2025-12-13 14:37:44.313435+00	2a02:ff0:332a:2593:19:ee92:bc6b:21fc	54	53	54	11	1	w
964	av.aj.save	2025-12-13 14:37:59.091231+00	2a02:ff0:332a:2593:19:ee92:bc6b:21fc	54	53	54	11	1	w
965	av.aj.save	2025-12-13 14:38:00.163208+00	2a02:ff0:332a:2593:19:ee92:bc6b:21fc	54	53	54	11	1	w
966	av.aj.save	2025-12-13 14:38:00.939575+00	2a02:ff0:332a:2593:19:ee92:bc6b:21fc	54	53	54	11	1	w
967	av.aj.save	2025-12-13 14:38:19.385815+00	2a02:ff0:332a:2593:19:ee92:bc6b:21fc	54	53	54	11	1	w
968	av.aj.save	2025-12-13 14:38:26.136384+00	2a02:ff0:332a:2593:19:ee92:bc6b:21fc	54	53	54	11	1	w
969	av.aj.save	2025-12-13 14:38:29.092053+00	2a02:ff0:332a:2593:19:ee92:bc6b:21fc	54	53	54	11	1	w
970	av.ve.save	2025-12-13 14:39:19.804874+00	2a02:ff0:332a:2593:19:ee92:bc6b:21fc	54	53	54	11	1	w
971	av.ve.save	2025-12-13 14:39:39.083119+00	2a02:ff0:332a:2593:19:ee92:bc6b:21fc	54	53	54	11	1	w
972	dr.crea	2025-12-13 14:39:51.528446+00	2a02:ff0:332a:2593:19:ee92:bc6b:21fc	54	53	54	11	1	w
973	dr.conf	2025-12-13 14:39:55.203016+00	2a02:ff0:332a:2593:19:ee92:bc6b:21fc	54	53	54	11	1	w
974	dr.rele	2025-12-13 14:45:26.900526+00	2a02:ff0:332a:2593:19:ee92:bc6b:21fc	54	53	54	11	1	w
975	mo.edit	2025-12-13 14:46:44.489893+00	2a02:ff0:332a:2593:19:ee92:bc6b:21fc	18	33	54	11	1	w
976	mo.rele	2025-12-13 15:03:59.390304+00	2a02:ff0:332a:2593:19:ee92:bc6b:21fc	54	53	54	11	1	w
977	mo.rele	2025-12-13 15:04:01.187257+00	2a02:ff0:332a:2593:19:ee92:bc6b:21fc	54	53	54	11	1	w
978	op.edit	2025-12-13 15:13:10.905621+00	46.2.212.183	11	54	\N	11	1	w
979	ba.crea	2025-12-13 15:36:53.956874+00	2a02:ff0:332a:2593:19:ee92:bc6b:21fc	238	45	54	11	1	w
980	ba.subm	2025-12-13 15:50:01.377344+00	151.135.38.119	239	45	54	11	\N	w
981	ba.conf	2025-12-13 15:51:38.703297+00	2a02:ff0:332a:2593:19:ee92:bc6b:21fc	239	45	54	11	1	w
982	ba.conf	2025-12-13 15:51:38.808966+00	2a02:ff0:332a:2593:19:ee92:bc6b:21fc	239	45	54	11	1	w
983	ba.subm	2025-12-13 16:03:45.740154+00	45.83.33.178	240	45	54	11	\N	w
984	ba.subm	2025-12-13 16:04:31.435109+00	2a02:ff0:331c:bded:45ed:eb6d:4fe9:377c	241	45	54	11	\N	w
985	ba.subm	2025-12-13 16:05:33.566607+00	46.104.41.63	242	45	54	11	\N	w
986	ba.subm	2025-12-13 16:07:39.374017+00	193.224.167.1	243	45	54	11	\N	w
987	ba.subm	2025-12-13 16:18:01.285806+00	2a00:1d34:7c15:2900:b570:cd1c:d12b:949b	244	45	54	11	\N	w
988	ba.subm	2025-12-13 16:19:42.556944+00	193.140.194.250	245	45	54	11	\N	w
989	ba.subm	2025-12-13 16:27:43.79772+00	85.99.176.255	246	45	54	11	\N	w
990	ba.subm	2025-12-13 16:27:44.820453+00	159.146.43.104	247	45	54	11	\N	w
991	ba.subm	2025-12-13 16:29:29.878631+00	176.42.143.113	248	45	54	11	\N	w
992	ba.subm	2025-12-13 16:31:15.969027+00	2a02:ff0:332a:900f:4020:131a:12a9:2a91	249	45	54	11	\N	w
993	ba.subm	2025-12-13 16:31:34.883007+00	2a00:1d34:445:100:588d:c67e:9fc3:9d4a	250	45	54	11	\N	w
994	ba.subm	2025-12-13 16:34:59.618968+00	95.70.130.217	251	45	54	11	\N	w
995	ba.conf	2025-12-13 16:36:14.003107+00	2a02:ff0:332a:2593:19:ee92:bc6b:21fc	248	45	54	11	1	w
996	ba.conf	2025-12-13 16:36:20.489476+00	2a02:ff0:332a:2593:19:ee92:bc6b:21fc	241	45	54	11	1	w
997	ba.conf	2025-12-13 16:36:26.488073+00	2a02:ff0:332a:2593:19:ee92:bc6b:21fc	251	45	54	11	1	w
998	ba.conf	2025-12-13 16:36:35.304474+00	2a02:ff0:332a:2593:19:ee92:bc6b:21fc	245	45	54	11	1	w
999	ba.conf	2025-12-13 16:36:44.44947+00	2a02:ff0:332a:2593:19:ee92:bc6b:21fc	249	45	54	11	1	w
1000	ba.conf	2025-12-13 16:36:53.288422+00	2a02:ff0:332a:2593:19:ee92:bc6b:21fc	247	45	54	11	1	w
1001	ba.conf	2025-12-13 16:36:59.841714+00	2a02:ff0:332a:2593:19:ee92:bc6b:21fc	250	45	54	11	1	w
1002	ba.conf	2025-12-13 16:37:06.67175+00	2a02:ff0:332a:2593:19:ee92:bc6b:21fc	246	45	54	11	1	w
1003	ba.conf	2025-12-13 16:37:14.248188+00	2a02:ff0:332a:2593:19:ee92:bc6b:21fc	244	45	54	11	1	w
1004	ba.conf	2025-12-13 16:37:21.973191+00	2a02:ff0:332a:2593:19:ee92:bc6b:21fc	243	45	54	11	1	w
1005	ba.conf	2025-12-13 16:37:30.266671+00	2a02:ff0:332a:2593:19:ee92:bc6b:21fc	240	45	54	11	1	w
1006	ba.conf	2025-12-13 16:37:37.391054+00	2a02:ff0:332a:2593:19:ee92:bc6b:21fc	242	45	54	11	1	w
1007	ba.crea	2025-12-13 16:42:19.865965+00	2a00:1d34:81d:6b01:a9d4:72d7:74dd:5478	252	45	54	11	1	w
1008	ba.subm	2025-12-13 16:42:45.746875+00	2a00:1d34:7c15:2900:11:1f3f:2cba:68ca	253	45	54	11	\N	w
1009	ba.subm	2025-12-13 16:43:13.889767+00	31.143.61.186	254	45	54	11	\N	w
1010	ba.subm	2025-12-13 16:45:45.9617+00	88.255.99.37	255	45	54	11	\N	w
1011	ba.conf	2025-12-13 16:48:52.181816+00	2a02:ff0:332a:2593:19:ee92:bc6b:21fc	255	45	54	11	1	w
1012	ba.conf	2025-12-13 16:49:05.581896+00	2a02:ff0:332a:2593:19:ee92:bc6b:21fc	254	45	54	11	1	w
1013	ba.conf	2025-12-13 16:49:22.062623+00	2a02:ff0:332a:2593:19:ee92:bc6b:21fc	253	45	54	11	1	w
1014	ba.subm	2025-12-13 16:50:19.582597+00	2a00:1880:a489:4a03:1880:b1d3:d8a3:b6f8	256	45	54	11	\N	w
1015	ba.conf	2025-12-13 16:50:29.636877+00	2a02:ff0:332a:2593:19:ee92:bc6b:21fc	256	45	54	11	1	w
1016	ba.subm	2025-12-13 16:53:04.603322+00	2a02:ff0:332a:900f:2523:3784:fcf0:a8a8	257	45	54	11	\N	w
1017	ba.conf	2025-12-13 16:53:27.953189+00	2a02:ff0:332a:2593:19:ee92:bc6b:21fc	257	45	54	11	1	w
1018	ba.subm	2025-12-13 16:55:45.636619+00	149.140.214.104	258	45	54	11	\N	w
1019	ba.conf	2025-12-13 16:55:58.804839+00	2a02:ff0:332a:2593:19:ee92:bc6b:21fc	258	45	54	11	1	w
1020	rd.comp	2025-12-13 16:56:48.84967+00	2a02:ff0:332a:2593:19:ee92:bc6b:21fc	54	53	54	11	1	w
1021	br.gene	2025-12-13 16:56:57.309+00	2a02:ff0:332a:2593:19:ee92:bc6b:21fc	11	54	\N	11	1	w
1022	br.upda	2025-12-13 16:57:35.684046+00	2a02:ff0:332a:2593:19:ee92:bc6b:21fc	10	22	\N	11	1	w
1023	ba.conf	2025-12-13 17:11:14.032252+00	2a02:ff0:332a:2593:19:ee92:bc6b:21fc	257	45	54	11	1	w
1024	av.ve.save	2025-12-14 06:43:42.609643+00	46.2.212.183	58	53	58	11	1	w
1025	av.ve.save	2025-12-14 06:43:44.925434+00	46.2.212.183	58	53	58	11	1	w
1026	av.ve.save	2025-12-14 06:43:48.13956+00	46.2.212.183	58	53	58	11	1	w
1027	av.ve.save	2025-12-14 06:43:50.821519+00	46.2.212.183	58	53	58	11	1	w
1028	av.ve.save	2025-12-14 06:43:53.420609+00	46.2.212.183	58	53	58	11	1	w
1029	av.ve.save	2025-12-14 06:43:54.319342+00	46.2.212.183	58	53	58	11	1	w
1030	av.ve.save	2025-12-14 06:43:55.175031+00	46.2.212.183	58	53	58	11	1	w
1031	av.ve.save	2025-12-14 06:43:56.09081+00	46.2.212.183	58	53	58	11	1	w
1032	av.aj.save	2025-12-14 06:45:03.513185+00	46.2.212.183	58	53	58	11	1	w
1033	av.aj.save	2025-12-14 06:45:06.645263+00	46.2.212.183	58	53	58	11	1	w
1034	av.aj.save	2025-12-14 06:45:09.92429+00	46.2.212.183	58	53	58	11	1	w
1035	av.aj.save	2025-12-14 06:45:13.091952+00	46.2.212.183	58	53	58	11	1	w
1036	av.aj.save	2025-12-14 06:45:16.903552+00	46.2.212.183	58	53	58	11	1	w
1037	av.aj.save	2025-12-14 06:45:20.655022+00	46.2.212.183	58	53	58	11	1	w
1038	av.aj.save	2025-12-14 06:45:25.683644+00	46.2.212.183	58	53	58	11	1	w
1039	av.aj.save	2025-12-14 06:45:29.43659+00	46.2.212.183	58	53	58	11	1	w
1040	av.aj.save	2025-12-14 06:45:32.78335+00	46.2.212.183	58	53	58	11	1	w
1041	av.aj.save	2025-12-14 06:45:36.648586+00	46.2.212.183	58	53	58	11	1	w
1042	av.aj.save	2025-12-14 06:45:40.468115+00	46.2.212.183	58	53	58	11	1	w
1043	av.aj.save	2025-12-14 06:45:44.424195+00	46.2.212.183	58	53	58	11	1	w
1044	av.aj.save	2025-12-14 06:45:45.094816+00	46.2.212.183	58	53	58	11	1	w
1045	av.aj.save	2025-12-14 06:45:48.982141+00	46.2.212.183	58	53	58	11	1	w
1046	av.aj.save	2025-12-14 06:45:53.378872+00	46.2.212.183	58	53	58	11	1	w
1047	av.aj.save	2025-12-14 06:45:58.292797+00	46.2.212.183	58	53	58	11	1	w
1048	av.aj.save	2025-12-14 06:46:02.605078+00	46.2.212.183	58	53	58	11	1	w
1049	av.aj.save	2025-12-14 06:46:06.961377+00	46.2.212.183	58	53	58	11	1	w
1050	av.aj.save	2025-12-14 06:46:11.661866+00	46.2.212.183	58	53	58	11	1	w
1051	av.aj.save	2025-12-14 06:46:15.829192+00	46.2.212.183	58	53	58	11	1	w
1052	av.aj.save	2025-12-14 06:46:23.830994+00	46.2.212.183	58	53	58	11	1	w
1053	av.aj.save	2025-12-14 06:46:27.177665+00	46.2.212.183	58	53	58	11	1	w
1054	av.aj.save	2025-12-14 06:46:33.511314+00	46.2.212.183	58	53	58	11	1	w
1055	av.aj.save	2025-12-14 06:46:36.717593+00	46.2.212.183	58	53	58	11	1	w
1056	dr.crea	2025-12-14 06:46:45.512499+00	46.2.212.183	58	53	58	11	1	w
1057	dr.conf	2025-12-14 06:47:37.058069+00	46.2.212.183	58	53	58	11	1	w
1058	mo.edit	2025-12-14 06:56:35.670839+00	46.2.212.183	19	33	58	11	1	w
1059	dr.rele	2025-12-14 06:56:38.976688+00	46.2.212.183	58	53	58	11	1	w
1060	mo.rele	2025-12-14 07:00:12.477111+00	46.2.212.183	58	53	58	11	1	w
1061	ba.subm	2025-12-14 08:20:14.996371+00	2a02:ff0:332a:900f:e135:1ddf:863e:47f4	259	45	58	11	\N	w
1062	ba.conf	2025-12-14 08:22:02.581522+00	2a00:1d34:81d:6b01:7db6:72f2:42f2:5fd2	259	45	58	11	1	w
1063	ba.conf	2025-12-14 08:22:13.068341+00	2a02:ff0:332a:2593:70cb:4b81:4bea:e2a1	259	45	58	11	1	w
1064	ba.crea	2025-12-14 08:22:23.31982+00	2a00:1d34:81d:6b01:7db6:72f2:42f2:5fd2	260	45	58	11	1	w
1065	ba.subm	2025-12-14 08:23:37.79898+00	2a00:1d34:703d:ea00:d14b:bb:35d0:e459	261	45	58	11	\N	w
1066	ba.crea	2025-12-14 08:27:20.570852+00	2a02:ff0:332a:2593:70cb:4b81:4bea:e2a1	262	45	58	11	1	w
1067	ba.conf	2025-12-14 08:27:29.092729+00	2a02:ff0:332a:2593:70cb:4b81:4bea:e2a1	261	45	58	11	1	w
1068	mo.rele	2025-12-14 08:33:08.240871+00	46.2.212.183	58	53	58	11	1	w
1069	ba.crea	2025-12-14 08:33:39.914472+00	46.2.212.183	263	45	58	11	1	w
1070	ba.subm	2025-12-14 08:36:00.210636+00	85.105.154.26	264	45	58	11	\N	w
1071	ba.conf	2025-12-14 08:36:32.988122+00	46.2.212.183	264	45	58	11	1	w
1072	ba.subm	2025-12-14 08:36:49.14758+00	2a00:1d34:7c15:2900:3db8:6b56:2161:3921	265	45	58	11	\N	w
1073	ba.conf	2025-12-14 08:37:17.110975+00	46.2.212.183	265	45	58	11	1	w
1074	ba.crea	2025-12-14 08:52:14.659022+00	46.2.212.183	266	45	58	11	1	w
1075	rd.comp	2025-12-14 08:53:16.952493+00	2a02:ff0:332a:2593:70cb:4b81:4bea:e2a1	58	53	58	11	1	w
1076	av.aj.save	2025-12-14 08:53:23.003935+00	2a02:ff0:332a:2593:70cb:4b81:4bea:e2a1	57	53	57	11	1	w
1077	av.aj.save	2025-12-14 08:53:34.749989+00	2a02:ff0:332a:2593:70cb:4b81:4bea:e2a1	57	53	57	11	1	w
1078	av.aj.save	2025-12-14 08:53:36.962055+00	2a02:ff0:332a:2593:70cb:4b81:4bea:e2a1	57	53	57	11	1	w
1079	av.aj.save	2025-12-14 08:53:38.05408+00	2a02:ff0:332a:2593:70cb:4b81:4bea:e2a1	57	53	57	11	1	w
1080	av.aj.save	2025-12-14 08:53:39.007226+00	2a02:ff0:332a:2593:70cb:4b81:4bea:e2a1	57	53	57	11	1	w
1081	av.aj.save	2025-12-14 08:53:40.019104+00	2a02:ff0:332a:2593:70cb:4b81:4bea:e2a1	57	53	57	11	1	w
1082	av.aj.save	2025-12-14 08:53:40.832522+00	2a02:ff0:332a:2593:70cb:4b81:4bea:e2a1	57	53	57	11	1	w
1083	av.aj.save	2025-12-14 08:54:11.768167+00	2a02:ff0:332a:2593:70cb:4b81:4bea:e2a1	57	53	57	11	1	w
1084	av.aj.save	2025-12-14 08:56:44.389811+00	2a02:ff0:332a:2593:70cb:4b81:4bea:e2a1	57	53	57	11	1	w
1085	av.aj.save	2025-12-14 08:56:50.793808+00	2a02:ff0:332a:2593:70cb:4b81:4bea:e2a1	57	53	57	11	1	w
1086	av.aj.save	2025-12-14 08:56:53.724092+00	2a02:ff0:332a:2593:70cb:4b81:4bea:e2a1	57	53	57	11	1	w
1087	av.aj.save	2025-12-14 08:56:56.019415+00	2a02:ff0:332a:2593:70cb:4b81:4bea:e2a1	57	53	57	11	1	w
1088	av.aj.save	2025-12-14 08:57:07.563743+00	2a02:ff0:332a:2593:70cb:4b81:4bea:e2a1	57	53	57	11	1	w
1089	av.ve.save	2025-12-14 08:57:26.395536+00	2a02:ff0:332a:2593:70cb:4b81:4bea:e2a1	57	53	57	11	1	w
1090	av.ve.save	2025-12-14 08:57:32.653819+00	2a02:ff0:332a:2593:70cb:4b81:4bea:e2a1	57	53	57	11	1	w
1091	av.ve.save	2025-12-14 08:57:33.446487+00	2a02:ff0:332a:2593:70cb:4b81:4bea:e2a1	57	53	57	11	1	w
1092	av.ve.save	2025-12-14 08:57:34.034445+00	2a02:ff0:332a:2593:70cb:4b81:4bea:e2a1	57	53	57	11	1	w
1093	av.ve.save	2025-12-14 08:57:35.172286+00	2a02:ff0:332a:2593:70cb:4b81:4bea:e2a1	57	53	57	11	1	w
1094	dr.crea	2025-12-14 08:57:51.251916+00	2a02:ff0:332a:2593:70cb:4b81:4bea:e2a1	57	53	57	11	1	w
1095	dr.conf	2025-12-14 08:58:02.898903+00	2a02:ff0:332a:2593:70cb:4b81:4bea:e2a1	57	53	57	11	1	w
1096	dr.rele	2025-12-14 09:26:09.720237+00	2a02:ff0:332a:2593:7cd0:b205:c16a:9921	57	53	57	11	1	w
1097	mo.edit	2025-12-14 09:34:05.756725+00	2a02:ff0:332a:2593:7cd0:b205:c16a:9921	20	33	57	11	1	w
1098	mo.rele	2025-12-14 09:38:36.790595+00	2a02:ff0:332a:2593:7cd0:b205:c16a:9921	57	53	57	11	1	w
1099	mo.rele	2025-12-14 09:38:37.944895+00	2a02:ff0:332a:2593:7cd0:b205:c16a:9921	57	53	57	11	1	w
1100	ba.subm	2025-12-14 11:07:46.554094+00	2a00:1d34:703d:ea00:f928:b383:e893:9aef	267	45	57	11	\N	w
1101	ba.conf	2025-12-14 11:11:42.371914+00	46.2.212.183	267	45	57	11	1	w
1102	ba.crea	2025-12-14 11:11:59.48969+00	46.2.212.183	268	45	57	11	1	w
1103	ba.crea	2025-12-14 11:14:55.886545+00	2a02:ff0:332a:2593:7cd0:b205:c16a:9921	269	45	57	11	1	w
1104	ba.crea	2025-12-14 11:20:13.390633+00	2a00:1d34:81d:6b01:5402:c0b1:1ceb:5ffc	270	45	57	11	1	w
1105	av.aj.save	2025-12-14 11:21:16.693015+00	46.2.212.183	56	53	56	11	1	w
1106	av.aj.save	2025-12-14 11:21:19.01772+00	46.2.212.183	56	53	56	11	1	w
1107	av.aj.save	2025-12-14 11:21:27.172598+00	46.2.212.183	56	53	56	11	1	w
1108	av.aj.save	2025-12-14 11:21:29.111105+00	46.2.212.183	56	53	56	11	1	w
1109	av.aj.save	2025-12-14 11:21:37.077564+00	46.2.212.183	56	53	56	11	1	w
1110	av.aj.save	2025-12-14 11:21:38.785915+00	46.2.212.183	56	53	56	11	1	w
1111	av.ve.save	2025-12-14 11:21:43.652326+00	46.2.212.183	56	53	56	11	1	w
1112	av.ve.save	2025-12-14 11:21:45.997921+00	46.2.212.183	56	53	56	11	1	w
1113	dr.crea	2025-12-14 11:23:53.312294+00	46.2.212.183	56	53	56	11	1	w
1114	dr.conf	2025-12-14 11:27:12.139531+00	46.2.212.183	56	53	56	11	1	w
1115	rd.comp	2025-12-14 11:36:09.957613+00	2a02:ff0:332a:2593:7cd0:b205:c16a:9921	57	53	57	11	1	w
1116	dr.rele	2025-12-14 11:38:25.635573+00	2a02:ff0:332a:2593:7cd0:b205:c16a:9921	56	53	56	11	1	w
1117	op.edit	2025-12-14 11:50:33.959673+00	2a00:1d34:81d:6b01:81c6:a85a:3d40:d3c9	5	54	\N	5	1	w
1118	mo.edit	2025-12-14 11:50:37.030283+00	2a02:ff0:332a:2593:7cd0:b205:c16a:9921	21	33	56	11	1	w
1119	op.edit	2025-12-14 11:52:39.167893+00	2a00:1d34:81d:6b01:81c6:a85a:3d40:d3c9	5	54	\N	5	1	w
1120	mo.rele	2025-12-14 12:07:55.882473+00	46.2.212.183	56	53	56	11	1	w
1121	mo.rele	2025-12-14 12:20:18.500892+00	46.2.212.183	56	53	56	11	1	w
1122	op.edit	2025-12-14 12:26:09.53229+00	46.2.212.183	11	54	\N	11	1	w
1123	op.edit	2025-12-14 12:26:45.448559+00	46.2.212.183	11	54	\N	11	1	w
1124	mo.rele	2025-12-14 12:29:32.941247+00	2a02:ff0:332a:2593:7cd0:b205:c16a:9921	56	53	56	11	1	w
1125	mo.rele	2025-12-14 12:29:34.046212+00	2a02:ff0:332a:2593:7cd0:b205:c16a:9921	56	53	56	11	1	w
1126	ba.crea	2025-12-14 13:31:25.094814+00	2a02:ff0:332a:2593:7cd0:b205:c16a:9921	271	45	56	11	1	w
1127	ba.crea	2025-12-14 13:39:37.229395+00	2a02:ff0:332a:2593:7cd0:b205:c16a:9921	272	45	56	11	1	w
1128	rd.comp	2025-12-14 13:39:40.76099+00	2a02:ff0:332a:2593:7cd0:b205:c16a:9921	56	53	56	11	1	w
1129	op.edit	2025-12-14 15:36:34.981967+00	2a00:1880:a41e:8930:1881:1e60:7970:5a23	11	54	\N	11	1	w
1130	op.edit	2025-12-14 15:37:01.869324+00	2a00:1880:a41e:8930:1881:1e60:7970:5a23	11	54	\N	11	1	w
1131	mo.unre	2025-12-17 13:10:04.372337+00	46.2.212.183	51	53	51	11	1	w
1132	mo.unre	2025-12-17 13:10:10.532717+00	46.2.212.183	52	53	52	11	1	w
1133	mo.unre	2025-12-17 13:10:16.744555+00	46.2.212.183	53	53	53	11	1	w
1134	mo.unre	2025-12-17 13:10:21.485273+00	46.2.212.183	54	53	54	11	1	w
1135	si.team	2025-12-20 23:01:06.133953+00	46.104.49.239	12	54	\N	12	1	w
1136	si.team	2025-12-20 23:08:40.606484+00	46.104.49.239	12	54	\N	12	1	w
1137	si.team	2025-12-20 23:10:44.327597+00	46.104.49.239	12	54	\N	12	1	w
1138	si.team	2025-12-20 23:12:35.253681+00	46.104.49.239	12	54	\N	12	1	w
1139	si.team	2025-12-20 23:14:38.86806+00	46.104.49.239	12	54	\N	12	1	w
1140	si.team	2025-12-20 23:18:00.60021+00	46.104.49.239	12	54	\N	12	1	w
1141	si.team	2025-12-20 23:22:41.721149+00	46.104.49.239	12	54	\N	12	1	w
1142	si.team	2025-12-20 23:28:39.148901+00	46.104.49.239	12	54	\N	12	1	w
1143	si.team	2025-12-20 23:30:15.214564+00	46.104.49.239	12	54	\N	12	1	w
1144	si.team	2025-12-20 23:32:45.100475+00	46.104.49.239	12	54	\N	12	1	w
1145	av.tm.save	2025-12-20 23:38:26.975772+00	2a00:1d34:7c15:2900:c0ea:b76e:e2de:da68	59	53	59	12	1	w
1146	av.tm.save	2025-12-20 23:38:27.679406+00	2a00:1d34:7c15:2900:c0ea:b76e:e2de:da68	59	53	59	12	1	w
1147	av.tm.save	2025-12-20 23:38:28.649285+00	2a00:1d34:7c15:2900:c0ea:b76e:e2de:da68	59	53	59	12	1	w
1148	av.tm.save	2025-12-20 23:38:29.555876+00	2a00:1d34:7c15:2900:c0ea:b76e:e2de:da68	59	53	59	12	1	w
1149	av.tm.save	2025-12-20 23:38:30.614196+00	2a00:1d34:7c15:2900:c0ea:b76e:e2de:da68	59	53	59	12	1	w
1150	av.tm.save	2025-12-20 23:38:34.964602+00	2a00:1d34:7c15:2900:c0ea:b76e:e2de:da68	59	53	59	12	1	w
1151	av.tm.save	2025-12-20 23:38:45.301375+00	2a00:1d34:7c15:2900:c0ea:b76e:e2de:da68	59	53	59	12	1	w
1152	si.team	2025-12-20 23:40:01.021976+00	46.104.49.239	12	54	\N	12	1	w
1153	si.team	2025-12-20 23:41:29.674051+00	46.104.49.239	12	54	\N	12	1	w
1154	si.team	2025-12-20 23:43:27.347398+00	46.104.49.239	12	54	\N	12	1	w
1155	si.team	2025-12-20 23:46:02.493695+00	46.104.49.239	12	54	\N	12	1	w
1156	si.team	2025-12-20 23:49:33.012896+00	46.104.49.239	12	54	\N	12	1	w
1157	si.team	2025-12-20 23:51:54.657574+00	46.104.49.239	12	54	\N	12	1	w
1158	si.team	2025-12-20 23:53:52.225515+00	46.104.49.239	12	54	\N	12	1	w
1159	si.team	2025-12-20 23:56:56.31194+00	46.104.49.239	12	54	\N	12	1	w
1160	si.team	2025-12-20 23:58:22.927922+00	46.104.49.239	12	54	\N	12	1	w
1161	si.team	2025-12-21 00:00:15.906741+00	46.104.49.239	12	54	\N	12	1	w
1162	si.team	2025-12-21 00:01:38.468351+00	46.104.49.239	12	54	\N	12	1	w
1163	si.team	2025-12-21 00:03:40.380574+00	46.104.49.239	12	54	\N	12	1	w
1164	si.team	2025-12-21 00:05:46.461358+00	46.104.49.239	12	54	\N	12	1	w
1165	si.team	2025-12-21 00:08:16.933353+00	46.104.49.239	12	54	\N	12	1	w
1166	si.team	2025-12-21 00:09:34.947691+00	46.104.49.239	12	54	\N	12	1	w
1167	si.team	2025-12-21 00:11:42.940993+00	46.104.49.239	12	54	\N	12	1	w
1168	si.team	2025-12-21 00:18:15.921282+00	46.104.49.239	12	54	\N	12	1	w
1169	si.team	2025-12-21 00:19:25.996542+00	46.104.49.239	12	54	\N	12	1	w
1170	si.team	2025-12-21 00:21:10.520885+00	46.104.49.239	12	54	\N	12	1	w
1171	si.team	2025-12-21 00:22:42.481882+00	46.104.49.239	12	54	\N	12	1	w
1172	si.team	2025-12-21 00:24:09.873656+00	46.104.49.239	12	54	\N	12	1	w
1173	si.team	2025-12-21 00:26:34.808306+00	46.104.49.239	12	54	\N	12	1	w
1174	si.team	2025-12-21 00:28:22.171263+00	46.104.49.239	12	54	\N	12	1	w
1175	si.team	2025-12-21 00:30:10.21733+00	46.104.49.239	12	54	\N	12	1	w
1176	si.team	2025-12-21 00:31:30.132827+00	46.104.49.239	12	54	\N	12	1	w
1177	si.team	2025-12-21 00:32:40.56713+00	46.104.49.239	12	54	\N	12	1	w
1178	si.team	2025-12-21 00:34:38.612193+00	46.104.49.239	12	54	\N	12	1	w
1179	si.team	2025-12-21 00:35:44.138946+00	46.104.49.239	12	54	\N	12	1	w
1180	si.team	2025-12-21 00:41:53.693368+00	46.104.49.239	12	54	\N	12	1	w
1181	si.adju	2025-12-21 00:50:46.289811+00	46.104.49.239	12	54	\N	12	1	w
1182	si.adju	2025-12-21 00:51:22.932264+00	46.104.49.239	12	54	\N	12	1	w
1183	si.adju	2025-12-21 00:51:55.541974+00	46.104.49.239	12	54	\N	12	1	w
1184	si.adju	2025-12-21 00:52:32.747916+00	46.104.49.239	12	54	\N	12	1	w
1185	si.adju	2025-12-21 00:53:18.117046+00	46.104.49.239	12	54	\N	12	1	w
1186	si.adju	2025-12-21 00:53:49.10401+00	46.104.49.239	12	54	\N	12	1	w
1187	si.adju	2025-12-21 00:54:21.567997+00	46.104.49.239	12	54	\N	12	1	w
1188	si.adju	2025-12-21 00:54:53.395081+00	46.104.49.239	12	54	\N	12	1	w
1189	si.adju	2025-12-21 00:55:21.836595+00	46.104.49.239	12	54	\N	12	1	w
1190	op.edit	2025-12-21 01:11:17.139064+00	46.104.49.239	12	54	\N	12	1	w
1191	ac.at.edit	2025-12-21 01:18:10.37373+00	46.104.49.239	12	54	\N	12	1	w
1192	si.team	2025-12-21 05:56:33.360985+00	46.2.216.195	12	54	\N	12	1	w
1193	si.adju	2025-12-21 05:56:44.1963+00	46.2.216.195	12	54	\N	12	1	w
1194	si.venu	2025-12-21 06:46:21.612786+00	95.8.195.181	12	54	\N	12	1	w
1195	av.tm.save	2025-12-21 06:54:25.131189+00	46.2.216.195	59	53	59	12	1	w
1196	av.tm.save	2025-12-21 06:54:44.696204+00	46.2.216.195	59	53	59	12	1	w
1197	av.tm.save	2025-12-21 06:54:57.903846+00	46.2.216.195	59	53	59	12	1	w
1198	av.tm.save	2025-12-21 06:55:04.688541+00	46.2.216.195	59	53	59	12	1	w
1199	av.tm.save	2025-12-21 06:55:21.209996+00	46.2.216.195	59	53	59	12	1	w
1200	av.tm.save	2025-12-21 06:55:22.574068+00	46.2.216.195	59	53	59	12	1	w
1201	av.tm.save	2025-12-21 06:55:32.551428+00	46.2.216.195	59	53	59	12	1	w
1202	av.tm.save	2025-12-21 06:55:37.621348+00	46.2.216.195	59	53	59	12	1	w
1203	av.tm.save	2025-12-21 06:55:45.320817+00	46.2.216.195	59	53	59	12	1	w
1204	av.tm.save	2025-12-21 06:55:48.680818+00	46.2.216.195	59	53	59	12	1	w
1205	av.tm.save	2025-12-21 06:55:53.604947+00	46.2.216.195	59	53	59	12	1	w
1206	av.tm.save	2025-12-21 06:55:58.344048+00	46.2.216.195	59	53	59	12	1	w
1207	av.tm.save	2025-12-21 06:56:02.515004+00	46.2.216.195	59	53	59	12	1	w
1208	av.tm.save	2025-12-21 06:56:08.389837+00	46.2.216.195	59	53	59	12	1	w
1209	av.tm.save	2025-12-21 06:56:13.565597+00	46.2.216.195	59	53	59	12	1	w
1210	av.tm.save	2025-12-21 06:56:18.11379+00	46.2.216.195	59	53	59	12	1	w
1211	av.tm.save	2025-12-21 06:56:19.921992+00	46.2.216.195	59	53	59	12	1	w
1212	av.tm.save	2025-12-21 06:56:25.219692+00	46.2.216.195	59	53	59	12	1	w
1213	av.tm.save	2025-12-21 06:56:26.638923+00	46.2.216.195	59	53	59	12	1	w
1214	av.tm.save	2025-12-21 06:56:33.346216+00	46.2.216.195	59	53	59	12	1	w
1215	av.tm.save	2025-12-21 06:56:36.500053+00	46.2.216.195	59	53	59	12	1	w
1216	av.tm.save	2025-12-21 06:56:40.703844+00	46.2.216.195	59	53	59	12	1	w
1217	av.tm.save	2025-12-21 06:56:45.92518+00	46.2.216.195	59	53	59	12	1	w
1218	av.tm.save	2025-12-21 06:56:50.177665+00	46.2.216.195	59	53	59	12	1	w
1219	av.tm.save	2025-12-21 06:56:57.262532+00	46.2.216.195	59	53	59	12	1	w
1220	av.tm.save	2025-12-21 06:57:02.791641+00	46.2.216.195	59	53	59	12	1	w
1221	av.tm.save	2025-12-21 06:57:05.660209+00	46.2.216.195	59	53	59	12	1	w
1223	si.adju	2025-12-21 06:57:12.213734+00	95.8.195.181	12	54	\N	12	1	w
1225	av.tm.save	2025-12-21 06:57:21.577342+00	46.2.216.195	59	53	59	12	1	w
1226	av.tm.save	2025-12-21 06:57:29.833565+00	46.2.216.195	59	53	59	12	1	w
1227	av.tm.save	2025-12-21 06:57:30.943819+00	46.2.216.195	59	53	59	12	1	w
1228	av.tm.save	2025-12-21 06:57:35.978204+00	46.2.216.195	59	53	59	12	1	w
1229	av.aj.save	2025-12-21 06:57:46.499666+00	46.2.216.195	59	53	59	12	1	w
1230	av.aj.save	2025-12-21 06:57:51.83234+00	46.2.216.195	59	53	59	12	1	w
1231	av.aj.save	2025-12-21 06:57:52.394696+00	46.2.216.195	59	53	59	12	1	w
1232	av.ve.save	2025-12-21 06:58:00.782287+00	46.2.216.195	59	53	59	12	1	w
1233	av.ve.save	2025-12-21 06:58:05.661423+00	46.2.216.195	59	53	59	12	1	w
1234	av.ve.save	2025-12-21 06:58:06.329231+00	46.2.216.195	59	53	59	12	1	w
1235	av.ve.save	2025-12-21 06:58:07.061928+00	46.2.216.195	59	53	59	12	1	w
1236	av.ve.save	2025-12-21 06:58:07.714398+00	46.2.216.195	59	53	59	12	1	w
1237	av.ve.save	2025-12-21 06:58:08.300447+00	46.2.216.195	59	53	59	12	1	w
1238	av.ve.save	2025-12-21 06:58:09.041603+00	46.2.216.195	59	53	59	12	1	w
1239	av.ve.save	2025-12-21 06:58:09.743673+00	46.2.216.195	59	53	59	12	1	w
1240	av.ve.save	2025-12-21 06:58:10.44283+00	46.2.216.195	59	53	59	12	1	w
1241	dr.crea	2025-12-21 06:58:13.501038+00	46.2.216.195	59	53	59	12	1	w
1242	dr.conf	2025-12-21 06:58:15.849231+00	46.2.216.195	59	53	59	12	1	w
1243	dr.rele	2025-12-21 07:11:21.048171+00	46.2.216.195	59	53	59	12	1	w
1244	mo.edit	2025-12-21 07:16:19.202993+00	46.2.216.195	22	33	59	12	1	w
1245	ba.subm	2025-12-21 08:17:52.872873+00	85.99.183.254	273	45	59	12	\N	w
1246	ba.subm	2025-12-21 08:19:37.378336+00	37.155.255.11	274	45	59	12	\N	w
1247	ba.subm	2025-12-21 08:25:10.905194+00	31.223.1.65	275	45	59	12	\N	w
1248	ba.conf	2025-12-21 08:25:56.437404+00	78.174.222.159	273	45	59	12	1	w
1249	ba.conf	2025-12-21 08:26:04.656476+00	78.174.222.159	274	45	59	12	1	w
1250	ba.conf	2025-12-21 08:26:14.609796+00	78.174.222.159	275	45	59	12	1	w
1251	ba.subm	2025-12-21 08:27:30.345138+00	178.240.217.123	276	45	59	12	\N	w
1252	ba.subm	2025-12-21 08:27:42.093451+00	2a02:ff0:331c:bded:8841:b526:8dfe:dde2	277	45	59	12	\N	w
1253	ba.crea	2025-12-21 08:27:53.014447+00	78.174.222.159	278	45	59	12	1	w
1254	ba.subm	2025-12-21 08:27:53.923192+00	151.135.0.34	279	45	59	12	\N	w
1255	ba.conf	2025-12-21 08:28:01.140876+00	78.174.222.159	277	45	59	12	1	w
1256	ba.conf	2025-12-21 08:28:09.810556+00	78.174.222.159	279	45	59	12	1	w
1257	ba.conf	2025-12-21 08:28:19.768317+00	78.174.222.159	276	45	59	12	1	w
1258	ba.subm	2025-12-21 08:31:24.230489+00	151.250.235.63	280	45	59	12	\N	w
1259	ba.subm	2025-12-21 08:32:47.503285+00	159.146.41.135	281	45	59	12	\N	w
1260	ba.subm	2025-12-21 08:34:18.596492+00	178.243.223.89	282	45	59	12	\N	w
1261	ba.subm	2025-12-21 08:34:55.545524+00	88.255.99.17	283	45	59	12	\N	w
1262	ba.subm	2025-12-21 08:35:02.75842+00	2a00:1d34:81d:6b01:19d0:ef9e:51df:d375	284	45	59	12	\N	w
1263	ba.subm	2025-12-21 08:35:20.877141+00	45.83.33.178	285	45	59	12	\N	w
1264	ba.subm	2025-12-21 08:35:29.588459+00	176.216.46.99	286	45	59	12	\N	w
1265	ba.subm	2025-12-21 08:35:55.768625+00	2a00:1d34:7c15:2900:213e:b02d:e9b7:4959	287	45	59	12	\N	w
1266	ba.subm	2025-12-21 08:36:17.519129+00	2a00:1880:a44f:10bc:4971:be33:71f6:745d	288	45	59	12	\N	w
1267	ba.subm	2025-12-21 08:36:22.942899+00	185.204.72.128	289	45	59	12	\N	w
1268	ba.subm	2025-12-21 08:36:25.734064+00	95.5.107.113	290	45	59	12	\N	w
1269	ba.subm	2025-12-21 08:37:22.300119+00	2a00:1d34:7c53:101:34e5:b54f:f0ed:9613	291	45	59	12	\N	w
1270	ba.subm	2025-12-21 08:37:27.32372+00	88.254.7.124	292	45	59	12	\N	w
1271	ba.conf	2025-12-21 08:37:39.963584+00	78.174.222.159	288	45	59	12	1	w
1272	ba.subm	2025-12-21 08:37:49.668776+00	195.174.127.199	293	45	59	12	\N	w
1273	ba.conf	2025-12-21 08:37:50.347497+00	78.174.222.159	280	45	59	12	1	w
1274	ba.conf	2025-12-21 08:37:57.656083+00	78.174.222.159	293	45	59	12	1	w
1275	ba.conf	2025-12-21 08:38:04.350034+00	78.174.222.159	282	45	59	12	1	w
1276	ba.conf	2025-12-21 08:38:10.3926+00	78.174.222.159	283	45	59	12	1	w
1277	ba.conf	2025-12-21 08:38:17.954409+00	78.174.222.159	289	45	59	12	1	w
1278	ba.subm	2025-12-21 08:38:23.040569+00	2a00:1d34:47f:8b00:9bd:6c99:6bea:eba	294	45	59	12	\N	w
1279	ba.conf	2025-12-21 08:38:25.426313+00	78.174.222.159	287	45	59	12	1	w
1280	ba.conf	2025-12-21 08:38:33.197498+00	78.174.222.159	284	45	59	12	1	w
1281	ba.conf	2025-12-21 08:38:39.730612+00	78.174.222.159	294	45	59	12	1	w
1282	ba.conf	2025-12-21 08:38:48.799873+00	78.174.222.159	281	45	59	12	1	w
1283	ba.conf	2025-12-21 08:38:55.978436+00	78.174.222.159	290	45	59	12	1	w
1284	ba.conf	2025-12-21 08:39:02.779159+00	78.174.222.159	291	45	59	12	1	w
1285	ba.conf	2025-12-21 08:39:09.779882+00	78.174.222.159	292	45	59	12	1	w
1286	ba.conf	2025-12-21 08:39:17.336675+00	78.174.222.159	285	45	59	12	1	w
1287	ba.conf	2025-12-21 08:39:25.101427+00	78.174.222.159	286	45	59	12	1	w
1288	ba.subm	2025-12-21 08:39:53.387617+00	2a00:1d34:81d:2000:78ea:c4e8:9db9:15e7	295	45	59	12	\N	w
1289	ba.subm	2025-12-21 08:40:17.515027+00	2a02:ff0:332a:10ed:54ad:4853:949e:f5ba	296	45	59	12	\N	w
1290	ba.crea	2025-12-21 08:40:32.521849+00	2a00:1d34:81d:6b01:6497:3370:c36e:ee15	297	45	59	12	1	w
1291	ba.conf	2025-12-21 08:40:44.465378+00	78.174.222.159	296	45	59	12	1	w
1292	ba.conf	2025-12-21 08:40:52.036803+00	78.174.222.159	295	45	59	12	1	w
1293	ba.conf	2025-12-21 08:41:06.472522+00	2a00:1d34:81d:6b01:6497:3370:c36e:ee15	297	45	59	12	1	w
1294	ba.subm	2025-12-21 08:44:20.120402+00	89.43.30.142	298	45	59	12	\N	w
1295	ba.subm	2025-12-21 08:44:20.724822+00	151.135.194.82	299	45	59	12	\N	w
1296	ba.subm	2025-12-21 08:44:21.132632+00	178.233.46.48	300	45	59	12	\N	w
1297	ba.subm	2025-12-21 08:45:37.4959+00	176.88.90.37	301	45	59	12	\N	w
1298	ba.subm	2025-12-21 08:46:08.585398+00	178.233.46.48	302	45	59	12	\N	w
1299	ba.conf	2025-12-21 08:46:27.448989+00	78.174.222.159	298	45	59	12	1	w
1300	ba.conf	2025-12-21 08:46:36.188972+00	78.174.222.159	301	45	59	12	1	w
1301	ba.conf	2025-12-21 08:46:43.68614+00	78.174.222.159	299	45	59	12	1	w
1302	ba.conf	2025-12-21 08:47:09.946145+00	78.174.222.159	300	45	59	12	1	w
1303	ba.subm	2025-12-21 08:47:17.176729+00	178.233.46.48	303	45	59	12	\N	w
1304	ba.subm	2025-12-21 08:48:05.999501+00	5.24.61.187	304	45	59	12	\N	w
1305	ba.disc	2025-12-21 08:49:19.272114+00	78.174.222.159	300	45	59	12	1	w
1306	ba.disc	2025-12-21 08:49:33.153169+00	78.174.222.159	302	45	59	12	1	w
1307	ba.subm	2025-12-21 08:49:34.853118+00	2a02:ff0:23e:e081:f5c2:7939:db3d:7ae	305	45	59	12	\N	w
1308	ba.conf	2025-12-21 08:49:44.718147+00	78.174.222.159	303	45	59	12	1	w
1309	ba.conf	2025-12-21 08:49:52.081422+00	78.174.222.159	304	45	59	12	1	w
1310	ba.conf	2025-12-21 08:49:59.300439+00	78.174.222.159	305	45	59	12	1	w
1311	ba.subm	2025-12-21 08:52:12.537693+00	78.187.86.75	306	45	59	12	\N	w
1312	ba.subm	2025-12-21 08:52:42.105841+00	94.54.18.170	307	45	59	12	\N	w
1313	ba.subm	2025-12-21 08:52:45.656299+00	176.88.79.191	308	45	59	12	\N	w
1314	ba.conf	2025-12-21 08:52:57.113051+00	78.174.222.159	307	45	59	12	1	w
1315	ba.conf	2025-12-21 08:53:08.027932+00	78.174.222.159	308	45	59	12	1	w
1316	ba.conf	2025-12-21 08:53:20.339168+00	78.174.222.159	306	45	59	12	1	w
1317	ba.subm	2025-12-21 08:54:48.408567+00	2a00:1880:a482:65d9:1883:26fa:4e91:94b7	309	45	59	12	\N	w
1318	ba.conf	2025-12-21 08:54:56.871223+00	78.174.222.159	309	45	59	12	1	w
1319	ba.subm	2025-12-21 08:55:24.011529+00	46.104.49.239	310	45	59	12	\N	w
1320	ba.subm	2025-12-21 08:56:07.953861+00	46.104.1.64	311	45	59	12	\N	w
1321	ba.subm	2025-12-21 08:56:24.726283+00	212.156.214.12	312	45	59	12	\N	w
1322	ba.conf	2025-12-21 08:57:00.669169+00	78.174.222.159	310	45	59	12	1	w
1323	ba.conf	2025-12-21 08:57:08.290601+00	78.174.222.159	312	45	59	12	1	w
1324	ba.conf	2025-12-21 08:57:17.155786+00	78.174.222.159	311	45	59	12	1	w
1325	ba.subm	2025-12-21 09:00:22.307093+00	178.247.157.132	313	45	59	12	\N	w
1326	ba.conf	2025-12-21 09:02:58.140295+00	78.174.222.159	313	45	59	12	1	w
1327	ba.crea	2025-12-21 09:04:53.814527+00	78.174.222.159	314	45	59	12	1	w
1328	ba.crea	2025-12-21 09:04:56.146127+00	46.2.216.195	315	45	59	12	1	w
1329	rd.comp	2025-12-21 09:05:08.274003+00	78.174.222.159	59	53	59	12	1	w
1330	av.tm.save	2025-12-21 09:05:48.754429+00	46.2.216.195	60	53	60	12	1	w
1331	av.tm.save	2025-12-21 09:05:54.75094+00	46.2.216.195	60	53	60	12	1	w
1332	av.tm.save	2025-12-21 09:06:01.081296+00	46.2.216.195	60	53	60	12	1	w
1333	av.tm.save	2025-12-21 09:06:09.848677+00	46.2.216.195	60	53	60	12	1	w
1334	av.tm.save	2025-12-21 09:06:16.008416+00	46.2.216.195	60	53	60	12	1	w
1335	av.tm.save	2025-12-21 09:06:25.929018+00	46.2.216.195	60	53	60	12	1	w
1336	si.team	2025-12-21 09:07:52.926009+00	46.2.216.195	12	54	\N	12	1	w
1337	av.tm.save	2025-12-21 09:08:05.996043+00	46.2.216.195	60	53	60	12	1	w
1338	av.aj.save	2025-12-21 09:08:11.534415+00	46.2.216.195	60	53	60	12	1	w
1339	av.aj.save	2025-12-21 09:08:14.216076+00	46.2.216.195	60	53	60	12	1	w
1340	av.aj.save	2025-12-21 09:08:17.792287+00	46.2.216.195	60	53	60	12	1	w
1341	av.ve.save	2025-12-21 09:08:49.870125+00	46.2.216.195	60	53	60	12	1	w
1342	av.ve.save	2025-12-21 09:08:53.516679+00	46.2.216.195	60	53	60	12	1	w
1343	dr.crea	2025-12-21 09:08:56.66859+00	46.2.216.195	60	53	60	12	1	w
1344	dr.conf	2025-12-21 09:08:59.550136+00	46.2.216.195	60	53	60	12	1	w
1345	dr.rele	2025-12-21 09:15:09.574101+00	46.2.216.195	60	53	60	12	1	w
1346	mo.edit	2025-12-21 09:15:45.905296+00	46.2.216.195	23	33	60	12	1	w
1347	dr.unre	2025-12-21 09:32:39.450655+00	46.2.216.195	60	53	60	12	1	w
1348	dr.rele	2025-12-21 09:33:19.686641+00	46.2.216.195	60	53	60	12	1	w
1349	dr.unre	2025-12-21 09:34:14.249717+00	46.2.216.195	60	53	60	12	1	w
1350	dr.rele	2025-12-21 09:34:16.313775+00	46.2.216.195	60	53	60	12	1	w
1351	dr.unre	2025-12-21 09:34:46.688946+00	2a00:1d34:81d:6b01:50c1:68ad:f5de:8cc0	60	53	60	12	1	w
1352	dr.rele	2025-12-21 09:34:51.16135+00	2a00:1d34:81d:6b01:50c1:68ad:f5de:8cc0	60	53	60	12	1	w
1353	ba.subm	2025-12-21 10:10:10.676779+00	2a00:1d34:7c6c:2c01:9982:cd30:ce6:1d6c	316	45	60	12	\N	w
1354	ba.subm	2025-12-21 10:13:14.320091+00	2a00:1880:a44f:10bc:4971:be33:71f6:745d	317	45	60	12	\N	w
1355	ba.subm	2025-12-21 10:13:38.805191+00	31.223.1.65	318	45	60	12	\N	w
1356	ba.conf	2025-12-21 10:13:53.524129+00	78.174.222.159	318	45	60	12	1	w
1357	ba.conf	2025-12-21 10:14:02.027133+00	78.174.222.159	317	45	60	12	1	w
1358	ba.conf	2025-12-21 10:14:12.518352+00	78.174.222.159	316	45	60	12	1	w
1359	ba.subm	2025-12-21 10:16:57.106891+00	178.237.50.71	319	45	60	12	\N	w
1360	ba.subm	2025-12-21 10:21:50.18929+00	176.88.90.37	320	45	60	12	\N	w
1361	ba.subm	2025-12-21 10:22:27.13942+00	159.146.41.135	321	45	60	12	\N	w
1362	ba.conf	2025-12-21 10:22:35.183885+00	78.174.222.159	321	45	60	12	1	w
1363	ba.conf	2025-12-21 10:22:42.898525+00	78.174.222.159	320	45	60	12	1	w
1364	ba.conf	2025-12-21 10:22:55.375853+00	78.174.222.159	319	45	60	12	1	w
1365	ba.subm	2025-12-21 10:23:51.361737+00	176.216.46.99	322	45	60	12	\N	w
1366	ba.subm	2025-12-21 10:24:26.125278+00	94.54.18.170	323	45	60	12	\N	w
1367	ba.conf	2025-12-21 10:25:37.124275+00	78.174.222.159	323	45	60	12	1	w
1368	ba.conf	2025-12-21 10:25:44.027739+00	78.174.222.159	322	45	60	12	1	w
1369	ba.subm	2025-12-21 10:29:51.500076+00	178.233.46.48	324	45	60	12	\N	w
1370	ba.subm	2025-12-21 10:32:02.034388+00	2a02:ff0:332a:10ed:54ad:4853:949e:f5ba	325	45	60	12	\N	w
1371	ba.subm	2025-12-21 10:32:35.867604+00	176.88.79.191	326	45	60	12	\N	w
1372	ba.subm	2025-12-21 10:33:35.788348+00	151.135.194.82	327	45	60	12	\N	w
1373	ba.subm	2025-12-21 10:33:50.550585+00	46.104.1.64	328	45	60	12	\N	w
1374	ba.subm	2025-12-21 10:34:03.99402+00	89.43.30.142	329	45	60	12	\N	w
1375	ba.subm	2025-12-21 10:35:04.07937+00	185.204.72.128	330	45	60	12	\N	w
1376	ba.subm	2025-12-21 10:35:30.428309+00	95.5.107.113	331	45	60	12	\N	w
1377	ba.conf	2025-12-21 10:37:28.155536+00	78.174.222.159	324	45	60	12	1	w
1378	ba.conf	2025-12-21 10:37:45.42297+00	78.174.222.159	326	45	60	12	1	w
1379	ba.conf	2025-12-21 10:37:55.423497+00	78.174.222.159	330	45	60	12	1	w
1380	ba.conf	2025-12-21 10:38:04.972885+00	78.174.222.159	327	45	60	12	1	w
1381	ba.subm	2025-12-21 10:38:05.844585+00	151.250.235.63	332	45	60	12	\N	w
1382	ba.conf	2025-12-21 10:38:12.010552+00	78.174.222.159	325	45	60	12	1	w
1383	ba.conf	2025-12-21 10:38:20.210589+00	78.174.222.159	331	45	60	12	1	w
1384	ba.subm	2025-12-21 10:38:21.245394+00	85.99.183.254	333	45	60	12	\N	w
1385	ba.conf	2025-12-21 10:38:29.615098+00	78.174.222.159	328	45	60	12	1	w
1386	ba.conf	2025-12-21 10:38:39.066758+00	78.174.222.159	333	45	60	12	1	w
1387	ba.conf	2025-12-21 10:38:46.921053+00	78.174.222.159	329	45	60	12	1	w
1388	ba.conf	2025-12-21 10:38:54.046928+00	78.174.222.159	332	45	60	12	1	w
1389	ba.subm	2025-12-21 10:38:58.002001+00	178.243.223.89	334	45	60	12	\N	w
1390	ba.subm	2025-12-21 10:40:22.59849+00	2a00:1d34:81d:2000:5164:6f2:6a8f:e13c	335	45	60	12	\N	w
1391	ba.subm	2025-12-21 10:42:19.449733+00	176.227.55.53	336	45	60	12	\N	w
1392	ba.subm	2025-12-21 10:42:28.899405+00	88.255.99.26	337	45	60	12	\N	w
1393	ba.conf	2025-12-21 10:42:43.450849+00	78.174.222.159	337	45	60	12	1	w
1394	ba.conf	2025-12-21 10:42:51.497779+00	78.174.222.159	334	45	60	12	1	w
1395	ba.conf	2025-12-21 10:42:57.946379+00	78.174.222.159	335	45	60	12	1	w
1396	ba.conf	2025-12-21 10:43:09.946348+00	78.174.222.159	336	45	60	12	1	w
1397	ba.subm	2025-12-21 10:43:25.419702+00	212.156.214.12	338	45	60	12	\N	w
1398	ba.conf	2025-12-21 10:43:34.450662+00	78.174.222.159	338	45	60	12	1	w
1399	ba.subm	2025-12-21 10:43:34.540361+00	2a02:ff0:331c:bded:8841:b526:8dfe:dde2	339	45	60	12	\N	w
1400	ba.crea	2025-12-21 10:44:06.405167+00	46.104.49.239	340	45	60	12	1	w
1401	ba.conf	2025-12-21 10:44:16.538391+00	46.104.49.239	339	45	60	12	1	w
1402	ba.subm	2025-12-21 10:44:48.587944+00	195.174.127.199	341	45	60	12	\N	w
1403	ba.subm	2025-12-21 10:45:08.966894+00	37.155.255.11	342	45	60	12	\N	w
1404	ba.subm	2025-12-21 10:45:10.454629+00	2a00:1d34:7c15:2900:213e:b02d:e9b7:4959	343	45	60	12	\N	w
1405	ba.crea	2025-12-21 10:46:25.260195+00	46.104.49.239	344	45	60	12	1	w
1406	ba.subm	2025-12-21 10:47:21.874792+00	178.247.157.132	345	45	60	12	\N	w
1407	ba.subm	2025-12-21 10:47:35.953598+00	2a02:ff0:23e:e081:f5c2:7939:db3d:7ae	346	45	60	12	\N	w
1408	ba.crea	2025-12-21 10:48:23.675724+00	46.104.49.239	347	45	60	12	1	w
1409	ba.crea	2025-12-21 10:49:20.863963+00	78.174.222.159	348	45	60	12	1	w
1410	ba.crea	2025-12-21 10:49:33.816216+00	2a00:1d34:81d:6b01:6497:3370:c36e:ee15	349	45	60	12	1	w
1411	ba.crea	2025-12-21 10:50:18.969237+00	46.104.49.239	350	45	60	12	1	w
1412	ba.conf	2025-12-21 10:50:28.350359+00	46.104.49.239	341	45	60	12	1	w
1413	ba.conf	2025-12-21 10:50:36.986001+00	46.104.49.239	342	45	60	12	1	w
1414	ba.conf	2025-12-21 10:50:44.626249+00	46.104.49.239	345	45	60	12	1	w
1415	ba.crea	2025-12-21 10:50:44.831895+00	2a00:1d34:81d:6b01:6497:3370:c36e:ee15	351	45	60	12	1	w
1416	ba.conf	2025-12-21 10:50:52.156771+00	46.104.49.239	346	45	60	12	1	w
1417	ba.conf	2025-12-21 10:50:59.331103+00	46.104.49.239	343	45	60	12	1	w
1418	ba.crea	2025-12-21 10:55:17.136344+00	46.104.49.239	352	45	60	12	1	w
1419	ba.subm	2025-12-21 10:57:21.606267+00	78.187.86.75	353	45	60	12	\N	w
1420	ba.subm	2025-12-21 10:58:57.421542+00	176.54.117.56	354	45	60	12	\N	w
1421	ba.subm	2025-12-21 11:12:40.063703+00	176.42.143.113	355	45	60	12	\N	w
1422	ba.subm	2025-12-21 11:13:13.28935+00	212.156.214.12	356	45	60	12	\N	w
1423	ba.conf	2025-12-21 11:16:54.997954+00	46.104.49.239	355	45	60	12	1	w
1424	ba.conf	2025-12-21 11:17:05.618338+00	46.104.49.239	354	45	60	12	1	w
1425	ba.conf	2025-12-21 11:17:11.236018+00	46.2.216.195	353	45	60	12	1	w
1426	ba.conf	2025-12-21 11:17:14.133603+00	46.104.49.239	353	45	60	12	1	w
1427	ba.conf	2025-12-21 11:17:22.225552+00	46.104.49.239	356	45	60	12	1	w
1428	rd.comp	2025-12-21 11:17:51.988179+00	78.174.222.159	60	53	60	12	1	w
1429	av.tm.save	2025-12-21 11:20:14.8665+00	78.174.222.159	61	53	61	12	1	w
1430	av.tm.save	2025-12-21 11:20:19.28719+00	78.174.222.159	61	53	61	12	1	w
1431	av.tm.save	2025-12-21 11:20:39.21224+00	78.174.222.159	61	53	61	12	1	w
1432	av.tm.save	2025-12-21 11:20:55.149245+00	78.174.222.159	61	53	61	12	1	w
1433	av.tm.save	2025-12-21 11:21:12.628659+00	78.174.222.159	61	53	61	12	1	w
1434	av.tm.save	2025-12-21 11:21:40.982904+00	78.174.222.159	61	53	61	12	1	w
1435	av.tm.save	2025-12-21 11:21:59.468591+00	78.174.222.159	61	53	61	12	1	w
1436	av.tm.save	2025-12-21 11:22:07.885184+00	78.174.222.159	61	53	61	12	1	w
1437	av.tm.save	2025-12-21 11:32:48.224799+00	78.174.222.159	61	53	61	12	1	w
1438	av.tm.save	2025-12-21 11:33:22.529492+00	78.174.222.159	61	53	61	12	1	w
1439	av.tm.save	2025-12-21 11:33:45.662676+00	78.174.222.159	61	53	61	12	1	w
1440	av.aj.save	2025-12-21 11:34:12.89094+00	78.174.222.159	61	53	61	12	1	w
1441	av.aj.save	2025-12-21 11:34:18.742562+00	78.174.222.159	61	53	61	12	1	w
1442	av.aj.save	2025-12-21 11:34:26.942187+00	78.174.222.159	61	53	61	12	1	w
1443	av.tm.save	2025-12-21 11:38:37.716193+00	78.174.222.159	61	53	61	12	1	w
1444	av.tm.save	2025-12-21 11:39:06.460719+00	78.174.222.159	61	53	61	12	1	w
1445	av.aj.save	2025-12-21 11:44:56.419502+00	78.174.222.159	61	53	61	12	1	w
1446	av.aj.save	2025-12-21 11:45:01.650637+00	78.174.222.159	61	53	61	12	1	w
1447	av.ve.save	2025-12-21 11:46:47.190988+00	78.174.222.159	61	53	61	12	1	w
1448	av.ve.save	2025-12-21 11:46:50.235073+00	78.174.222.159	61	53	61	12	1	w
1449	av.ve.save	2025-12-21 11:46:51.048886+00	78.174.222.159	61	53	61	12	1	w
1450	dr.crea	2025-12-21 11:47:03.226672+00	78.174.222.159	61	53	61	12	1	w
1451	dr.conf	2025-12-21 11:47:06.639034+00	78.174.222.159	61	53	61	12	1	w
1452	dr.rele	2025-12-21 11:59:39.108027+00	78.174.222.159	61	53	61	12	1	w
1453	mo.edit	2025-12-21 12:00:56.336229+00	78.174.222.159	24	33	61	12	1	w
1454	ba.subm	2025-12-21 12:53:54.712889+00	176.216.46.99	357	45	61	12	\N	w
1455	ba.subm	2025-12-21 12:53:59.896483+00	178.237.50.71	358	45	61	12	\N	w
1456	ba.subm	2025-12-21 12:56:58.742267+00	5.46.14.142	359	45	61	12	\N	w
1457	ba.subm	2025-12-21 12:58:07.751726+00	95.5.107.113	360	45	61	12	\N	w
1458	ba.subm	2025-12-21 12:59:17.220831+00	37.155.255.11	361	45	61	12	\N	w
1459	ba.subm	2025-12-21 13:02:39.368181+00	94.54.18.170	362	45	61	12	\N	w
1460	ba.conf	2025-12-21 13:05:08.324338+00	46.104.49.239	362	45	61	12	1	w
1461	ba.conf	2025-12-21 13:05:22.987139+00	46.104.49.239	358	45	61	12	1	w
1462	ba.conf	2025-12-21 13:05:31.643894+00	46.104.49.239	359	45	61	12	1	w
1463	ba.conf	2025-12-21 13:05:39.812155+00	46.104.49.239	361	45	61	12	1	w
1464	ba.conf	2025-12-21 13:05:47.830252+00	46.104.49.239	357	45	61	12	1	w
1465	ba.conf	2025-12-21 13:05:56.691181+00	46.104.49.239	360	45	61	12	1	w
1466	ba.subm	2025-12-21 13:05:59.442369+00	178.233.46.48	363	45	61	12	\N	w
1467	ba.crea	2025-12-21 13:07:22.650658+00	46.104.49.239	364	45	61	12	1	w
1468	ba.crea	2025-12-21 13:09:28.440308+00	46.104.49.239	365	45	61	12	1	w
1469	ba.subm	2025-12-21 13:11:00.67656+00	88.239.65.10	366	45	61	12	\N	w
1470	ba.subm	2025-12-21 13:14:45.034535+00	88.255.99.23	367	45	61	12	\N	w
1471	ba.subm	2025-12-21 13:18:26.420887+00	185.204.72.128	368	45	61	12	\N	w
1472	ba.conf	2025-12-21 13:19:15.377841+00	46.104.49.239	366	45	61	12	1	w
1473	ba.conf	2025-12-21 13:19:23.315834+00	46.104.49.239	368	45	61	12	1	w
1474	ba.conf	2025-12-21 13:19:32.250967+00	46.104.49.239	367	45	61	12	1	w
1475	ba.subm	2025-12-21 13:22:45.004943+00	2a02:ff0:332a:10ed:54ad:4853:949e:f5ba	369	45	61	12	\N	w
1476	ba.crea	2025-12-21 13:22:47.50789+00	78.174.222.159	370	45	61	12	1	w
1477	ba.subm	2025-12-21 13:22:53.06423+00	151.135.194.82	371	45	61	12	\N	w
1478	ba.subm	2025-12-21 13:23:07.649773+00	159.146.41.135	372	45	61	12	\N	w
1479	ba.subm	2025-12-21 13:23:24.745733+00	45.83.33.178	373	45	61	12	\N	w
1480	ba.subm	2025-12-21 13:25:54.983852+00	89.43.30.142	374	45	61	12	\N	w
1481	ba.subm	2025-12-21 13:25:58.529578+00	2a00:1d34:7c53:101:49c9:17a3:bf15:ec4e	375	45	61	12	\N	w
1482	ba.subm	2025-12-21 13:26:40.260287+00	37.154.169.147	376	45	61	12	\N	w
1483	ba.conf	2025-12-21 13:26:42.089981+00	46.104.49.239	374	45	61	12	1	w
1484	ba.conf	2025-12-21 13:26:50.277492+00	46.104.49.239	372	45	61	12	1	w
1485	ba.subm	2025-12-21 13:26:50.604184+00	151.250.235.63	377	45	61	12	\N	w
1486	ba.conf	2025-12-21 13:27:00.095177+00	46.104.49.239	373	45	61	12	1	w
1487	ba.conf	2025-12-21 13:27:08.908868+00	46.104.49.239	377	45	61	12	1	w
1488	ba.conf	2025-12-21 13:27:18.858188+00	46.104.49.239	376	45	61	12	1	w
1489	ba.conf	2025-12-21 13:27:24.578379+00	46.104.49.239	371	45	61	12	1	w
1490	ba.subm	2025-12-21 13:27:32.044926+00	176.88.79.191	378	45	61	12	\N	w
1491	ba.conf	2025-12-21 13:27:32.919247+00	46.104.49.239	369	45	61	12	1	w
1492	ba.conf	2025-12-21 13:27:40.244755+00	46.104.49.239	378	45	61	12	1	w
1493	ba.conf	2025-12-21 13:27:47.157477+00	46.104.49.239	375	45	61	12	1	w
1494	ba.crea	2025-12-21 13:28:12.909943+00	2a00:1d34:81d:6b01:c54c:eb1f:3b0:150d	379	45	61	12	1	w
1495	ba.subm	2025-12-21 13:28:13.929143+00	176.88.90.37	380	45	61	12	\N	w
1496	ba.conf	2025-12-21 13:28:25.758439+00	46.104.49.239	380	45	61	12	1	w
1497	ba.crea	2025-12-21 13:29:16.602109+00	46.104.49.239	381	45	61	12	1	w
1498	ba.subm	2025-12-21 13:31:44.146537+00	195.174.127.199	382	45	61	12	\N	w
1499	ba.subm	2025-12-21 13:32:20.399664+00	178.247.157.132	383	45	61	12	\N	w
1500	ba.subm	2025-12-21 13:32:20.899886+00	2a00:1d34:81d:2000:5164:6f2:6a8f:e13c	384	45	61	12	\N	w
1501	ba.crea	2025-12-21 13:32:21.579+00	46.104.49.239	385	45	61	12	1	w
1502	ba.conf	2025-12-21 13:32:29.343422+00	46.104.49.239	383	45	61	12	1	w
1503	ba.conf	2025-12-21 13:32:37.927553+00	46.104.49.239	384	45	61	12	1	w
1504	ba.conf	2025-12-21 13:32:47.361982+00	46.104.49.239	382	45	61	12	1	w
1505	ba.crea	2025-12-21 13:33:55.870859+00	46.104.49.239	386	45	61	12	1	w
1506	ba.subm	2025-12-21 13:34:08.933865+00	2a00:1d34:7c15:2900:213e:b02d:e9b7:4959	387	45	61	12	\N	w
1507	ba.conf	2025-12-21 13:34:20.492101+00	46.104.49.239	387	45	61	12	1	w
1508	ba.subm	2025-12-21 13:34:25.688565+00	212.156.214.12	388	45	61	12	\N	w
1509	ba.crea	2025-12-21 13:35:31.587526+00	46.104.49.239	389	45	61	12	1	w
1510	ba.conf	2025-12-21 13:36:08.494214+00	46.104.49.239	388	45	61	12	1	w
1511	ba.conf	2025-12-21 13:36:19.467759+00	46.104.49.239	389	45	61	12	1	w
1512	ba.subm	2025-12-21 13:36:53.159118+00	212.156.214.12	390	45	61	12	\N	w
1513	ba.subm	2025-12-21 13:36:55.26052+00	85.99.176.255	391	45	61	12	\N	w
1514	ba.conf	2025-12-21 13:37:12.554611+00	46.104.49.239	390	45	61	12	1	w
1515	ba.conf	2025-12-21 13:37:19.561466+00	46.104.49.239	391	45	61	12	1	w
1516	ba.subm	2025-12-21 13:39:39.096748+00	2a00:1d34:7c6c:2c01:9982:cd30:ce6:1d6c	392	45	61	12	\N	w
1517	ba.conf	2025-12-21 13:40:16.039923+00	46.104.49.239	392	45	61	12	1	w
1518	ba.subm	2025-12-21 13:40:41.913105+00	2a00:1d34:47f:8b00:6837:7cfc:e27b:268b	393	45	61	12	\N	w
1519	ba.conf	2025-12-21 13:40:53.62314+00	46.104.49.239	393	45	61	12	1	w
1520	ba.crea	2025-12-21 13:43:30.408922+00	2a00:1d34:81d:6b01:c54c:eb1f:3b0:150d	394	45	61	12	1	w
1521	ba.conf	2025-12-21 13:44:31.728975+00	46.104.49.239	394	45	61	12	1	w
1522	ba.subm	2025-12-21 13:47:22.084804+00	2a02:ff0:23e:e081:f5c2:7939:db3d:7ae	395	45	61	12	\N	w
1523	ba.subm	2025-12-21 13:51:17.542536+00	176.42.143.113	396	45	61	12	\N	w
1524	ba.conf	2025-12-21 13:54:59.586799+00	78.174.222.159	395	45	61	12	1	w
1525	ba.conf	2025-12-21 13:55:06.203083+00	78.174.222.159	396	45	61	12	1	w
1526	rd.comp	2025-12-21 13:55:10.42056+00	78.174.222.159	61	53	61	12	1	w
1527	av.tm.save	2025-12-21 13:56:46.621206+00	78.174.222.159	62	53	62	12	1	w
1528	av.tm.save	2025-12-21 13:56:56.133975+00	78.174.222.159	62	53	62	12	1	w
1529	av.tm.save	2025-12-21 13:56:59.03541+00	78.174.222.159	62	53	62	12	1	w
1530	av.tm.save	2025-12-21 13:57:07.990799+00	78.174.222.159	62	53	62	12	1	w
1531	av.tm.save	2025-12-21 13:57:41.156702+00	78.174.222.159	62	53	62	12	1	w
1532	av.tm.save	2025-12-21 13:57:49.308981+00	78.174.222.159	62	53	62	12	1	w
1533	av.tm.save	2025-12-21 13:57:50.983744+00	78.174.222.159	62	53	62	12	1	w
1534	av.tm.save	2025-12-21 13:57:51.985809+00	78.174.222.159	62	53	62	12	1	w
1535	av.tm.save	2025-12-21 13:58:00.155727+00	78.174.222.159	62	53	62	12	1	w
1536	av.tm.save	2025-12-21 13:58:06.252869+00	78.174.222.159	62	53	62	12	1	w
1537	av.tm.save	2025-12-21 13:58:11.654832+00	78.174.222.159	62	53	62	12	1	w
1538	av.tm.save	2025-12-21 13:58:15.64932+00	78.174.222.159	62	53	62	12	1	w
1539	av.tm.save	2025-12-21 13:58:26.438467+00	78.174.222.159	62	53	62	12	1	w
1540	av.tm.save	2025-12-21 13:58:32.415176+00	78.174.222.159	62	53	62	12	1	w
1541	av.tm.save	2025-12-21 13:58:34.695917+00	78.174.222.159	62	53	62	12	1	w
1542	av.tm.save	2025-12-21 13:58:46.95702+00	78.174.222.159	62	53	62	12	1	w
1543	av.tm.save	2025-12-21 14:00:00.059267+00	78.174.222.159	62	53	62	12	1	w
1544	av.aj.save	2025-12-21 14:02:34.698768+00	78.174.222.159	62	53	62	12	1	w
1545	av.aj.save	2025-12-21 14:02:40.364811+00	78.174.222.159	62	53	62	12	1	w
1546	av.aj.save	2025-12-21 14:02:44.782784+00	78.174.222.159	62	53	62	12	1	w
1547	av.aj.save	2025-12-21 14:02:55.405575+00	78.174.222.159	62	53	62	12	1	w
1548	av.aj.save	2025-12-21 14:03:11.431413+00	78.174.222.159	62	53	62	12	1	w
1549	av.aj.save	2025-12-21 14:03:19.484076+00	78.174.222.159	62	53	62	12	1	w
1550	av.aj.save	2025-12-21 14:03:26.221238+00	78.174.222.159	62	53	62	12	1	w
1551	av.ve.save	2025-12-21 14:07:43.013342+00	78.174.222.159	62	53	62	12	1	w
1552	av.ve.save	2025-12-21 14:07:49.617989+00	78.174.222.159	62	53	62	12	1	w
1553	av.ve.save	2025-12-21 14:07:50.577527+00	78.174.222.159	62	53	62	12	1	w
1554	av.ve.save	2025-12-21 14:07:51.545795+00	78.174.222.159	62	53	62	12	1	w
1555	av.ve.save	2025-12-21 14:07:52.796269+00	78.174.222.159	62	53	62	12	1	w
1556	dr.crea	2025-12-21 14:08:21.20077+00	78.174.222.159	62	53	62	12	1	w
1557	dr.conf	2025-12-21 14:08:24.079844+00	78.174.222.159	62	53	62	12	1	w
1558	dr.rele	2025-12-21 14:17:51.740574+00	78.174.222.159	62	53	62	12	1	w
1559	mo.edit	2025-12-21 14:18:37.015019+00	78.174.222.159	25	33	62	12	1	w
1560	ba.crea	2025-12-21 15:06:40.926898+00	78.174.222.159	397	45	62	12	1	w
1561	ba.subm	2025-12-21 15:08:22.321246+00	45.83.33.178	398	45	62	12	\N	w
1562	ba.subm	2025-12-21 15:09:46.7687+00	2a02:ff0:331c:bded:8841:b526:8dfe:dde2	399	45	62	12	\N	w
1563	ba.subm	2025-12-21 15:24:13.962173+00	78.187.86.75	400	45	62	12	\N	w
1564	ba.subm	2025-12-21 15:28:28.525643+00	37.155.255.11	401	45	62	12	\N	w
1565	ba.subm	2025-12-21 15:29:51.51221+00	94.54.18.170	402	45	62	12	\N	w
1566	ba.subm	2025-12-21 15:32:43.485647+00	46.104.1.64	403	45	62	12	\N	w
1567	ba.subm	2025-12-21 15:33:05.062906+00	176.88.79.191	404	45	62	12	\N	w
1568	ba.subm	2025-12-21 15:33:39.366553+00	178.237.50.71	405	45	62	12	\N	w
1569	ba.subm	2025-12-21 15:34:05.573355+00	2a00:1d34:81d:2000:457e:b92e:ccf9:d33a	406	45	62	12	\N	w
1570	ba.subm	2025-12-21 15:34:38.663388+00	178.233.46.48	407	45	62	12	\N	w
1571	ba.subm	2025-12-21 15:35:11.089697+00	2a02:ff0:332a:10ed:54ad:4853:949e:f5ba	408	45	62	12	\N	w
1572	ba.subm	2025-12-21 15:37:06.062595+00	176.227.113.77	409	45	62	12	\N	w
1573	ba.subm	2025-12-21 15:38:11.577554+00	89.43.30.142	410	45	62	12	\N	w
1574	ba.subm	2025-12-21 15:41:13.713816+00	151.250.235.63	411	45	62	12	\N	w
1575	ba.subm	2025-12-21 15:45:04.026984+00	151.135.194.82	412	45	62	12	\N	w
1576	ba.subm	2025-12-21 15:47:25.357184+00	95.5.107.113	413	45	62	12	\N	w
1577	ba.subm	2025-12-21 15:48:28.092662+00	178.243.223.89	414	45	62	12	\N	w
1578	ba.subm	2025-12-21 15:48:39.828866+00	159.146.41.135	415	45	62	12	\N	w
1579	ba.subm	2025-12-21 15:48:56.548686+00	88.254.6.246	416	45	62	12	\N	w
1580	ba.subm	2025-12-21 15:52:49.794077+00	195.174.127.199	417	45	62	12	\N	w
1581	ba.subm	2025-12-21 15:53:55.979897+00	88.255.99.26	418	45	62	12	\N	w
1582	ba.subm	2025-12-21 15:56:01.450232+00	85.99.176.255	419	45	62	12	\N	w
1583	ba.conf	2025-12-21 15:57:12.552433+00	78.174.222.159	399	45	62	12	1	w
1584	ba.conf	2025-12-21 15:57:20.133443+00	78.174.222.159	400	45	62	12	1	w
1585	ba.conf	2025-12-21 15:57:29.371835+00	78.174.222.159	413	45	62	12	1	w
1586	ba.crea	2025-12-21 15:57:33.685663+00	46.104.49.239	420	45	62	12	1	w
1587	ba.conf	2025-12-21 15:57:36.454305+00	78.174.222.159	405	45	62	12	1	w
1588	ba.conf	2025-12-21 15:57:46.135297+00	78.174.222.159	407	45	62	12	1	w
1589	ba.subm	2025-12-21 16:02:35.563088+00	2a02:ff0:23e:e081:f5c2:7939:db3d:7ae	421	45	62	12	\N	w
1590	ba.subm	2025-12-21 16:04:44.468966+00	2a00:1d34:7c15:2900:213e:b02d:e9b7:4959	422	45	62	12	\N	w
1591	ba.conf	2025-12-21 16:04:57.703276+00	78.174.222.159	401	45	62	12	1	w
1592	ba.conf	2025-12-21 16:05:18.415125+00	78.174.222.159	422	45	62	12	1	w
1593	ba.conf	2025-12-21 16:05:26.114433+00	78.174.222.159	417	45	62	12	1	w
1594	ba.conf	2025-12-21 16:05:35.276822+00	78.174.222.159	421	45	62	12	1	w
1595	ba.conf	2025-12-21 16:05:43.653425+00	78.174.222.159	418	45	62	12	1	w
1596	ba.conf	2025-12-21 16:05:52.476016+00	78.174.222.159	416	45	62	12	1	w
1597	ba.conf	2025-12-21 16:06:00.43758+00	78.174.222.159	408	45	62	12	1	w
1598	ba.conf	2025-12-21 16:06:09.438738+00	78.174.222.159	410	45	62	12	1	w
1599	ba.conf	2025-12-21 16:06:17.608851+00	78.174.222.159	411	45	62	12	1	w
1600	ba.conf	2025-12-21 16:06:27.331154+00	78.174.222.159	402	45	62	12	1	w
1601	ba.conf	2025-12-21 16:06:34.537949+00	78.174.222.159	404	45	62	12	1	w
1602	ba.conf	2025-12-21 16:06:42.316193+00	78.174.222.159	415	45	62	12	1	w
1603	ba.conf	2025-12-21 16:06:49.772878+00	78.174.222.159	414	45	62	12	1	w
1604	ba.subm	2025-12-21 16:07:00.055147+00	37.154.169.147	423	45	62	12	\N	w
1605	ba.conf	2025-12-21 16:07:30.632415+00	46.104.49.239	405	45	62	12	1	w
1606	ba.conf	2025-12-21 16:07:40.096639+00	46.104.49.239	398	45	62	12	1	w
1607	ba.conf	2025-12-21 16:07:58.01459+00	46.104.49.239	406	45	62	12	1	w
1608	ba.conf	2025-12-21 16:08:12.801496+00	46.104.49.239	403	45	62	12	1	w
1609	ba.subm	2025-12-21 16:08:19.161162+00	176.88.90.37	424	45	62	12	\N	w
1610	ba.conf	2025-12-21 16:08:21.260197+00	46.104.49.239	419	45	62	12	1	w
1611	ba.conf	2025-12-21 16:08:29.317801+00	46.104.49.239	409	45	62	12	1	w
1612	ba.subm	2025-12-21 16:08:29.61522+00	2a00:1d34:47f:8b00:f156:186f:ad8d:8a7e	425	45	62	12	\N	w
1613	ba.conf	2025-12-21 16:08:38.564328+00	46.104.49.239	412	45	62	12	1	w
1614	ba.conf	2025-12-21 16:08:46.206693+00	46.104.49.239	425	45	62	12	1	w
1615	ba.conf	2025-12-21 16:08:54.846684+00	46.104.49.239	423	45	62	12	1	w
1616	ba.conf	2025-12-21 16:09:01.151226+00	46.104.49.239	424	45	62	12	1	w
1617	ba.conf	2025-12-21 16:09:07.932738+00	46.104.49.239	422	45	62	12	1	w
1618	ba.conf	2025-12-21 16:09:14.499102+00	46.104.49.239	424	45	62	12	1	w
1619	ba.crea	2025-12-21 16:10:46.059767+00	46.104.49.239	426	45	62	12	1	w
1620	ba.crea	2025-12-21 16:14:34.291104+00	2a00:1d34:81d:6b01:c54c:eb1f:3b0:150d	427	45	62	12	1	w
1621	ba.subm	2025-12-21 16:15:55.687881+00	176.42.143.113	428	45	62	12	\N	w
1622	ba.subm	2025-12-21 16:17:32.648797+00	185.204.72.128	429	45	62	12	\N	w
1623	ba.conf	2025-12-21 16:18:05.095632+00	46.104.49.239	428	45	62	12	1	w
1624	ba.conf	2025-12-21 16:18:16.318959+00	46.104.49.239	429	45	62	12	1	w
1625	ba.conf	2025-12-21 16:18:16.330239+00	78.174.222.159	429	45	62	12	1	w
1626	ba.conf	2025-12-21 16:18:17.398498+00	46.104.49.239	429	45	62	12	1	w
1627	rd.comp	2025-12-21 16:18:21.115582+00	78.174.222.159	62	53	62	12	1	w
1628	ba.conf	2025-12-21 16:25:05.621145+00	78.174.222.159	415	45	62	12	1	w
1629	br.gene	2025-12-21 16:47:36.718551+00	78.174.222.159	12	54	\N	12	1	w
1630	op.edit	2025-12-21 17:48:58.645621+00	46.2.216.195	5	54	\N	5	1	w
1631	br.upda	2025-12-22 11:10:37.346625+00	46.2.216.195	11	22	\N	12	1	w
1632	si.adju	2025-12-22 11:11:51.179158+00	46.2.216.195	12	54	\N	12	1	w
1633	av.aj.save	2025-12-22 11:12:36.965206+00	46.2.216.195	66	53	66	12	1	w
1634	av.aj.save	2025-12-22 11:12:37.948094+00	46.2.216.195	66	53	66	12	1	w
1635	av.aj.save	2025-12-22 11:12:40.04782+00	46.2.216.195	66	53	66	12	1	w
1636	av.aj.save	2025-12-22 11:12:44.862347+00	46.2.216.195	66	53	66	12	1	w
1637	av.aj.save	2025-12-22 11:12:49.548392+00	46.2.216.195	66	53	66	12	1	w
1638	av.aj.save	2025-12-22 11:12:52.908337+00	46.2.216.195	66	53	66	12	1	w
1639	av.aj.save	2025-12-22 11:12:56.484233+00	46.2.216.195	66	53	66	12	1	w
1640	av.aj.save	2025-12-22 11:12:59.707778+00	46.2.216.195	66	53	66	12	1	w
1641	av.aj.save	2025-12-22 11:13:02.574087+00	46.2.216.195	66	53	66	12	1	w
1642	av.aj.save	2025-12-22 11:13:10.905497+00	46.2.216.195	66	53	66	12	1	w
1643	av.aj.save	2025-12-22 11:13:13.822457+00	46.2.216.195	66	53	66	12	1	w
1644	av.aj.save	2025-12-22 11:13:16.007612+00	46.2.216.195	66	53	66	12	1	w
1645	av.aj.save	2025-12-22 11:13:18.706169+00	46.2.216.195	66	53	66	12	1	w
1646	av.aj.save	2025-12-22 11:13:21.092226+00	46.2.216.195	66	53	66	12	1	w
1647	av.aj.save	2025-12-22 11:13:23.900918+00	46.2.216.195	66	53	66	12	1	w
1648	av.aj.save	2025-12-22 11:13:28.29317+00	46.2.216.195	66	53	66	12	1	w
1649	av.aj.save	2025-12-22 11:13:30.345571+00	46.2.216.195	66	53	66	12	1	w
1650	av.aj.save	2025-12-22 11:13:31.555607+00	46.2.216.195	66	53	66	12	1	w
1651	av.aj.save	2025-12-22 11:13:34.293588+00	46.2.216.195	66	53	66	12	1	w
1652	av.aj.save	2025-12-22 11:13:38.741811+00	46.2.216.195	66	53	66	12	1	w
1653	av.aj.save	2025-12-22 11:13:45.899541+00	46.2.216.195	66	53	66	12	1	w
1654	av.aj.save	2025-12-22 11:13:47.472409+00	46.2.216.195	66	53	66	12	1	w
1655	av.aj.save	2025-12-22 11:13:50.219972+00	46.2.216.195	66	53	66	12	1	w
1656	av.aj.save	2025-12-22 11:14:21.894466+00	46.2.216.195	66	53	66	12	1	w
1657	av.ve.save	2025-12-22 11:14:27.157725+00	46.2.216.195	66	53	66	12	1	w
1658	av.ve.save	2025-12-22 11:14:30.942441+00	46.2.216.195	66	53	66	12	1	w
1659	av.ve.save	2025-12-22 11:14:34.456438+00	46.2.216.195	66	53	66	12	1	w
1660	av.ve.save	2025-12-22 11:14:38.498984+00	46.2.216.195	66	53	66	12	1	w
1661	av.ve.save	2025-12-22 11:14:44.295118+00	46.2.216.195	66	53	66	12	1	w
1662	av.ve.save	2025-12-22 11:14:44.932063+00	46.2.216.195	66	53	66	12	1	w
1663	av.ve.save	2025-12-22 11:14:45.462591+00	46.2.216.195	66	53	66	12	1	w
1664	av.ve.save	2025-12-22 11:14:46.1087+00	46.2.216.195	66	53	66	12	1	w
1665	av.ve.save	2025-12-22 11:14:46.910961+00	46.2.216.195	66	53	66	12	1	w
1666	av.ve.save	2025-12-22 11:14:59.857916+00	46.2.216.195	66	53	66	12	1	w
1667	dr.crea	2025-12-22 11:15:02.578007+00	46.2.216.195	66	53	66	12	1	w
1668	dr.conf	2025-12-22 11:17:34.916913+00	46.2.216.195	66	53	66	12	1	w
1669	mo.edit	2025-12-22 12:45:47.506275+00	2a00:1d34:81d:6b01:163:b7e4:ba2b:2316	26	33	66	12	1	w
1670	av.aj.save	2025-12-22 13:32:09.697498+00	46.2.216.195	66	53	66	12	1	w
1671	dr.rele	2025-12-22 13:41:30.078369+00	2a00:1d34:81d:6b01:163:b7e4:ba2b:2316	66	53	66	12	1	w
1672	ba.crea	2025-12-22 15:24:42.328227+00	85.99.176.255	430	45	66	12	1	w
1673	ba.crea	2025-12-22 15:24:42.468621+00	159.20.69.19	431	45	66	12	1	w
1674	ba.crea	2025-12-22 15:25:07.490034+00	46.2.216.195	432	45	66	12	1	w
1675	ba.conf	2025-12-22 15:26:54.444578+00	159.20.69.19	432	45	66	12	1	w
1676	ba.subm	2025-12-22 15:29:08.596425+00	159.146.41.135	433	45	66	12	\N	w
1677	ba.conf	2025-12-22 15:30:38.043867+00	159.20.69.19	433	45	66	12	1	w
1678	ba.conf	2025-12-22 15:30:51.810386+00	159.20.69.19	432	45	66	12	1	w
1679	ba.conf	2025-12-22 15:30:59.563702+00	159.20.69.19	430	45	66	12	1	w
1680	ba.subm	2025-12-22 15:33:09.918131+00	2a00:1d34:7c15:2900:80eb:3254:1f4d:e477	434	45	66	12	\N	w
1681	ba.conf	2025-12-22 15:33:24.596637+00	159.20.69.19	434	45	66	12	1	w
1682	ba.crea	2025-12-22 15:34:09.387773+00	37.154.226.185	435	45	66	12	1	w
1683	ba.conf	2025-12-22 15:34:28.444591+00	159.20.69.19	435	45	66	12	1	w
1684	ba.crea	2025-12-22 15:35:50.993675+00	159.20.69.19	436	45	66	12	1	w
1685	ba.subm	2025-12-22 15:36:49.046843+00	88.255.99.26	437	45	66	12	\N	w
1686	ba.conf	2025-12-22 15:37:18.391566+00	159.20.69.19	436	45	66	12	1	w
1687	ba.conf	2025-12-22 15:37:27.044837+00	159.20.69.19	437	45	66	12	1	w
1688	ba.crea	2025-12-22 15:50:59.619989+00	159.20.69.19	438	45	66	12	1	w
1689	rd.comp	2025-12-22 15:52:11.159266+00	85.99.176.255	66	53	66	12	1	w
1690	av.aj.save	2025-12-22 15:52:15.029192+00	46.2.216.195	65	53	65	12	1	w
1691	av.aj.save	2025-12-22 15:52:18.367585+00	46.2.216.195	65	53	65	12	1	w
1692	av.aj.save	2025-12-22 15:52:30.10598+00	46.2.216.195	65	53	65	12	1	w
1693	av.aj.save	2025-12-22 15:52:33.665837+00	46.2.216.195	65	53	65	12	1	w
1694	av.aj.save	2025-12-22 15:52:35.388102+00	46.2.216.195	65	53	65	12	1	w
1695	av.aj.save	2025-12-22 15:52:38.672098+00	46.2.216.195	65	53	65	12	1	w
1696	av.aj.save	2025-12-22 15:52:40.810854+00	46.2.216.195	65	53	65	12	1	w
1697	av.aj.save	2025-12-22 15:52:44.168334+00	46.2.216.195	65	53	65	12	1	w
1698	av.aj.save	2025-12-22 15:52:47.802648+00	46.2.216.195	65	53	65	12	1	w
1699	av.aj.save	2025-12-22 15:52:49.908636+00	46.2.216.195	65	53	65	12	1	w
1700	av.aj.save	2025-12-22 15:52:53.206237+00	46.2.216.195	65	53	65	12	1	w
1701	av.aj.save	2025-12-22 15:52:55.391234+00	46.2.216.195	65	53	65	12	1	w
1702	av.ve.save	2025-12-22 15:53:00.752253+00	46.2.216.195	65	53	65	12	1	w
1703	av.ve.save	2025-12-22 15:53:03.378384+00	46.2.216.195	65	53	65	12	1	w
1704	av.ve.save	2025-12-22 15:53:07.209326+00	46.2.216.195	65	53	65	12	1	w
1705	av.ve.save	2025-12-22 15:53:14.226155+00	46.2.216.195	65	53	65	12	1	w
1706	dr.crea	2025-12-22 15:53:17.651714+00	46.2.216.195	65	53	65	12	1	w
1707	dr.conf	2025-12-22 15:53:26.422626+00	46.2.216.195	65	53	65	12	1	w
1708	mo.edit	2025-12-22 15:56:28.570329+00	85.99.176.255	27	33	65	12	1	w
1709	dr.rele	2025-12-22 16:20:04.341386+00	85.99.176.255	65	53	65	12	1	w
1710	ba.crea	2025-12-22 17:44:42.546743+00	46.104.54.170	439	45	65	12	1	w
1711	ba.subm	2025-12-22 17:58:21.885418+00	95.70.250.118	440	45	65	12	\N	w
1712	ba.conf	2025-12-22 17:59:09.674395+00	46.104.54.170	440	45	65	12	1	w
1713	ba.crea	2025-12-22 18:06:14.992869+00	46.104.54.170	441	45	65	12	1	w
1714	ba.subm	2025-12-22 18:22:02.976022+00	2a00:1d34:7c15:2900:80eb:3254:1f4d:e477	442	45	65	12	\N	w
1715	ba.conf	2025-12-22 18:22:19.463572+00	46.104.54.170	442	45	65	12	1	w
1716	rd.comp	2025-12-22 18:27:55.179727+00	46.2.216.195	65	53	65	12	1	w
1717	av.aj.save	2025-12-22 18:29:55.492754+00	46.2.216.195	64	53	64	12	1	w
1718	av.aj.save	2025-12-22 18:30:08.147206+00	46.2.216.195	64	53	64	12	1	w
1719	av.aj.save	2025-12-22 18:30:08.930606+00	46.2.216.195	64	53	64	12	1	w
1720	av.aj.save	2025-12-22 18:30:13.160719+00	46.2.216.195	64	53	64	12	1	w
1721	av.aj.save	2025-12-22 18:30:16.524539+00	46.2.216.195	64	53	64	12	1	w
1722	si.adju	2025-12-22 18:30:39.421363+00	46.2.216.195	12	54	\N	12	1	w
1723	av.aj.save	2025-12-22 18:30:51.807928+00	46.2.216.195	64	53	64	12	1	w
1724	av.ve.save	2025-12-22 18:30:57.906094+00	46.2.216.195	64	53	64	12	1	w
1725	av.ve.save	2025-12-22 18:31:07.707093+00	46.2.216.195	64	53	64	12	1	w
1726	av.aj.save	2025-12-23 15:08:19.331982+00	2a00:1d34:81d:6b01:8580:e123:658b:64a	64	53	64	12	1	w
1727	av.aj.save	2025-12-23 15:08:23.848435+00	2a00:1d34:81d:6b01:8580:e123:658b:64a	64	53	64	12	1	w
1728	dr.crea	2025-12-23 15:08:27.75859+00	2a00:1d34:81d:6b01:8580:e123:658b:64a	64	53	64	12	1	w
1729	dr.conf	2025-12-23 15:09:29.582222+00	2a00:1d34:81d:6b01:8580:e123:658b:64a	64	53	64	12	1	w
1730	mo.edit	2025-12-23 17:10:17.306614+00	2a02:ff0:332a:2593:50e8:120a:3759:838e	28	33	64	12	1	w
1731	dr.rele	2025-12-23 17:10:22.117264+00	2a02:ff0:332a:2593:50e8:120a:3759:838e	64	53	64	12	1	w
1732	ba.crea	2025-12-23 18:29:07.631673+00	2a02:ff0:332a:2593:50e8:120a:3759:838e	443	45	64	12	1	w
1733	ba.crea	2025-12-23 18:58:04.891868+00	2a02:ff0:332a:2593:50e8:120a:3759:838e	444	45	64	12	1	w
1734	rd.comp	2025-12-23 18:58:08.481826+00	2a02:ff0:332a:2593:50e8:120a:3759:838e	64	53	64	12	1	w
1735	op.edit	2025-12-24 09:06:02.422405+00	85.99.176.255	12	54	\N	12	1	w
\.


--
-- Data for Name: adjallocation_adjudicatoradjudicatorconflict; Type: TABLE DATA; Schema: public; Owner: tabbycat
--

COPY public.adjallocation_adjudicatoradjudicatorconflict (id, adjudicator1_id, adjudicator2_id) FROM stdin;
\.


--
-- Data for Name: adjallocation_adjudicatorinstitutionconflict; Type: TABLE DATA; Schema: public; Owner: tabbycat
--

COPY public.adjallocation_adjudicatorinstitutionconflict (id, adjudicator_id, institution_id) FROM stdin;
\.


--
-- Data for Name: adjallocation_adjudicatorteamconflict; Type: TABLE DATA; Schema: public; Owner: tabbycat
--

COPY public.adjallocation_adjudicatorteamconflict (id, adjudicator_id, team_id) FROM stdin;
2	146	55
3	1256	394
4	1261	403
5	1261	404
\.


--
-- Data for Name: adjallocation_debateadjudicator; Type: TABLE DATA; Schema: public; Owner: tabbycat
--

COPY public.adjallocation_debateadjudicator (id, type, timing_confirmed, adjudicator_id, debate_id) FROM stdin;
1	C	\N	1	1
2	C	\N	2	2
3	C	\N	3	3
4	C	\N	4	4
5	C	\N	5	5
6	C	\N	6	6
7	C	\N	7	7
8	C	\N	2	12
9	C	\N	5	11
10	C	\N	3	14
162	P	\N	129	46
13	C	\N	4	9
169	P	\N	140	46
15	C	\N	1	8
17	C	\N	7	13
18	C	\N	6	10
19	C	\N	5	18
20	C	\N	3	21
269	P	\N	242	59
22	C	\N	7	16
23	C	\N	2	15
24	C	\N	4	20
25	C	\N	6	17
26	C	\N	1	19
27	C	\N	3	27
215	P	\N	232	53
106	C	\N	142	40
32	C	\N	2	22
33	C	\N	4	26
34	C	\N	7	24
113	P	\N	121	40
114	P	\N	124	40
117	P	\N	125	40
129	P	\N	135	40
40	C	\N	6	25
107	C	\N	146	36
43	C	\N	1	28
44	C	\N	5	23
110	P	\N	148	36
116	P	\N	123	36
127	P	\N	132	36
130	P	\N	141	36
94	C	\N	145	38
111	P	\N	144	38
112	P	\N	120	38
126	P	\N	130	38
131	P	\N	136	38
98	C	\N	143	37
115	P	\N	122	37
118	P	\N	127	37
124	P	\N	126	37
132	P	\N	137	37
100	C	\N	149	39
119	P	\N	133	39
122	P	\N	131	39
128	P	\N	134	39
133	P	\N	138	39
88	C	\N	145	31
75	P	\N	136	31
80	P	\N	141	31
57	P	\N	122	31
66	P	\N	129	31
89	C	\N	146	34
60	P	\N	133	34
78	P	\N	139	34
62	P	\N	121	34
67	P	\N	125	34
99	C	\N	147	35
121	P	\N	140	35
123	P	\N	129	35
91	C	\N	143	33
77	P	\N	138	33
52	P	\N	148	33
58	P	\N	123	33
70	P	\N	124	33
92	C	\N	142	29
71	P	\N	132	29
73	P	\N	134	29
59	P	\N	120	29
64	P	\N	127	29
125	P	\N	128	35
134	P	\N	139	35
51	C	\N	149	30
55	P	\N	144	30
63	P	\N	131	30
72	P	\N	128	30
74	P	\N	135	30
274	C	\N	199	61
209	P	\N	233	58
49	C	\N	147	32
61	P	\N	126	32
68	P	\N	130	32
76	P	\N	137	32
79	P	\N	140	32
271	P	\N	244	61
172	C	\N	147	44
148	P	\N	125	44
155	P	\N	124	44
160	P	\N	132	44
167	P	\N	138	44
207	P	\N	227	56
177	C	\N	147	48
282	P	\N	231	64
178	P	\N	149	48
181	P	\N	144	48
182	P	\N	125	48
184	P	\N	135	48
176	C	\N	146	47
284	P	\N	225	64
179	P	\N	143	47
180	P	\N	148	47
183	P	\N	131	47
185	P	\N	138	47
186	C	\N	222	49
187	C	\N	223	50
173	C	\N	149	42
142	C	\N	145	45
151	P	\N	130	45
152	P	\N	131	45
158	P	\N	127	45
165	P	\N	136	45
140	C	\N	146	43
150	P	\N	122	43
156	P	\N	126	43
163	P	\N	141	43
166	P	\N	137	43
188	C	\N	222	52
189	C	\N	223	51
144	C	\N	143	41
147	P	\N	120	41
154	P	\N	121	41
161	P	\N	134	41
168	P	\N	139	41
146	C	\N	148	46
145	P	\N	144	46
157	P	\N	128	46
136	P	\N	142	42
149	P	\N	123	42
174	P	\N	135	42
175	P	\N	133	42
213	P	\N	230	56
273	C	\N	200	64
210	P	\N	235	54
295	P	\N	226	69
191	C	\N	198	57
214	P	\N	228	56
208	P	\N	234	57
217	P	\N	238	57
203	P	\N	224	58
212	P	\N	231	55
220	P	\N	241	55
211	P	\N	237	54
196	P	\N	205	53
206	P	\N	225	53
216	P	\N	236	54
202	P	\N	203	57
204	P	\N	226	57
218	P	\N	239	58
192	C	\N	202	56
219	P	\N	240	56
205	P	\N	229	55
199	C	\N	204	54
221	P	\N	242	54
198	C	\N	201	53
222	P	\N	243	53
200	C	\N	199	55
223	P	\N	244	55
190	C	\N	200	58
224	P	\N	245	58
299	P	\N	232	69
293	P	\N	229	70
291	C	\N	201	67
287	C	\N	202	69
285	C	\N	204	70
242	C	\N	202	59
257	P	\N	234	59
258	P	\N	233	59
266	P	\N	239	59
351	P	\N	381	75
342	C	\N	372	79
353	P	\N	382	79
335	C	\N	366	76
401	C	\N	366	101
348	C	\N	377	85
888	P	\N	870	326
687	C	\N	850	287
359	C	\N	370	90
500	C	\N	369	112
894	P	\N	871	310
365	C	\N	369	96
368	C	\N	372	87
370	C	\N	373	91
372	C	\N	376	88
509	C	\N	375	114
510	C	\N	380	121
511	C	\N	376	120
512	C	\N	372	113
410	C	\N	378	100
513	C	\N	377	111
289	C	\N	199	68
294	P	\N	224	68
298	P	\N	231	68
310	P	\N	237	68
311	P	\N	238	68
288	C	\N	198	66
300	P	\N	233	66
303	P	\N	228	66
305	P	\N	225	66
312	P	\N	239	66
366	C	\N	367	92
380	P	\N	381	92
290	C	\N	205	65
297	P	\N	227	65
306	P	\N	230	65
308	P	\N	234	65
314	P	\N	244	65
292	P	\N	203	67
307	P	\N	235	67
313	P	\N	245	67
315	P	\N	243	67
309	P	\N	236	69
316	P	\N	242	69
355	C	\N	366	89
236	C	\N	204	60
251	P	\N	228	60
259	P	\N	235	60
264	P	\N	238	60
267	P	\N	240	60
241	C	\N	205	63
238	P	\N	203	63
253	P	\N	230	63
263	P	\N	236	63
268	P	\N	241	63
286	P	\N	200	70
317	P	\N	241	70
318	P	\N	240	70
250	P	\N	227	61
256	P	\N	232	61
279	P	\N	226	61
478	C	\N	371	119
514	P	\N	382	119
381	P	\N	380	89
356	C	\N	368	86
420	P	\N	381	100
277	P	\N	243	64
281	P	\N	237	64
244	C	\N	198	62
252	P	\N	229	62
254	P	\N	224	62
272	P	\N	245	62
283	P	\N	201	62
383	C	\N	375	95
384	C	\N	378	93
527	C	\N	366	181
472	C	\N	373	118
516	P	\N	381	118
399	C	\N	369	104
388	C	\N	377	94
321	C	\N	198	72
324	P	\N	204	72
326	P	\N	232	72
328	P	\N	241	72
322	C	\N	200	71
323	P	\N	202	71
325	P	\N	203	71
327	P	\N	237	71
329	P	\N	244	71
475	C	\N	374	115
334	C	\N	367	74
336	C	\N	368	80
338	C	\N	373	81
341	C	\N	371	78
343	C	\N	374	77
344	C	\N	376	73
345	C	\N	375	82
347	C	\N	378	84
339	C	\N	369	83
349	P	\N	380	83
522	C	\N	367	182
422	C	\N	380	109
333	C	\N	370	75
391	C	\N	371	98
382	P	\N	382	98
392	C	\N	374	97
529	C	\N	369	180
530	C	\N	368	179
531	C	\N	488	197
532	C	\N	489	198
533	C	\N	490	199
534	C	\N	491	200
535	C	\N	492	201
425	C	\N	377	107
402	C	\N	373	105
536	C	\N	493	202
537	C	\N	494	203
538	C	\N	495	204
539	C	\N	496	205
408	C	\N	371	99
540	C	\N	497	206
541	C	\N	498	207
542	C	\N	500	208
543	C	\N	501	209
544	C	\N	505	210
545	C	\N	366	212
546	C	\N	369	211
547	C	\N	489	220
426	C	\N	375	108
548	C	\N	488	216
427	C	\N	376	106
428	C	\N	379	110
403	C	\N	372	103
419	P	\N	382	103
429	C	\N	374	102
431	C	\N	366	117
432	C	\N	378	122
433	P	\N	370	122
552	C	\N	495	226
553	C	\N	494	223
554	C	\N	493	214
555	C	\N	491	215
556	C	\N	497	219
557	C	\N	500	225
559	C	\N	496	221
560	C	\N	501	222
561	C	\N	498	213
562	C	\N	505	217
563	C	\N	490	224
564	C	\N	492	218
565	C	\N	142	227
566	P	\N	145	227
569	P	\N	202	228
570	P	\N	203	228
567	C	\N	198	228
571	C	\N	834	229
572	C	\N	836	231
573	C	\N	837	230
574	C	\N	838	233
578	C	\N	839	235
576	C	\N	847	232
579	C	\N	842	236
581	C	\N	841	238
582	C	\N	854	239
583	C	\N	860	240
584	C	\N	851	242
585	C	\N	853	241
586	C	\N	850	250
477	C	\N	379	116
587	C	\N	844	244
589	C	\N	857	247
594	C	\N	863	253
595	C	\N	845	243
925	P	\N	862	329
598	C	\N	856	246
599	C	\N	858	234
600	P	\N	849	234
601	C	\N	848	251
604	C	\N	867	249
603	P	\N	865	249
602	C	\N	835	248
605	P	\N	871	248
593	C	\N	862	254
606	P	\N	872	254
591	C	\N	843	256
607	P	\N	869	256
590	C	\N	868	252
609	P	\N	870	252
592	C	\N	852	255
610	C	\N	864	245
611	P	\N	866	245
597	C	\N	840	237
613	C	\N	850	273
612	C	\N	844	266
912	C	\N	859	333
616	C	\N	841	269
618	C	\N	842	277
820	C	\N	847	326
823	C	\N	841	319
889	P	\N	873	319
798	C	\N	834	291
915	P	\N	853	333
852	C	\N	852	311
891	P	\N	866	311
918	P	\N	858	333
896	C	\N	844	331
799	C	\N	863	290
800	C	\N	867	286
766	C	\N	836	285
817	C	\N	856	310
801	P	\N	866	285
818	C	\N	842	308
761	C	\N	839	288
893	P	\N	869	308
802	P	\N	869	288
909	P	\N	852	331
899	C	\N	855	328
905	P	\N	840	328
906	P	\N	846	328
721	P	\N	849	287
920	P	\N	857	331
1039	C	\N	1256	342
902	C	\N	847	334
649	C	\N	858	279
919	P	\N	860	334
651	C	\N	847	275
652	C	\N	854	259
921	P	\N	834	334
913	C	\N	841	332
1041	C	\N	1272	343
917	P	\N	851	332
922	P	\N	837	332
662	C	\N	836	264
664	C	\N	843	257
665	C	\N	845	270
897	C	\N	850	330
1051	C	\N	1260	381
669	C	\N	863	267
668	C	\N	834	278
670	C	\N	862	283
671	C	\N	838	268
672	C	\N	840	282
728	C	\N	860	299
730	P	\N	873	299
676	C	\N	848	263
675	C	\N	849	258
677	C	\N	864	260
653	C	\N	839	281
678	P	\N	866	281
654	C	\N	846	262
679	P	\N	868	262
620	C	\N	853	272
680	P	\N	869	272
660	C	\N	860	280
681	P	\N	870	280
658	C	\N	857	271
682	P	\N	867	271
659	C	\N	852	274
683	P	\N	871	274
615	C	\N	856	261
684	P	\N	873	261
661	C	\N	851	276
685	P	\N	872	276
663	C	\N	837	265
686	P	\N	865	265
1043	C	\N	1263	347
1045	C	\N	1295	348
908	P	\N	843	330
923	P	\N	865	330
900	C	\N	856	335
907	P	\N	836	335
924	P	\N	845	335
901	C	\N	854	329
916	P	\N	839	329
1049	C	\N	1267	352
1053	C	\N	1265	379
1055	C	\N	1270	378
854	C	\N	851	316
1057	C	\N	1271	375
855	C	\N	839	309
1061	C	\N	1279	373
764	C	\N	846	298
765	P	\N	852	298
1063	C	\N	1281	370
857	C	\N	836	321
736	C	\N	841	284
738	P	\N	848	284
1065	C	\N	1290	369
1071	C	\N	1288	355
1069	C	\N	1264	354
1073	C	\N	1286	357
1075	C	\N	1285	360
1081	C	\N	1294	367
1083	C	\N	1296	366
1085	C	\N	1277	344
1087	C	\N	1298	363
768	C	\N	851	294
1091	C	\N	1286	392
1360	C	\N	1258	456
771	C	\N	857	301
772	C	\N	853	295
773	C	\N	837	304
777	C	\N	854	296
737	P	\N	865	296
778	C	\N	847	289
725	P	\N	858	289
1364	C	\N	1257	446
780	C	\N	845	297
1365	C	\N	1280	430
782	C	\N	843	292
783	C	\N	862	303
954	C	\N	844	337
955	P	\N	856	337
956	P	\N	836	337
1101	C	\N	1259	391
1103	C	\N	1267	410
1105	C	\N	1280	420
1367	C	\N	1281	440
791	C	\N	868	306
1369	C	\N	1278	436
793	C	\N	838	300
1371	C	\N	1274	457
795	C	\N	844	302
1373	P	\N	1273	422
732	C	\N	842	305
811	P	\N	840	305
734	C	\N	856	293
810	P	\N	864	293
812	C	\N	846	315
813	P	\N	850	315
1127	C	\N	1287	404
885	P	\N	849	313
840	C	\N	844	307
866	C	\N	853	327
867	C	\N	845	322
835	C	\N	864	323
865	C	\N	837	314
869	P	\N	834	314
870	C	\N	843	318
877	C	\N	858	312
878	C	\N	848	325
881	C	\N	868	317
883	C	\N	863	324
884	C	\N	840	320
819	C	\N	854	313
1538	P	\N	1311	504
1177	C	\N	1289	386
1179	C	\N	1277	388
1335	C	\N	1264	437
1180	C	\N	1268	413
1181	C	\N	1290	414
1182	C	\N	1257	406
1183	C	\N	1293	402
1184	C	\N	1269	409
1185	C	\N	1263	415
1536	C	\N	1286	504
1033	C	\N	856	341
1034	P	\N	859	341
1035	P	\N	852	341
1036	C	\N	854	340
1037	P	\N	844	340
1038	P	\N	846	340
1040	C	\N	1257	345
1042	C	\N	1259	346
1044	C	\N	1280	349
1048	C	\N	1268	350
1050	C	\N	1269	353
1001	C	\N	855	339
1003	P	\N	841	339
1007	P	\N	852	339
1052	C	\N	1262	380
1054	C	\N	1266	377
1056	C	\N	1273	376
1058	C	\N	1274	374
1060	C	\N	1276	371
1064	C	\N	1284	372
1186	C	\N	1262	408
1068	C	\N	1289	351
1070	C	\N	1278	356
1072	C	\N	1258	358
1074	C	\N	1287	359
1076	C	\N	1283	361
1080	C	\N	1261	365
1082	C	\N	1297	364
1084	C	\N	1293	368
1086	C	\N	1282	362
1534	C	\N	1276	503
1350	C	\N	1302	439
1187	C	\N	1258	419
1188	C	\N	1295	382
1189	C	\N	1260	395
981	C	\N	859	338
1014	P	\N	854	338
1018	P	\N	846	338
1004	C	\N	847	336
1013	P	\N	850	336
1016	P	\N	860	336
1190	C	\N	1264	412
1191	C	\N	1282	385
1102	C	\N	1297	400
1362	C	\N	1285	447
1192	C	\N	1279	389
1193	C	\N	1278	416
1108	C	\N	1274	384
1363	C	\N	1262	443
1366	C	\N	1290	448
1368	C	\N	1263	431
1372	C	\N	1293	455
1194	C	\N	1296	397
1205	C	\N	1266	422
1195	C	\N	1285	398
1210	C	\N	1271	425
1374	P	\N	1279	425
1196	C	\N	1261	405
1376	C	\N	1294	460
1197	C	\N	1284	411
1379	C	\N	1276	461
1198	C	\N	1302	417
1199	C	\N	1288	394
1274	C	\N	1284	434
1388	C	\N	1288	488
1389	C	\N	1281	463
1392	C	\N	1271	458
1145	C	\N	1273	387
1146	C	\N	1270	407
1200	C	\N	1286	433
1402	C	\N	1279	476
1403	C	\N	1256	472
1405	C	\N	1287	473
1406	C	\N	1259	462
1407	C	\N	1277	467
1408	C	\N	1289	490
1409	C	\N	1269	459
1410	C	\N	1274	489
1206	C	\N	1272	442
1411	C	\N	1263	471
1207	C	\N	1294	427
1412	C	\N	1278	486
1160	C	\N	1266	401
1208	C	\N	1276	451
1413	C	\N	1293	474
1209	C	\N	1283	423
1414	C	\N	1260	479
1164	C	\N	1294	390
1165	C	\N	1272	418
1415	C	\N	1290	466
1416	C	\N	1268	470
1166	C	\N	1271	393
1092	C	\N	1276	396
1418	C	\N	1296	487
1169	C	\N	1283	383
1170	P	\N	1298	383
1427	C	\N	1257	477
1428	C	\N	1258	464
1219	C	\N	1259	428
1220	C	\N	1287	438
1221	C	\N	1288	435
1175	C	\N	1281	403
1178	C	\N	1256	399
1377	C	\N	1286	475
1434	C	\N	1264	480
1435	C	\N	1285	481
1436	C	\N	1270	482
1437	C	\N	1280	468
1438	C	\N	1295	478
1439	C	\N	1284	465
1440	C	\N	1282	469
1386	C	\N	1283	485
1441	P	\N	1298	485
1384	C	\N	1266	484
1385	C	\N	1272	483
1442	P	\N	1262	483
1494	C	\N	1281	491
1479	C	\N	1272	497
1480	P	\N	1277	497
1482	P	\N	1295	497
1449	C	\N	1294	493
1444	C	\N	1292	498
1268	C	\N	1256	445
1272	C	\N	1268	453
1447	C	\N	1271	495
1478	C	\N	1290	494
1280	C	\N	1269	429
1443	C	\N	1276	492
1284	C	\N	1267	450
1286	C	\N	1297	454
1489	P	\N	1273	492
1290	C	\N	1289	441
1445	C	\N	1286	496
1295	C	\N	1277	421
1297	C	\N	1260	424
1464	P	\N	1285	498
1459	P	\N	1287	495
1306	C	\N	1295	426
1474	P	\N	1296	495
1312	C	\N	1270	432
1325	C	\N	1296	452
1309	C	\N	1261	449
1256	C	\N	1282	444
1487	P	\N	1284	496
1486	P	\N	1264	496
1495	P	\N	1256	494
1498	P	\N	1309	494
1508	P	\N	1257	498
1507	P	\N	1282	492
1533	P	\N	1266	503
1497	P	\N	1289	491
1510	P	\N	1310	491
1503	P	\N	1293	493
1511	P	\N	1259	493
1541	P	\N	1289	503
1537	P	\N	1281	504
1513	C	\N	1271	499
1516	P	\N	1276	499
1525	P	\N	1281	499
1515	C	\N	1294	501
1527	P	\N	1256	501
1529	P	\N	1289	501
1512	C	\N	1272	502
1526	P	\N	1290	502
1531	P	\N	1297	502
1514	C	\N	1266	500
1517	P	\N	1259	500
1518	P	\N	1287	500
\.


--
-- Data for Name: adjallocation_preformedpanel; Type: TABLE DATA; Schema: public; Owner: tabbycat
--

COPY public.adjallocation_preformedpanel (id, importance, round_id, bracket_max, bracket_min, liveness, room_rank) FROM stdin;
\.


--
-- Data for Name: adjallocation_preformedpaneladjudicator; Type: TABLE DATA; Schema: public; Owner: tabbycat
--

COPY public.adjallocation_preformedpaneladjudicator (id, type, adjudicator_id, panel_id) FROM stdin;
\.


--
-- Data for Name: adjallocation_teaminstitutionconflict; Type: TABLE DATA; Schema: public; Owner: tabbycat
--

COPY public.adjallocation_teaminstitutionconflict (id, institution_id, team_id) FROM stdin;
1	2	337
2	2	338
3	2	339
4	2	340
5	2	341
6	1	342
7	1	343
8	1	344
9	1	345
\.


--
-- Data for Name: adjfeedback_adjudicatorbasescorehistory; Type: TABLE DATA; Schema: public; Owner: tabbycat
--

COPY public.adjfeedback_adjudicatorbasescorehistory (id, score, "timestamp", adjudicator_id, round_id) FROM stdin;
\.


--
-- Data for Name: adjfeedback_adjudicatorfeedback; Type: TABLE DATA; Schema: public; Owner: tabbycat
--

COPY public.adjfeedback_adjudicatorfeedback (id, "timestamp", version, submitter_type, confirmed, confirm_timestamp, ip_address, score, adjudicator_id, confirmer_id, source_adjudicator_id, source_team_id, submitter_id, ignored, participant_submitter_id, private_url) FROM stdin;
\.


--
-- Data for Name: adjfeedback_adjudicatorfeedbackquestion; Type: TABLE DATA; Schema: public; Owner: tabbycat
--

COPY public.adjfeedback_adjudicatorfeedbackquestion (question_ptr_id, reference, from_adj, from_team) FROM stdin;
2	agree	t	t
3	comments	t	t
4	agree	t	t
5	comments	t	t
6	agree	t	t
7	comments	t	t
8	agree	t	t
9	comments	t	t
10	agree	t	t
11	comments	t	t
12	agree	t	t
13	comments	t	t
22	agree	t	t
23	comments	t	t
24	agree	t	t
25	comments	t	t
\.


--
-- Data for Name: auth_group; Type: TABLE DATA; Schema: public; Owner: tabbycat
--

COPY public.auth_group (id, name) FROM stdin;
\.


--
-- Data for Name: auth_group_permissions; Type: TABLE DATA; Schema: public; Owner: tabbycat
--

COPY public.auth_group_permissions (id, group_id, permission_id) FROM stdin;
\.


--
-- Data for Name: auth_permission; Type: TABLE DATA; Schema: public; Owner: tabbycat
--

COPY public.auth_permission (id, name, content_type_id, codename) FROM stdin;
1	Can add bookmark	1	add_bookmark
2	Can change bookmark	1	change_bookmark
3	Can delete bookmark	1	delete_bookmark
4	Can view bookmark	1	view_bookmark
5	Can add pinned application	2	add_pinnedapplication
6	Can change pinned application	2	change_pinnedapplication
7	Can delete pinned application	2	delete_pinnedapplication
8	Can view pinned application	2	view_pinnedapplication
9	Can add log entry	3	add_logentry
10	Can change log entry	3	change_logentry
11	Can delete log entry	3	delete_logentry
12	Can view log entry	3	view_logentry
13	Can add permission	4	add_permission
14	Can change permission	4	change_permission
15	Can delete permission	4	delete_permission
16	Can view permission	4	view_permission
17	Can add group	5	add_group
18	Can change group	5	change_group
19	Can delete group	5	delete_group
20	Can view group	5	view_group
21	Can add user	6	add_user
22	Can change user	6	change_user
23	Can delete user	6	delete_user
24	Can view user	6	view_user
25	Can add content type	7	add_contenttype
26	Can change content type	7	change_contenttype
27	Can delete content type	7	delete_contenttype
28	Can view content type	7	view_contenttype
29	Can add session	8	add_session
30	Can change session	8	change_session
31	Can delete session	8	delete_session
32	Can view session	8	view_session
33	Can add attachment	9	add_attachment
34	Can change attachment	9	change_attachment
35	Can delete attachment	9	delete_attachment
36	Can view attachment	9	view_attachment
37	Can add action log	10	add_actionlogentry
38	Can change action log	10	change_actionlogentry
39	Can delete action log	10	delete_actionlogentry
40	Can view action log	10	view_actionlogentry
41	Can add adjudicator-adjudicator conflict	11	add_adjudicatoradjudicatorconflict
42	Can change adjudicator-adjudicator conflict	11	change_adjudicatoradjudicatorconflict
43	Can delete adjudicator-adjudicator conflict	11	delete_adjudicatoradjudicatorconflict
44	Can view adjudicator-adjudicator conflict	11	view_adjudicatoradjudicatorconflict
45	Can add adjudicator-institution conflict	12	add_adjudicatorinstitutionconflict
46	Can change adjudicator-institution conflict	12	change_adjudicatorinstitutionconflict
47	Can delete adjudicator-institution conflict	12	delete_adjudicatorinstitutionconflict
48	Can view adjudicator-institution conflict	12	view_adjudicatorinstitutionconflict
49	Can add debate adjudicator	13	add_debateadjudicator
50	Can change debate adjudicator	13	change_debateadjudicator
51	Can delete debate adjudicator	13	delete_debateadjudicator
52	Can view debate adjudicator	13	view_debateadjudicator
53	Can add team-institution conflict	14	add_teaminstitutionconflict
54	Can change team-institution conflict	14	change_teaminstitutionconflict
55	Can delete team-institution conflict	14	delete_teaminstitutionconflict
56	Can view team-institution conflict	14	view_teaminstitutionconflict
57	Can add adjudicator-team conflict	15	add_adjudicatorteamconflict
58	Can change adjudicator-team conflict	15	change_adjudicatorteamconflict
59	Can delete adjudicator-team conflict	15	delete_adjudicatorteamconflict
60	Can view adjudicator-team conflict	15	view_adjudicatorteamconflict
61	Can add preformed panel	16	add_preformedpanel
62	Can change preformed panel	16	change_preformedpanel
63	Can delete preformed panel	16	delete_preformedpanel
64	Can view preformed panel	16	view_preformedpanel
65	Can add preformed panel adjudicator	17	add_preformedpaneladjudicator
66	Can change preformed panel adjudicator	17	change_preformedpaneladjudicator
67	Can delete preformed panel adjudicator	17	delete_preformedpaneladjudicator
68	Can view preformed panel adjudicator	17	view_preformedpaneladjudicator
69	Can add adjudicator feedback	18	add_adjudicatorfeedback
70	Can change adjudicator feedback	18	change_adjudicatorfeedback
71	Can delete adjudicator feedback	18	delete_adjudicatorfeedback
72	Can view adjudicator feedback	18	view_adjudicatorfeedback
73	Can add adjudicator feedback question	19	add_adjudicatorfeedbackquestion
74	Can change adjudicator feedback question	19	change_adjudicatorfeedbackquestion
75	Can delete adjudicator feedback question	19	delete_adjudicatorfeedbackquestion
76	Can view adjudicator feedback question	19	view_adjudicatorfeedbackquestion
77	Can add adjudicator base score history	20	add_adjudicatorbasescorehistory
78	Can change adjudicator base score history	20	change_adjudicatorbasescorehistory
79	Can delete adjudicator base score history	20	delete_adjudicatorbasescorehistory
80	Can view adjudicator base score history	20	view_adjudicatorbasescorehistory
81	Can add round availability	21	add_roundavailability
82	Can change round availability	21	change_roundavailability
83	Can delete round availability	21	delete_roundavailability
84	Can view round availability	21	view_roundavailability
85	Can add break category	22	add_breakcategory
86	Can change break category	22	change_breakcategory
87	Can delete break category	22	delete_breakcategory
88	Can view break category	22	view_breakcategory
89	Can add breaking team	23	add_breakingteam
90	Can change breaking team	23	change_breakingteam
91	Can delete breaking team	23	delete_breakingteam
92	Can view breaking team	23	view_breakingteam
93	Can add check-in event	24	add_event
94	Can change check-in event	24	change_event
95	Can delete check-in event	24	delete_event
96	Can view check-in event	24	view_event
97	Can add identifier	25	add_identifier
98	Can change identifier	25	change_identifier
99	Can delete identifier	25	delete_identifier
100	Can view identifier	25	view_identifier
101	Can add debate identifier	26	add_debateidentifier
102	Can change debate identifier	26	change_debateidentifier
103	Can delete debate identifier	26	delete_debateidentifier
104	Can view debate identifier	26	view_debateidentifier
105	Can add person identifier	27	add_personidentifier
106	Can change person identifier	27	change_personidentifier
107	Can delete person identifier	27	delete_personidentifier
108	Can view person identifier	27	view_personidentifier
109	Can add room identifier	28	add_venueidentifier
110	Can change room identifier	28	change_venueidentifier
111	Can delete room identifier	28	delete_venueidentifier
112	Can view room identifier	28	view_venueidentifier
113	Can add debate	29	add_debate
114	Can change debate	29	change_debate
115	Can delete debate	29	delete_debate
116	Can view debate	29	view_debate
117	Can add debate team	30	add_debateteam
118	Can change debate team	30	change_debateteam
119	Can delete debate team	30	delete_debateteam
120	Can view debate team	30	view_debateteam
121	Can add team side allocation	31	add_teamsideallocation
122	Can change team side allocation	31	change_teamsideallocation
123	Can delete team side allocation	31	delete_teamsideallocation
124	Can view team side allocation	31	view_teamsideallocation
125	Can add debate team motion preference	32	add_debateteammotionpreference
126	Can change debate team motion preference	32	change_debateteammotionpreference
127	Can delete debate team motion preference	32	delete_debateteammotionpreference
128	Can view debate team motion preference	32	view_debateteammotionpreference
129	Can add motion	33	add_motion
130	Can change motion	33	change_motion
131	Can delete motion	33	delete_motion
132	Can view motion	33	view_motion
133	Can add round motion	34	add_roundmotion
134	Can change round motion	34	change_roundmotion
135	Can delete round motion	34	delete_roundmotion
136	Can view round motion	34	view_roundmotion
137	Can add tournament preference	35	add_tournamentpreferencemodel
138	Can change tournament preference	35	change_tournamentpreferencemodel
139	Can delete tournament preference	35	delete_tournamentpreferencemodel
140	Can view tournament preference	35	view_tournamentpreferencemodel
141	Can add institution	36	add_institution
142	Can change institution	36	change_institution
143	Can delete institution	36	delete_institution
144	Can view institution	36	view_institution
145	Can add person	37	add_person
146	Can change person	37	change_person
147	Can delete person	37	delete_person
148	Can view person	37	view_person
149	Can add region	38	add_region
150	Can change region	38	change_region
151	Can delete region	38	delete_region
152	Can view region	38	view_region
153	Can add speaker category	39	add_speakercategory
154	Can change speaker category	39	change_speakercategory
155	Can delete speaker category	39	delete_speakercategory
156	Can view speaker category	39	view_speakercategory
157	Can add team	40	add_team
158	Can change team	40	change_team
159	Can delete team	40	delete_team
160	Can view team	40	view_team
161	Can add adjudicator	41	add_adjudicator
162	Can change adjudicator	41	change_adjudicator
163	Can delete adjudicator	41	delete_adjudicator
164	Can view adjudicator	41	view_adjudicator
165	Can add speaker	42	add_speaker
166	Can change speaker	42	change_speaker
167	Can delete speaker	42	delete_speaker
168	Can view speaker	42	view_speaker
169	Can add tournament institution	43	add_tournamentinstitution
170	Can change tournament institution	43	change_tournamentinstitution
171	Can delete tournament institution	43	delete_tournamentinstitution
172	Can view tournament institution	43	view_tournamentinstitution
173	Can add coach	44	add_coach
174	Can change coach	44	change_coach
175	Can delete coach	44	delete_coach
176	Can view coach	44	view_coach
177	Can add ballot submission	45	add_ballotsubmission
178	Can change ballot submission	45	change_ballotsubmission
179	Can delete ballot submission	45	delete_ballotsubmission
180	Can view ballot submission	45	view_ballotsubmission
181	Can add speaker score	46	add_speakerscore
182	Can change speaker score	46	change_speakerscore
183	Can delete speaker score	46	delete_speakerscore
184	Can view speaker score	46	view_speakerscore
185	Can add speaker score by adjudicator	47	add_speakerscorebyadj
186	Can change speaker score by adjudicator	47	change_speakerscorebyadj
187	Can delete speaker score by adjudicator	47	delete_speakerscorebyadj
188	Can view speaker score by adjudicator	47	view_speakerscorebyadj
189	Can add team score	48	add_teamscore
190	Can change team score	48	change_teamscore
191	Can delete team score	48	delete_teamscore
192	Can view team score	48	view_teamscore
193	Can add team score by adjudicator	49	add_teamscorebyadj
194	Can change team score by adjudicator	49	change_teamscorebyadj
195	Can delete team score by adjudicator	49	delete_teamscorebyadj
196	Can view team score by adjudicator	49	view_teamscorebyadj
197	Can add score criterion	50	add_scorecriterion
198	Can change score criterion	50	change_scorecriterion
199	Can delete score criterion	50	delete_scorecriterion
200	Can view score criterion	50	view_scorecriterion
201	Can add speaker score for criterion by adjudicator	51	add_speakercriterionscorebyadj
202	Can change speaker score for criterion by adjudicator	51	change_speakercriterionscorebyadj
203	Can delete speaker score for criterion by adjudicator	51	delete_speakercriterionscorebyadj
204	Can view speaker score for criterion by adjudicator	51	view_speakercriterionscorebyadj
205	Can add speaker score for criterion	52	add_speakercriterionscore
206	Can change speaker score for criterion	52	change_speakercriterionscore
207	Can delete speaker score for criterion	52	delete_speakercriterionscore
208	Can view speaker score for criterion	52	view_speakercriterionscore
209	Can add round	53	add_round
210	Can change round	53	change_round
211	Can delete round	53	delete_round
212	Can view round	53	view_round
213	Can add tournament	54	add_tournament
214	Can change tournament	54	change_tournament
215	Can delete tournament	54	delete_tournament
216	Can view tournament	54	view_tournament
217	Can add schedule event	55	add_scheduleevent
218	Can change schedule event	55	change_scheduleevent
219	Can delete schedule event	55	delete_scheduleevent
220	Can view schedule event	55	view_scheduleevent
221	Can add room	56	add_venue
222	Can change room	56	change_venue
223	Can delete room	56	delete_venue
224	Can view room	56	view_venue
225	Can add room category	57	add_venuecategory
226	Can change room category	57	change_venuecategory
227	Can delete room category	57	delete_venuecategory
228	Can view room category	57	view_venuecategory
229	Can add room constraint	58	add_venueconstraint
230	Can change room constraint	58	change_venueconstraint
231	Can delete room constraint	58	delete_venueconstraint
232	Can view room constraint	58	view_venueconstraint
233	Can add group	59	add_group
234	Can change group	59	change_group
235	Can delete group	59	delete_group
236	Can view group	59	view_group
237	Can add user permission	60	add_userpermission
238	Can change user permission	60	change_userpermission
239	Can delete user permission	60	delete_userpermission
240	Can view user permission	60	view_userpermission
241	Can add group membership	61	add_membership
242	Can change group membership	61	change_membership
243	Can delete group membership	61	delete_membership
244	Can view group membership	61	view_membership
245	Can add bulk notification	62	add_bulknotification
246	Can change bulk notification	62	change_bulknotification
247	Can delete bulk notification	62	delete_bulknotification
248	Can view bulk notification	62	view_bulknotification
249	Can add email status	63	add_emailstatus
250	Can change email status	63	change_emailstatus
251	Can delete email status	63	delete_emailstatus
252	Can view email status	63	view_emailstatus
253	Can add sent message	64	add_sentmessage
254	Can change sent message	64	change_sentmessage
255	Can delete sent message	64	delete_sentmessage
256	Can view sent message	64	view_sentmessage
257	Can add WebPush device	65	add_participantwebpushdevice
258	Can change WebPush device	65	change_participantwebpushdevice
259	Can delete WebPush device	65	delete_participantwebpushdevice
260	Can view WebPush device	65	view_participantwebpushdevice
261	Can add question	66	add_question
262	Can change question	66	change_question
263	Can delete question	66	delete_question
264	Can view question	66	view_question
265	Can add answer	67	add_answer
266	Can change answer	67	change_answer
267	Can delete answer	67	delete_answer
268	Can view answer	67	view_answer
269	Can add invitation	68	add_invitation
270	Can change invitation	68	change_invitation
271	Can delete invitation	68	delete_invitation
272	Can view invitation	68	view_invitation
273	Can add Global preference	69	add_globalpreferencemodel
274	Can change Global preference	69	change_globalpreferencemodel
275	Can delete Global preference	69	delete_globalpreferencemodel
276	Can view Global preference	69	view_globalpreferencemodel
277	Can add Token	70	add_token
278	Can change Token	70	change_token
279	Can delete Token	70	delete_token
280	Can view Token	70	view_token
281	Can add Token	71	add_tokenproxy
282	Can change Token	71	change_tokenproxy
283	Can delete Token	71	delete_tokenproxy
284	Can view Token	71	view_tokenproxy
285	Can add APNS device	72	add_apnsdevice
286	Can change APNS device	72	change_apnsdevice
287	Can delete APNS device	72	delete_apnsdevice
288	Can view APNS device	72	view_apnsdevice
289	Can add FCM device	73	add_gcmdevice
290	Can change FCM device	73	change_gcmdevice
291	Can delete FCM device	73	delete_gcmdevice
292	Can view FCM device	73	view_gcmdevice
293	Can add WNS device	74	add_wnsdevice
294	Can change WNS device	74	change_wnsdevice
295	Can delete WNS device	74	delete_wnsdevice
296	Can view WNS device	74	view_wnsdevice
297	Can add WebPush device	75	add_webpushdevice
298	Can change WebPush device	75	change_webpushdevice
299	Can delete WebPush device	75	delete_webpushdevice
300	Can view WebPush device	75	view_webpushdevice
\.


--
-- Data for Name: auth_user; Type: TABLE DATA; Schema: public; Owner: tabbycat
--

COPY public.auth_user (id, password, last_login, is_superuser, username, first_name, last_name, email, is_staff, is_active, date_joined) FROM stdin;
1	pbkdf2_sha256$1000000$KZkk5pKC6YpPbnnSfCQ02T$BJp8V0zCej/MDFgLCeAggLTlVuEEgiQoBtpm+8k66aM=	2025-12-21 13:26:19.556869+00	t	omer			omer@muhittab.com	t	t	2025-11-20 00:56:55.862855+00
\.


--
-- Data for Name: auth_user_groups; Type: TABLE DATA; Schema: public; Owner: tabbycat
--

COPY public.auth_user_groups (id, user_id, group_id) FROM stdin;
\.


--
-- Data for Name: auth_user_user_permissions; Type: TABLE DATA; Schema: public; Owner: tabbycat
--

COPY public.auth_user_user_permissions (id, user_id, permission_id) FROM stdin;
\.


--
-- Data for Name: authtoken_token; Type: TABLE DATA; Schema: public; Owner: tabbycat
--

COPY public.authtoken_token (key, created, user_id) FROM stdin;
f9937527e63c1712df3531e140f51ac62de72289	2025-11-20 00:56:56.611877+00	1
\.


--
-- Data for Name: availability_roundavailability; Type: TABLE DATA; Schema: public; Owner: tabbycat
--

COPY public.availability_roundavailability (id, object_id, content_type_id, round_id) FROM stdin;
3	3	40	1
4	4	40	1
5	5	40	1
6	6	40	1
7	7	40	1
8	8	40	1
9	9	40	1
10	10	40	1
11	11	40	1
12	12	40	1
13	13	40	1
14	14	40	1
15	15	40	1
16	16	40	1
17	17	40	1
18	18	40	1
19	19	40	1
20	20	40	1
21	21	40	1
22	22	40	1
23	23	40	1
24	24	40	1
25	25	40	1
29	29	40	1
30	30	40	1
31	1	40	1
32	2	40	1
33	28	40	1
34	7	41	1
35	1	41	1
36	2	41	1
37	3	41	1
38	4	41	1
39	5	41	1
40	6	41	1
41	1	56	1
42	2	56	1
43	3	56	1
44	4	56	1
45	5	56	1
46	6	56	1
47	7	56	1
48	1	40	2
49	2	40	2
50	3	40	2
51	4	40	2
52	5	40	2
53	6	40	2
54	7	40	2
55	8	40	2
56	9	40	2
57	10	40	2
58	11	40	2
59	12	40	2
60	13	40	2
61	14	40	2
62	15	40	2
63	16	40	2
64	17	40	2
65	18	40	2
66	19	40	2
67	20	40	2
68	21	40	2
69	22	40	2
70	23	40	2
71	24	40	2
72	25	40	2
73	28	40	2
74	29	40	2
75	30	40	2
76	1	41	2
77	2	41	2
78	3	41	2
79	4	41	2
80	5	41	2
81	6	41	2
82	7	41	2
83	1	56	2
84	2	56	2
85	3	56	2
86	4	56	2
87	5	56	2
88	6	56	2
89	7	56	2
90	1	40	3
91	2	40	3
92	3	40	3
93	4	40	3
94	5	40	3
95	6	40	3
96	7	40	3
97	8	40	3
98	9	40	3
99	10	40	3
100	11	40	3
101	12	40	3
102	13	40	3
103	14	40	3
104	15	40	3
105	16	40	3
106	17	40	3
107	18	40	3
108	19	40	3
109	20	40	3
110	21	40	3
111	22	40	3
112	23	40	3
113	24	40	3
114	25	40	3
115	28	40	3
116	29	40	3
117	30	40	3
118	1	41	3
119	2	41	3
120	3	41	3
121	4	41	3
122	5	41	3
123	6	41	3
124	7	41	3
125	1	56	3
126	2	56	3
127	3	56	3
128	4	56	3
129	5	56	3
130	6	56	3
131	7	56	3
132	1	40	4
133	2	40	4
134	3	40	4
135	4	40	4
136	5	40	4
137	6	40	4
138	7	40	4
139	8	40	4
140	9	40	4
141	10	40	4
142	11	40	4
143	12	40	4
144	13	40	4
145	14	40	4
146	15	40	4
147	16	40	4
148	17	40	4
149	18	40	4
150	19	40	4
151	20	40	4
152	21	40	4
153	22	40	4
154	23	40	4
155	24	40	4
156	25	40	4
157	28	40	4
158	29	40	4
159	30	40	4
160	1	41	4
161	2	41	4
162	3	41	4
163	4	41	4
164	5	41	4
165	6	41	4
166	7	41	4
167	1	56	4
168	2	56	4
169	3	56	4
170	4	56	4
171	5	56	4
172	6	56	4
173	7	56	4
174	31	40	5
175	32	40	5
176	33	40	5
177	34	40	5
178	35	40	5
179	36	40	5
180	37	40	5
181	38	40	5
182	39	40	5
183	40	40	5
184	41	40	5
185	42	40	5
186	43	40	5
187	44	40	5
188	45	40	5
189	46	40	5
190	47	40	5
191	48	40	5
192	49	40	5
193	50	40	5
194	51	40	5
195	52	40	5
196	55	40	5
197	56	40	5
198	128	41	5
199	129	41	5
200	130	41	5
201	131	41	5
202	132	41	5
203	133	41	5
204	134	41	5
205	135	41	5
206	136	41	5
207	137	41	5
208	138	41	5
209	139	41	5
210	140	41	5
211	141	41	5
212	142	41	5
213	143	41	5
214	144	41	5
215	145	41	5
216	146	41	5
217	147	41	5
218	148	41	5
219	149	41	5
220	120	41	5
221	121	41	5
222	122	41	5
223	123	41	5
224	124	41	5
225	125	41	5
226	126	41	5
227	127	41	5
228	8	56	5
229	9	56	5
230	10	56	5
231	11	56	5
232	12	56	5
233	13	56	5
234	31	40	6
235	32	40	6
236	33	40	6
237	34	40	6
238	35	40	6
239	36	40	6
240	37	40	6
241	38	40	6
242	39	40	6
243	40	40	6
244	41	40	6
245	42	40	6
246	43	40	6
247	44	40	6
248	45	40	6
249	46	40	6
250	47	40	6
251	48	40	6
252	49	40	6
253	50	40	6
254	51	40	6
255	52	40	6
256	55	40	6
257	56	40	6
258	128	41	6
259	129	41	6
260	130	41	6
261	131	41	6
262	132	41	6
263	133	41	6
264	134	41	6
265	135	41	6
266	136	41	6
267	137	41	6
268	138	41	6
269	139	41	6
270	140	41	6
271	141	41	6
272	142	41	6
273	143	41	6
274	144	41	6
275	145	41	6
276	146	41	6
277	147	41	6
278	148	41	6
279	149	41	6
280	120	41	6
281	121	41	6
282	122	41	6
283	123	41	6
284	124	41	6
285	125	41	6
286	126	41	6
287	127	41	6
288	8	56	6
289	9	56	6
290	10	56	6
291	11	56	6
292	12	56	6
293	13	56	6
294	31	40	7
295	32	40	7
296	33	40	7
297	34	40	7
298	35	40	7
299	36	40	7
300	37	40	7
301	38	40	7
302	39	40	7
303	40	40	7
304	41	40	7
305	42	40	7
306	43	40	7
307	44	40	7
308	45	40	7
309	46	40	7
310	47	40	7
311	48	40	7
312	49	40	7
313	50	40	7
314	51	40	7
315	52	40	7
316	55	40	7
317	56	40	7
318	128	41	7
319	129	41	7
320	130	41	7
321	131	41	7
322	132	41	7
323	133	41	7
324	134	41	7
325	135	41	7
326	136	41	7
327	137	41	7
328	138	41	7
329	139	41	7
330	140	41	7
331	141	41	7
332	142	41	7
333	143	41	7
334	144	41	7
335	145	41	7
336	146	41	7
337	147	41	7
338	148	41	7
339	149	41	7
340	120	41	7
341	121	41	7
342	122	41	7
343	123	41	7
344	124	41	7
345	125	41	7
346	126	41	7
347	127	41	7
348	8	56	7
349	9	56	7
350	10	56	7
351	11	56	7
352	12	56	7
353	13	56	7
354	143	41	9
355	149	41	9
356	147	41	9
357	144	41	9
358	125	41	9
359	146	41	9
360	148	41	9
361	131	41	9
362	138	41	9
363	135	41	9
364	8	56	9
365	13	56	9
366	81	40	15
367	82	40	15
368	83	40	15
369	84	40	15
370	85	40	15
371	86	40	15
372	87	40	15
373	88	40	15
374	222	41	15
375	223	41	15
376	20	56	15
377	21	56	15
378	81	40	16
379	82	40	16
380	83	40	16
381	84	40	16
382	85	40	16
383	86	40	16
384	87	40	16
385	88	40	16
386	222	41	16
387	223	41	16
388	20	56	16
389	21	56	16
390	64	40	10
391	65	40	10
392	66	40	10
393	67	40	10
394	68	40	10
395	69	40	10
396	70	40	10
397	71	40	10
398	72	40	10
399	73	40	10
400	74	40	10
401	75	40	10
402	76	40	10
403	77	40	10
404	78	40	10
405	79	40	10
406	80	40	10
407	57	40	10
408	58	40	10
409	59	40	10
410	60	40	10
411	61	40	10
412	62	40	10
413	63	40	10
414	198	41	10
415	199	41	10
416	200	41	10
417	201	41	10
418	202	41	10
419	203	41	10
420	204	41	10
421	205	41	10
422	224	41	10
423	225	41	10
424	226	41	10
425	227	41	10
426	228	41	10
427	229	41	10
428	230	41	10
429	231	41	10
430	232	41	10
431	233	41	10
432	234	41	10
433	235	41	10
434	236	41	10
435	237	41	10
436	238	41	10
437	239	41	10
438	240	41	10
439	241	41	10
440	242	41	10
441	243	41	10
442	244	41	10
443	245	41	10
444	16	56	10
445	17	56	10
446	18	56	10
447	19	56	10
448	14	56	10
449	15	56	10
450	64	40	11
451	65	40	11
452	66	40	11
453	67	40	11
454	68	40	11
455	69	40	11
456	70	40	11
457	71	40	11
458	72	40	11
459	73	40	11
460	74	40	11
461	75	40	11
462	76	40	11
463	77	40	11
464	78	40	11
465	79	40	11
466	80	40	11
467	57	40	11
468	58	40	11
469	59	40	11
470	60	40	11
471	61	40	11
472	62	40	11
473	63	40	11
474	198	41	11
475	199	41	11
476	200	41	11
477	201	41	11
478	202	41	11
479	203	41	11
480	204	41	11
481	205	41	11
482	224	41	11
483	225	41	11
484	226	41	11
485	227	41	11
486	228	41	11
487	229	41	11
488	230	41	11
489	231	41	11
490	232	41	11
491	233	41	11
492	234	41	11
493	235	41	11
494	236	41	11
495	237	41	11
496	238	41	11
497	239	41	11
498	240	41	11
499	241	41	11
500	242	41	11
501	243	41	11
502	244	41	11
503	245	41	11
504	16	56	11
505	17	56	11
506	18	56	11
507	19	56	11
508	14	56	11
509	15	56	11
510	64	40	12
511	65	40	12
512	66	40	12
513	67	40	12
514	68	40	12
515	69	40	12
516	70	40	12
517	71	40	12
518	72	40	12
519	73	40	12
520	74	40	12
521	75	40	12
522	76	40	12
523	77	40	12
524	78	40	12
525	79	40	12
526	80	40	12
527	57	40	12
528	58	40	12
529	59	40	12
530	60	40	12
531	61	40	12
532	62	40	12
533	63	40	12
534	198	41	12
535	199	41	12
536	200	41	12
537	201	41	12
538	202	41	12
539	203	41	12
540	204	41	12
541	205	41	12
542	224	41	12
543	225	41	12
544	226	41	12
545	227	41	12
546	228	41	12
547	229	41	12
548	230	41	12
549	231	41	12
550	232	41	12
551	233	41	12
552	234	41	12
553	235	41	12
554	236	41	12
555	237	41	12
556	238	41	12
557	239	41	12
558	240	41	12
559	241	41	12
560	242	41	12
561	243	41	12
562	244	41	12
563	245	41	12
564	16	56	12
565	17	56	12
566	18	56	12
567	19	56	12
568	14	56	12
569	15	56	12
570	200	41	14
571	202	41	14
572	198	41	14
573	203	41	14
574	204	41	14
575	232	41	14
576	237	41	14
577	244	41	14
578	241	41	14
579	14	56	14
580	19	56	14
581	128	40	21
582	129	40	21
583	130	40	21
584	131	40	21
585	132	40	21
586	133	40	21
587	134	40	21
588	135	40	21
589	136	40	21
590	137	40	21
591	138	40	21
592	139	40	21
593	140	40	21
596	143	40	21
597	144	40	21
598	145	40	21
599	146	40	21
600	147	40	21
601	148	40	21
602	89	40	21
604	91	40	21
605	92	40	21
606	93	40	21
607	94	40	21
609	96	40	21
611	98	40	21
612	99	40	21
613	100	40	21
614	101	40	21
615	102	40	21
617	104	40	21
618	105	40	21
622	109	40	21
623	110	40	21
624	111	40	21
625	112	40	21
626	113	40	21
627	114	40	21
628	115	40	21
629	116	40	21
630	117	40	21
631	118	40	21
632	119	40	21
633	120	40	21
634	121	40	21
635	122	40	21
636	123	40	21
637	124	40	21
638	125	40	21
639	126	40	21
640	127	40	21
641	366	41	21
642	367	41	21
643	368	41	21
644	369	41	21
645	370	41	21
646	371	41	21
647	372	41	21
648	373	41	21
649	374	41	21
650	375	41	21
651	376	41	21
652	377	41	21
653	378	41	21
654	379	41	21
655	380	41	21
656	381	41	21
657	382	41	21
658	103	40	21
659	32	56	21
660	33	56	21
661	34	56	21
663	22	56	21
664	23	56	21
665	24	56	21
666	25	56	21
667	26	56	21
668	27	56	21
669	28	56	21
670	29	56	21
671	30	56	21
672	31	56	21
673	128	40	22
674	129	40	22
675	130	40	22
676	131	40	22
677	132	40	22
678	133	40	22
679	134	40	22
680	135	40	22
681	136	40	22
682	137	40	22
683	138	40	22
684	139	40	22
685	140	40	22
688	143	40	22
689	144	40	22
690	145	40	22
691	146	40	22
692	147	40	22
693	148	40	22
694	89	40	22
696	91	40	22
697	92	40	22
698	93	40	22
699	94	40	22
701	96	40	22
703	98	40	22
704	99	40	22
705	100	40	22
706	101	40	22
707	102	40	22
708	103	40	22
709	104	40	22
710	105	40	22
714	109	40	22
715	110	40	22
716	111	40	22
717	112	40	22
718	113	40	22
719	114	40	22
720	115	40	22
721	116	40	22
722	117	40	22
723	118	40	22
724	119	40	22
725	120	40	22
726	121	40	22
727	122	40	22
728	123	40	22
729	124	40	22
730	125	40	22
731	126	40	22
732	127	40	22
733	366	41	22
734	367	41	22
735	368	41	22
736	369	41	22
737	370	41	22
738	371	41	22
739	372	41	22
740	373	41	22
741	374	41	22
742	375	41	22
743	376	41	22
744	377	41	22
745	378	41	22
746	379	41	22
747	380	41	22
748	381	41	22
749	382	41	22
750	32	56	22
751	33	56	22
752	34	56	22
753	22	56	22
754	23	56	22
755	24	56	22
756	25	56	22
757	26	56	22
758	27	56	22
759	28	56	22
760	29	56	22
761	30	56	22
762	31	56	22
763	128	40	23
764	129	40	23
765	130	40	23
766	131	40	23
767	132	40	23
768	133	40	23
769	134	40	23
770	135	40	23
771	136	40	23
772	137	40	23
773	138	40	23
774	139	40	23
775	140	40	23
776	143	40	23
777	144	40	23
778	145	40	23
779	146	40	23
2557	512	40	60
781	148	40	23
782	89	40	23
783	91	40	23
784	92	40	23
785	93	40	23
786	94	40	23
787	96	40	23
788	98	40	23
789	99	40	23
790	100	40	23
791	101	40	23
792	102	40	23
2558	513	40	60
794	104	40	23
2559	514	40	60
796	109	40	23
797	110	40	23
2560	515	40	60
799	112	40	23
800	113	40	23
801	114	40	23
802	115	40	23
803	116	40	23
804	117	40	23
805	118	40	23
806	119	40	23
807	120	40	23
808	121	40	23
809	122	40	23
810	123	40	23
811	124	40	23
812	125	40	23
813	126	40	23
814	127	40	23
815	366	41	23
816	367	41	23
817	368	41	23
818	369	41	23
819	370	41	23
820	371	41	23
821	372	41	23
822	373	41	23
823	374	41	23
824	375	41	23
825	376	41	23
826	377	41	23
827	378	41	23
828	379	41	23
829	380	41	23
830	381	41	23
831	382	41	23
832	32	56	23
833	33	56	23
835	22	56	23
836	23	56	23
837	24	56	23
838	25	56	23
839	26	56	23
840	27	56	23
841	28	56	23
842	29	56	23
843	30	56	23
844	31	56	23
845	128	40	24
846	129	40	24
847	130	40	24
848	131	40	24
849	132	40	24
850	133	40	24
851	134	40	24
852	135	40	24
853	136	40	24
854	137	40	24
855	138	40	24
856	139	40	24
857	140	40	24
858	143	40	24
859	144	40	24
860	145	40	24
861	146	40	24
862	148	40	24
863	89	40	24
864	91	40	24
865	92	40	24
866	93	40	24
867	94	40	24
868	96	40	24
869	98	40	24
870	99	40	24
871	100	40	24
872	101	40	24
873	102	40	24
874	104	40	24
875	109	40	24
876	110	40	24
877	112	40	24
878	113	40	24
879	114	40	24
880	115	40	24
881	116	40	24
882	117	40	24
883	118	40	24
884	119	40	24
885	120	40	24
886	121	40	24
887	122	40	24
888	123	40	24
889	124	40	24
890	125	40	24
891	126	40	24
892	127	40	24
893	366	41	24
894	367	41	24
895	368	41	24
896	369	41	24
897	370	41	24
898	371	41	24
899	372	41	24
900	373	41	24
901	374	41	24
902	375	41	24
903	376	41	24
904	377	41	24
905	378	41	24
906	379	41	24
907	380	41	24
908	381	41	24
909	382	41	24
910	32	56	24
911	33	56	24
912	22	56	24
913	23	56	24
914	24	56	24
915	25	56	24
916	26	56	24
917	27	56	24
918	28	56	24
919	29	56	24
920	30	56	24
921	31	56	24
1223	369	41	26
1225	23	56	26
1254	488	41	29
1255	489	41	29
1256	490	41	29
1257	491	41	29
1258	492	41	29
1259	493	41	29
1260	494	41	29
1261	495	41	29
1262	496	41	29
1263	497	41	29
1264	498	41	29
1266	500	41	29
1267	501	41	29
1268	505	41	29
1283	145	41	8
1285	8	56	8
1295	14	56	13
1360	246	40	51
1361	247	40	51
1363	249	40	51
1367	253	40	51
1368	254	40	51
1162	149	40	28
1163	150	40	28
1164	151	40	28
1165	152	40	28
1166	153	40	28
1167	154	40	28
1168	155	40	28
1169	156	40	28
1170	157	40	28
1171	158	40	28
1172	159	40	28
1173	160	40	28
1174	161	40	28
1175	162	40	28
1176	163	40	28
1177	164	40	28
1178	165	40	28
1179	166	40	28
1180	167	40	28
1181	168	40	28
1182	169	40	28
1183	170	40	28
1184	171	40	28
1185	172	40	28
1186	173	40	28
1187	174	40	28
1188	175	40	28
1189	181	40	28
1190	488	41	28
1191	489	41	28
1192	490	41	28
1193	491	41	28
1194	492	41	28
1195	493	41	28
1196	494	41	28
1197	495	41	28
1198	496	41	28
1199	497	41	28
1200	498	41	28
1201	499	41	28
1202	500	41	28
1203	501	41	28
1204	505	41	28
2561	516	40	60
1206	39	56	28
1207	40	56	28
1208	41	56	28
1209	42	56	28
1210	43	56	28
1211	44	56	28
1212	45	56	28
1213	46	56	28
1214	47	56	28
1215	48	56	28
1216	49	56	28
1217	50	56	28
1218	51	56	28
2562	517	40	60
1220	53	56	28
1222	366	41	26
1224	22	56	26
1226	149	40	29
1227	150	40	29
1228	151	40	29
1229	152	40	29
1230	153	40	29
1231	154	40	29
1232	155	40	29
1233	156	40	29
1234	157	40	29
1235	158	40	29
1236	159	40	29
1237	160	40	29
1238	161	40	29
1239	162	40	29
1028	368	41	27
1029	366	41	27
1030	367	41	27
1031	369	41	27
1032	22	56	27
1033	31	56	27
1034	32	56	27
1035	33	56	27
1240	163	40	29
1241	164	40	29
1242	165	40	29
1243	166	40	29
1244	167	40	29
1245	168	40	29
1246	169	40	29
1247	170	40	29
1248	171	40	29
1249	172	40	29
1250	173	40	29
1251	174	40	29
1252	175	40	29
1253	181	40	29
1269	39	56	29
1270	40	56	29
1271	41	56	29
1272	42	56	29
1273	43	56	29
1274	44	56	29
1275	45	56	29
1276	46	56	29
1277	47	56	29
1278	48	56	29
1279	49	56	29
1280	50	56	29
1281	51	56	29
1282	53	56	29
1284	142	41	8
1286	198	41	13
1287	200	41	13
1288	232	41	13
1289	202	41	13
1290	203	41	13
1291	204	41	13
1292	237	41	13
1293	241	41	13
1294	244	41	13
1296	182	40	51
1297	183	40	51
2563	518	40	60
1299	185	40	51
1300	186	40	51
1301	187	40	51
2564	520	40	60
1303	189	40	51
2565	521	40	60
1305	191	40	51
1306	192	40	51
1307	193	40	51
1308	194	40	51
1309	195	40	51
1310	196	40	51
1311	197	40	51
1312	198	40	51
1313	199	40	51
1314	200	40	51
2566	522	40	60
2567	523	40	60
1317	203	40	51
1318	204	40	51
1319	205	40	51
1320	206	40	51
1321	207	40	51
2568	524	40	60
1323	209	40	51
2569	525	40	60
1325	211	40	51
2570	526	40	60
2571	527	40	60
1328	214	40	51
1329	215	40	51
2573	529	40	60
1332	218	40	51
2574	530	40	60
2575	532	40	60
1335	221	40	51
1336	222	40	51
2576	533	40	60
1338	224	40	51
1339	225	40	51
2577	534	40	60
2578	535	40	60
1342	228	40	51
2579	536	40	60
2580	537	40	60
1345	231	40	51
1346	232	40	51
1347	233	40	51
1348	234	40	51
1349	235	40	51
1350	236	40	51
1351	237	40	51
2581	346	40	60
2582	348	40	60
1354	240	40	51
1355	241	40	51
1356	242	40	51
1357	243	40	51
1358	244	40	51
1359	245	40	51
1369	255	40	51
1370	256	40	51
1371	257	40	51
1372	258	40	51
1373	259	40	51
1374	260	40	51
1375	261	40	51
1376	262	40	51
2583	349	40	60
1378	264	40	51
2584	350	40	60
2585	351	40	60
2586	352	40	60
1382	268	40	51
1383	269	40	51
2587	353	40	60
2588	354	40	60
1386	272	40	51
1387	273	40	51
1388	274	40	51
2589	355	40	60
1390	276	40	51
2590	356	40	60
2591	357	40	60
1393	279	40	51
2592	358	40	60
1395	281	40	51
1396	282	40	51
1397	283	40	51
1398	284	40	51
2593	359	40	60
1400	286	40	51
1401	287	40	51
1402	288	40	51
1403	289	40	51
1404	290	40	51
1405	291	40	51
2594	361	40	60
1407	293	40	51
1408	294	40	51
1409	295	40	51
1410	296	40	51
1411	297	40	51
1412	298	40	51
1413	299	40	51
1414	300	40	51
1415	301	40	51
1416	302	40	51
1417	303	40	51
2595	362	40	60
1420	306	40	51
1426	312	40	51
1432	318	40	51
1433	319	40	51
1434	320	40	51
1435	321	40	51
1436	322	40	51
1437	323	40	51
1439	325	40	51
1440	326	40	51
1441	327	40	51
1442	328	40	51
1443	329	40	51
1444	330	40	51
1445	331	40	51
1446	332	40	51
1448	334	40	51
1452	338	40	51
1453	339	40	51
1454	340	40	51
1455	341	40	51
1456	342	40	51
1457	343	40	51
1458	344	40	51
1461	335	40	51
1462	336	40	51
1463	834	41	51
1465	836	41	51
1466	837	41	51
1467	838	41	51
1468	839	41	51
1469	840	41	51
1470	841	41	51
1471	842	41	51
1472	843	41	51
1473	844	41	51
1474	845	41	51
1475	846	41	51
1476	847	41	51
1477	848	41	51
1478	849	41	51
1479	850	41	51
1480	851	41	51
1481	852	41	51
1482	853	41	51
1483	854	41	51
1485	856	41	51
1486	857	41	51
1487	858	41	51
1489	860	41	51
1491	862	41	51
1492	863	41	51
1493	864	41	51
1494	865	41	51
1495	866	41	51
1496	867	41	51
1497	868	41	51
1498	869	41	51
1499	870	41	51
1500	871	41	51
1501	872	41	51
1502	873	41	51
1503	54	56	51
1504	55	56	51
1505	56	56	51
1506	57	56	51
1507	58	56	51
1508	59	56	51
1509	60	56	51
1510	61	56	51
1511	62	56	51
1512	63	56	51
1513	64	56	51
1514	65	56	51
1515	66	56	51
1516	67	56	51
1517	68	56	51
1518	69	56	51
1519	70	56	51
1520	71	56	51
1521	72	56	51
1522	73	56	51
1523	74	56	51
1524	75	56	51
1525	76	56	51
1526	77	56	51
1527	78	56	51
1528	79	56	51
1529	80	56	51
1530	81	56	51
1543	835	41	51
1544	256	40	52
1545	257	40	52
1546	258	40	52
1547	259	40	52
1548	260	40	52
1549	261	40	52
1550	262	40	52
1552	268	40	52
1553	269	40	52
1554	272	40	52
1555	273	40	52
1556	274	40	52
1557	276	40	52
1558	279	40	52
1559	281	40	52
1560	282	40	52
1561	283	40	52
1562	284	40	52
1563	286	40	52
1564	287	40	52
1565	288	40	52
1566	289	40	52
1567	290	40	52
1568	291	40	52
1569	293	40	52
1570	294	40	52
1571	295	40	52
1572	296	40	52
1573	297	40	52
1574	298	40	52
1575	299	40	52
1576	300	40	52
1577	301	40	52
1578	302	40	52
1579	303	40	52
1580	306	40	52
1581	312	40	52
1582	318	40	52
1583	319	40	52
1584	320	40	52
1585	321	40	52
1586	322	40	52
1587	323	40	52
1588	325	40	52
1589	326	40	52
1590	327	40	52
1591	328	40	52
1592	329	40	52
1593	330	40	52
1594	331	40	52
1595	332	40	52
1596	334	40	52
1597	335	40	52
1598	336	40	52
1599	338	40	52
1600	339	40	52
1601	340	40	52
1602	341	40	52
1603	342	40	52
1604	343	40	52
1605	344	40	52
1606	182	40	52
1607	183	40	52
1608	185	40	52
1609	186	40	52
1610	187	40	52
1611	189	40	52
1612	191	40	52
1613	192	40	52
1614	193	40	52
1615	194	40	52
1616	195	40	52
1617	196	40	52
1618	197	40	52
1619	198	40	52
1620	199	40	52
1621	200	40	52
1622	203	40	52
1623	204	40	52
1624	205	40	52
1625	206	40	52
1626	207	40	52
1627	209	40	52
1628	211	40	52
1629	214	40	52
1630	215	40	52
1631	218	40	52
1632	221	40	52
1633	222	40	52
1634	224	40	52
1635	225	40	52
1636	228	40	52
1637	231	40	52
1638	232	40	52
1639	233	40	52
1640	234	40	52
1641	235	40	52
2596	364	40	60
1643	237	40	52
1644	240	40	52
1645	241	40	52
1646	242	40	52
1647	243	40	52
1648	244	40	52
1649	245	40	52
2597	367	40	60
1651	247	40	52
2598	368	40	60
1653	253	40	52
1654	254	40	52
1655	255	40	52
1656	834	41	52
2599	370	40	60
1658	836	41	52
1659	837	41	52
1660	838	41	52
1661	839	41	52
1662	840	41	52
1663	841	41	52
1664	842	41	52
1665	843	41	52
1666	844	41	52
1667	845	41	52
1668	846	41	52
1669	847	41	52
1670	848	41	52
1671	849	41	52
1672	850	41	52
1673	851	41	52
1674	852	41	52
1675	853	41	52
1676	854	41	52
1677	856	41	52
1678	857	41	52
1679	858	41	52
1680	860	41	52
1681	862	41	52
1682	863	41	52
1683	864	41	52
1684	865	41	52
1685	866	41	52
1686	867	41	52
1687	868	41	52
1688	869	41	52
1689	870	41	52
1690	871	41	52
1691	872	41	52
1692	873	41	52
1693	64	56	52
1694	65	56	52
1695	66	56	52
1696	67	56	52
1697	68	56	52
1698	69	56	52
1699	70	56	52
1700	71	56	52
1701	72	56	52
1702	73	56	52
1703	74	56	52
1704	75	56	52
1705	76	56	52
1706	77	56	52
1707	78	56	52
1708	79	56	52
1709	80	56	52
2600	371	40	60
1711	54	56	52
1712	55	56	52
1713	56	56	52
1714	57	56	52
1715	58	56	52
1716	59	56	52
1717	60	56	52
1718	61	56	52
1719	62	56	52
1720	63	56	52
1721	855	41	52
1722	256	40	53
2601	372	40	60
2602	374	40	60
1725	259	40	53
1726	260	40	53
1727	261	40	53
1728	262	40	53
1729	268	40	53
1730	269	40	53
1731	272	40	53
1732	273	40	53
1733	274	40	53
1734	276	40	53
1735	279	40	53
1736	281	40	53
1737	282	40	53
1738	283	40	53
1739	284	40	53
1740	286	40	53
1741	287	40	53
1742	288	40	53
1743	289	40	53
1744	290	40	53
1745	291	40	53
1746	293	40	53
1747	294	40	53
1748	295	40	53
1749	296	40	53
1750	297	40	53
1752	299	40	53
1753	300	40	53
1754	301	40	53
1755	302	40	53
1756	303	40	53
1757	306	40	53
1758	312	40	53
1759	318	40	53
1760	319	40	53
1761	320	40	53
2605	377	40	60
1764	323	40	53
1765	325	40	53
1766	326	40	53
1767	327	40	53
1768	328	40	53
1769	329	40	53
1770	330	40	53
1771	331	40	53
1772	332	40	53
1773	334	40	53
1774	335	40	53
2606	379	40	60
1776	338	40	53
1777	339	40	53
1778	340	40	53
1779	341	40	53
1780	342	40	53
1781	343	40	53
1782	344	40	53
1783	182	40	53
1784	183	40	53
1785	185	40	53
1786	186	40	53
1787	187	40	53
1788	189	40	53
1789	191	40	53
1790	192	40	53
1791	193	40	53
1792	194	40	53
1793	195	40	53
1794	196	40	53
1795	197	40	53
1796	198	40	53
1797	199	40	53
1798	200	40	53
2607	380	40	60
1800	204	40	53
1801	205	40	53
2608	382	40	60
1803	207	40	53
1804	209	40	53
2609	383	40	60
2610	384	40	60
2611	385	40	60
1808	218	40	53
1809	221	40	53
1810	222	40	53
1811	224	40	53
1812	225	40	53
1813	228	40	53
2612	386	40	60
1815	232	40	53
1816	233	40	53
2613	387	40	60
1818	235	40	53
2614	388	40	60
1820	240	40	53
2615	389	40	60
1822	242	40	53
1823	243	40	53
1824	244	40	53
2616	390	40	60
1826	247	40	53
1827	253	40	53
1828	254	40	53
1829	255	40	53
1830	834	41	53
1831	836	41	53
1832	837	41	53
1833	838	41	53
1834	839	41	53
1835	840	41	53
1836	841	41	53
1837	842	41	53
1838	843	41	53
1839	844	41	53
1840	845	41	53
1841	846	41	53
1842	847	41	53
1843	848	41	53
1844	849	41	53
1845	850	41	53
1846	851	41	53
1847	852	41	53
1848	853	41	53
1849	854	41	53
1850	855	41	53
1851	856	41	53
1852	857	41	53
1853	858	41	53
1854	860	41	53
1855	862	41	53
1856	863	41	53
1857	864	41	53
1858	865	41	53
1859	866	41	53
1860	867	41	53
1861	868	41	53
1862	869	41	53
1863	870	41	53
1864	871	41	53
1865	872	41	53
1866	873	41	53
1867	64	56	53
1868	65	56	53
1869	66	56	53
1870	67	56	53
1871	68	56	53
1872	69	56	53
1873	70	56	53
1874	71	56	53
1875	72	56	53
1876	73	56	53
1877	74	56	53
1878	75	56	53
1879	76	56	53
2617	393	40	60
2618	394	40	60
2619	395	40	60
2620	396	40	60
1884	54	56	53
1885	55	56	53
1886	56	56	53
1887	57	56	53
1888	58	56	53
1889	59	56	53
1890	60	56	53
1891	61	56	53
1892	62	56	53
1893	63	56	53
1894	256	40	54
1895	259	40	54
1896	260	40	54
1897	261	40	54
1898	262	40	54
2621	397	40	60
2622	398	40	60
1901	272	40	54
1902	273	40	54
1903	274	40	54
1904	276	40	54
1905	279	40	54
1906	281	40	54
1907	282	40	54
1908	283	40	54
1909	284	40	54
1910	286	40	54
1911	287	40	54
1912	288	40	54
1913	289	40	54
1914	290	40	54
1915	291	40	54
1916	293	40	54
1917	294	40	54
1918	295	40	54
1919	296	40	54
1920	297	40	54
1921	299	40	54
1922	300	40	54
1923	301	40	54
1924	302	40	54
1925	303	40	54
1926	306	40	54
1927	312	40	54
1928	318	40	54
2623	399	40	60
2624	400	40	60
2625	401	40	60
1932	325	40	54
1933	326	40	54
1934	327	40	54
1935	328	40	54
1936	329	40	54
1937	330	40	54
1938	331	40	54
1939	332	40	54
1940	334	40	54
2626	402	40	60
1942	338	40	54
1943	339	40	54
1944	340	40	54
1945	341	40	54
1946	342	40	54
1947	343	40	54
1948	344	40	54
1949	182	40	54
1950	183	40	54
1951	185	40	54
1952	186	40	54
1953	187	40	54
1954	189	40	54
1955	191	40	54
1956	192	40	54
1957	193	40	54
1958	194	40	54
1959	195	40	54
1960	196	40	54
2627	403	40	60
1962	198	40	54
2628	404	40	60
2629	405	40	60
1965	204	40	54
1966	205	40	54
1967	207	40	54
1968	209	40	54
1969	218	40	54
1970	221	40	54
1971	222	40	54
1972	224	40	54
1973	225	40	54
1974	228	40	54
1975	232	40	54
1976	233	40	54
1977	235	40	54
2630	407	40	60
2631	408	40	60
1980	243	40	54
2632	409	40	60
1982	247	40	54
1983	253	40	54
1984	254	40	54
1985	255	40	54
1986	268	40	54
1987	200	40	54
1988	335	40	54
1989	336	40	54
1990	834	41	54
1991	836	41	54
1992	837	41	54
2633	411	40	60
1994	839	41	54
1995	840	41	54
1996	841	41	54
1997	842	41	54
1998	843	41	54
1999	844	41	54
2000	845	41	54
2001	846	41	54
2002	847	41	54
2003	848	41	54
2004	849	41	54
2005	850	41	54
2006	851	41	54
2007	852	41	54
2008	853	41	54
2009	854	41	54
2010	855	41	54
2011	856	41	54
2634	412	40	60
2013	858	41	54
2635	413	40	60
2636	414	40	60
2016	863	41	54
2017	864	41	54
2637	415	40	60
2019	866	41	54
2638	416	40	60
2021	868	41	54
2022	869	41	54
2023	870	41	54
2024	871	41	54
2639	417	40	60
2026	873	41	54
2027	64	56	54
2028	65	56	54
2029	66	56	54
2030	67	56	54
2031	68	56	54
2032	69	56	54
2033	70	56	54
2034	71	56	54
2035	72	56	54
2036	73	56	54
2037	74	56	54
2038	75	56	54
2640	418	40	60
2040	54	56	54
2041	55	56	54
2042	56	56	54
2043	57	56	54
2044	58	56	54
2045	59	56	54
2046	60	56	54
2047	61	56	54
2048	62	56	54
2049	63	56	54
2050	54	56	58
2051	55	56	58
2052	56	56	58
2053	57	56	58
2054	58	56	58
2055	59	56	58
2056	60	56	58
2057	61	56	58
2058	840	41	58
2059	862	41	58
2060	843	41	58
2061	856	41	58
2062	859	41	58
2063	858	41	58
2064	841	41	58
2065	854	41	58
2066	846	41	58
2067	844	41	58
2068	850	41	58
2069	860	41	58
2070	847	41	58
2071	839	41	58
2072	855	41	58
2073	836	41	58
2074	865	41	58
2075	852	41	58
2076	857	41	58
2077	851	41	58
2078	853	41	58
2079	845	41	58
2080	837	41	58
2081	834	41	58
2641	422	40	60
2083	836	41	57
2642	423	40	60
2643	425	40	60
2644	427	40	60
2087	841	41	57
2645	428	40	60
2089	844	41	57
2646	429	40	60
2091	846	41	57
2092	847	41	57
2093	850	41	57
2647	430	40	60
2095	852	41	57
2648	431	40	60
2097	854	41	57
2098	855	41	57
2099	856	41	57
2649	432	40	60
2650	433	40	60
2102	859	41	57
2103	860	41	57
2651	434	40	60
2652	435	40	60
2106	54	56	57
2107	55	56	57
2108	56	56	57
2109	57	56	57
2653	436	40	60
2654	437	40	60
2655	438	40	60
2656	439	40	60
2114	844	41	56
2115	846	41	56
2116	856	41	56
2117	852	41	56
2118	854	41	56
2119	859	41	56
2120	54	56	56
2121	55	56	56
2657	440	40	60
2658	441	40	60
2659	442	40	60
2660	443	40	60
2661	444	40	60
2662	445	40	60
2663	446	40	60
2664	447	40	60
2665	449	40	60
2666	450	40	60
2667	451	40	60
2668	453	40	60
2669	455	40	60
2670	456	40	60
2671	457	40	60
2672	459	40	60
2673	460	40	60
2674	461	40	60
2675	462	40	60
2676	463	40	60
2677	465	40	60
2678	467	40	60
2679	468	40	60
2681	470	40	60
2682	472	40	60
2684	474	40	60
2685	475	40	60
2686	476	40	60
2687	477	40	60
2688	478	40	60
2689	480	40	60
2690	481	40	60
2691	482	40	60
2692	483	40	60
2693	484	40	60
2694	486	40	60
2695	487	40	60
2696	488	40	60
2697	489	40	60
2698	490	40	60
2699	491	40	60
2700	492	40	60
2701	493	40	60
2702	494	40	60
2703	495	40	60
2704	496	40	60
2705	497	40	60
2706	498	40	60
2707	499	40	60
2708	500	40	60
2709	503	40	60
2710	504	40	60
2711	505	40	60
2712	507	40	60
2713	508	40	60
2714	509	40	60
2715	510	40	60
2716	511	40	60
2761	1302	41	60
2802	512	40	61
2803	513	40	61
2804	514	40	61
2805	515	40	61
2806	516	40	61
2807	517	40	61
2808	518	40	61
2809	520	40	61
2810	521	40	61
2811	522	40	61
2813	524	40	61
2814	525	40	61
2815	526	40	61
2816	527	40	61
2817	529	40	61
2818	530	40	61
2819	532	40	61
2820	533	40	61
2821	534	40	61
2822	535	40	61
2823	536	40	61
2824	537	40	61
2825	538	40	61
2826	346	40	61
2827	348	40	61
2828	349	40	61
2829	350	40	61
2830	351	40	61
2831	352	40	61
2832	353	40	61
2833	354	40	61
2835	356	40	61
2836	357	40	61
2837	358	40	61
2838	359	40	61
2839	361	40	61
2840	362	40	61
2841	364	40	61
2842	367	40	61
2843	368	40	61
2844	370	40	61
2845	371	40	61
2846	372	40	61
2847	374	40	61
2848	377	40	61
2849	379	40	61
2850	380	40	61
2852	383	40	61
2853	384	40	61
2854	385	40	61
2855	386	40	61
2856	387	40	61
2857	388	40	61
2858	389	40	61
2859	390	40	61
2861	394	40	61
2862	395	40	61
2863	396	40	61
2864	397	40	61
2865	398	40	61
2866	399	40	61
2867	400	40	61
2868	401	40	61
2869	402	40	61
2870	403	40	61
2871	404	40	61
2872	405	40	61
2873	407	40	61
2874	408	40	61
2875	409	40	61
2876	411	40	61
2877	412	40	61
2878	413	40	61
2879	414	40	61
2880	415	40	61
2881	416	40	61
2882	417	40	61
2883	418	40	61
2884	422	40	61
2885	423	40	61
2886	425	40	61
2887	427	40	61
2888	428	40	61
2889	429	40	61
2890	430	40	61
2272	512	40	59
2273	513	40	59
2274	514	40	59
2275	515	40	59
2276	516	40	59
2277	517	40	59
2278	518	40	59
2891	431	40	61
2280	520	40	59
2281	521	40	59
2282	522	40	59
2283	523	40	59
2284	524	40	59
2285	525	40	59
2286	526	40	59
2287	527	40	59
2288	528	40	59
2289	529	40	59
2290	530	40	59
2892	432	40	61
2292	532	40	59
2293	533	40	59
2294	534	40	59
2295	535	40	59
2296	536	40	59
2297	537	40	59
2298	346	40	59
2893	433	40	61
2300	348	40	59
2301	349	40	59
2302	350	40	59
2303	351	40	59
2304	352	40	59
2305	353	40	59
2306	354	40	59
2307	355	40	59
2308	356	40	59
2309	357	40	59
2310	358	40	59
2311	359	40	59
2894	434	40	61
2313	361	40	59
2314	362	40	59
2895	435	40	61
2316	364	40	59
2896	436	40	61
2897	437	40	61
2319	367	40	59
2320	368	40	59
2898	438	40	61
2322	370	40	59
2323	371	40	59
2324	372	40	59
2899	439	40	61
2326	374	40	59
2327	375	40	59
2328	376	40	59
2329	377	40	59
2717	538	40	60
2331	379	40	59
2332	380	40	59
2762	128	56	60
2334	382	40	59
2335	383	40	59
2336	384	40	59
2337	385	40	59
2338	386	40	59
2339	387	40	59
2340	388	40	59
2341	389	40	59
2342	390	40	59
2763	129	56	60
2764	130	56	60
2345	393	40	59
2346	394	40	59
2347	395	40	59
2348	396	40	59
2349	397	40	59
2350	398	40	59
2351	399	40	59
2352	400	40	59
2353	401	40	59
2354	402	40	59
2355	403	40	59
2356	404	40	59
2357	405	40	59
2765	131	56	60
2359	407	40	59
2360	408	40	59
2361	409	40	59
2766	132	56	60
2363	411	40	59
2364	412	40	59
2365	413	40	59
2366	414	40	59
2367	415	40	59
2368	416	40	59
2369	417	40	59
2370	418	40	59
2768	94	56	60
2769	95	56	60
2374	422	40	59
2375	423	40	59
2770	96	56	60
2377	425	40	59
2379	427	40	59
2380	428	40	59
2381	429	40	59
2382	430	40	59
2383	431	40	59
2384	432	40	59
2385	433	40	59
2386	434	40	59
2387	435	40	59
2388	436	40	59
2389	437	40	59
2390	438	40	59
2391	439	40	59
2392	440	40	59
2393	441	40	59
2394	442	40	59
2395	443	40	59
2396	444	40	59
2397	445	40	59
2398	446	40	59
2399	447	40	59
2401	449	40	59
2402	450	40	59
2403	451	40	59
2405	453	40	59
2407	455	40	59
2408	456	40	59
2409	457	40	59
2411	459	40	59
2412	460	40	59
2413	461	40	59
2414	462	40	59
2415	463	40	59
2417	465	40	59
2419	467	40	59
2420	468	40	59
2421	469	40	59
2422	470	40	59
2424	472	40	59
2425	473	40	59
2426	474	40	59
2427	475	40	59
2428	476	40	59
2429	477	40	59
2430	478	40	59
2432	480	40	59
2433	481	40	59
2434	482	40	59
2435	483	40	59
2436	484	40	59
2438	486	40	59
2439	487	40	59
2440	488	40	59
2441	489	40	59
2442	490	40	59
2443	491	40	59
2444	492	40	59
2445	493	40	59
2446	494	40	59
2447	495	40	59
2448	496	40	59
2449	497	40	59
2450	498	40	59
2451	499	40	59
2452	500	40	59
2455	503	40	59
2456	504	40	59
2457	505	40	59
2459	507	40	59
2460	508	40	59
2461	509	40	59
2462	510	40	59
2463	511	40	59
2464	1280	41	59
2465	1281	41	59
2466	1282	41	59
2467	1283	41	59
2468	1284	41	59
2469	1285	41	59
2470	1286	41	59
2471	1287	41	59
2472	1288	41	59
2473	1289	41	59
2474	1290	41	59
2475	1291	41	59
2476	1292	41	59
2477	1293	41	59
2478	1294	41	59
2479	1295	41	59
2480	1296	41	59
2481	1297	41	59
2482	1298	41	59
2485	1256	41	59
2486	1257	41	59
2487	1258	41	59
2488	1259	41	59
2489	1260	41	59
2490	1261	41	59
2491	1262	41	59
2492	1263	41	59
2493	1264	41	59
2494	1265	41	59
2495	1266	41	59
2496	1267	41	59
2497	1268	41	59
2498	1269	41	59
2499	1270	41	59
2500	1271	41	59
2501	1272	41	59
2502	1273	41	59
2503	1274	41	59
2504	1275	41	59
2505	1276	41	59
2506	1277	41	59
2507	1278	41	59
2508	1279	41	59
2509	128	56	59
2510	129	56	59
2511	130	56	59
2512	131	56	59
2513	132	56	59
2514	133	56	59
2523	94	56	59
2524	95	56	59
2525	96	56	59
2526	97	56	59
2527	98	56	59
2528	99	56	59
2529	100	56	59
2530	101	56	59
2531	102	56	59
2532	103	56	59
2533	104	56	59
2534	105	56	59
2535	106	56	59
2536	107	56	59
2537	108	56	59
2538	109	56	59
2539	110	56	59
2540	111	56	59
2541	112	56	59
2542	113	56	59
2543	114	56	59
2544	115	56	59
2545	116	56	59
2546	117	56	59
2547	118	56	59
2548	119	56	59
2549	120	56	59
2550	121	56	59
2551	122	56	59
2552	123	56	59
2553	124	56	59
2554	125	56	59
2555	126	56	59
2556	127	56	59
2718	1280	41	60
2719	1281	41	60
2720	1282	41	60
2721	1283	41	60
2722	1284	41	60
2723	1285	41	60
2724	1286	41	60
2725	1287	41	60
2726	1288	41	60
2727	1289	41	60
2728	1290	41	60
2729	1291	41	60
2730	1292	41	60
2731	1293	41	60
2732	1294	41	60
2733	1295	41	60
2734	1296	41	60
2735	1297	41	60
2736	1298	41	60
2737	1256	41	60
2738	1257	41	60
2739	1258	41	60
2740	1259	41	60
2741	1260	41	60
2742	1261	41	60
2743	1262	41	60
2744	1263	41	60
2745	1264	41	60
2747	1266	41	60
2748	1267	41	60
2749	1268	41	60
2750	1269	41	60
2751	1270	41	60
2752	1271	41	60
2753	1272	41	60
2754	1273	41	60
2755	1274	41	60
2756	1275	41	60
2757	1276	41	60
2758	1277	41	60
2759	1278	41	60
2760	1279	41	60
2771	97	56	60
2772	98	56	60
2773	99	56	60
2774	100	56	60
2775	101	56	60
2776	102	56	60
2777	103	56	60
2778	104	56	60
2779	105	56	60
2780	106	56	60
2781	107	56	60
2782	108	56	60
2783	109	56	60
2784	110	56	60
2785	111	56	60
2786	112	56	60
2787	113	56	60
2788	114	56	60
2789	115	56	60
2790	116	56	60
2791	117	56	60
2792	118	56	60
2793	119	56	60
2794	120	56	60
2795	121	56	60
2796	122	56	60
2797	123	56	60
2798	124	56	60
2799	125	56	60
2800	126	56	60
2801	127	56	60
2901	441	40	61
2902	442	40	61
2903	443	40	61
2904	444	40	61
2905	445	40	61
2906	446	40	61
2907	447	40	61
2908	449	40	61
2909	450	40	61
2910	451	40	61
2911	453	40	61
2912	455	40	61
2913	456	40	61
2914	457	40	61
2915	459	40	61
2917	461	40	61
2918	462	40	61
2919	463	40	61
2920	465	40	61
2921	467	40	61
2922	468	40	61
2923	470	40	61
2925	474	40	61
2926	475	40	61
2927	476	40	61
2928	477	40	61
2929	478	40	61
2930	480	40	61
2931	481	40	61
2932	482	40	61
2933	483	40	61
2934	484	40	61
2936	487	40	61
2937	488	40	61
2938	489	40	61
2940	491	40	61
2941	492	40	61
2942	493	40	61
2943	494	40	61
2944	495	40	61
2945	496	40	61
2946	497	40	61
2947	498	40	61
2948	499	40	61
2949	500	40	61
2950	503	40	61
2951	504	40	61
2952	505	40	61
2953	507	40	61
2954	508	40	61
2955	509	40	61
2956	510	40	61
2957	511	40	61
2959	1280	41	61
2960	1281	41	61
2961	1282	41	61
2962	1283	41	61
2963	1284	41	61
2964	1285	41	61
2965	1286	41	61
2966	1287	41	61
2967	1288	41	61
2968	1289	41	61
2969	1290	41	61
2972	1293	41	61
2973	1294	41	61
2974	1295	41	61
2975	1296	41	61
2976	1297	41	61
2978	1302	41	61
2979	1256	41	61
2980	1257	41	61
2981	1258	41	61
2982	1259	41	61
2983	1260	41	61
2984	1261	41	61
2985	1262	41	61
2986	1263	41	61
2987	1264	41	61
2988	1266	41	61
2989	1267	41	61
2990	1268	41	61
2991	1269	41	61
2992	1270	41	61
2993	1271	41	61
2994	1272	41	61
2995	1273	41	61
2996	1274	41	61
2998	1276	41	61
2999	1277	41	61
3000	1278	41	61
3001	1279	41	61
3002	523	40	61
3003	128	56	61
3004	129	56	61
3005	130	56	61
3008	94	56	61
3009	95	56	61
3010	96	56	61
3011	97	56	61
3012	98	56	61
3013	99	56	61
3014	100	56	61
3015	101	56	61
3016	102	56	61
3017	103	56	61
3018	104	56	61
3019	105	56	61
3020	106	56	61
3021	107	56	61
3022	108	56	61
3023	109	56	61
3024	110	56	61
3025	111	56	61
3026	112	56	61
3027	113	56	61
3028	114	56	61
3029	115	56	61
3030	116	56	61
3031	117	56	61
3032	118	56	61
3033	119	56	61
3034	120	56	61
3035	121	56	61
3036	122	56	61
3037	123	56	61
3038	124	56	61
3039	125	56	61
3040	126	56	61
3041	127	56	61
3042	512	40	62
3043	513	40	62
3044	514	40	62
3045	515	40	62
3046	516	40	62
3047	517	40	62
3049	520	40	62
3050	521	40	62
3052	523	40	62
3053	524	40	62
3054	525	40	62
3055	526	40	62
3056	527	40	62
3057	529	40	62
3058	530	40	62
3059	532	40	62
3060	533	40	62
3061	534	40	62
3063	536	40	62
3064	537	40	62
3065	538	40	62
3066	346	40	62
3067	348	40	62
3068	349	40	62
3069	350	40	62
3070	351	40	62
3071	352	40	62
3072	353	40	62
3073	354	40	62
3075	357	40	62
3076	358	40	62
3077	359	40	62
3078	361	40	62
3080	364	40	62
3081	367	40	62
3082	368	40	62
3085	372	40	62
3086	374	40	62
3087	377	40	62
3088	379	40	62
3089	380	40	62
3090	383	40	62
3091	384	40	62
3092	385	40	62
3093	386	40	62
3094	387	40	62
3095	388	40	62
3096	389	40	62
3097	390	40	62
3098	394	40	62
3099	395	40	62
3100	396	40	62
3101	397	40	62
3102	398	40	62
3103	399	40	62
3104	400	40	62
3105	401	40	62
3106	402	40	62
3107	403	40	62
3108	404	40	62
3109	405	40	62
3110	407	40	62
3111	408	40	62
3112	409	40	62
3116	414	40	62
3117	415	40	62
3118	416	40	62
3119	417	40	62
3120	418	40	62
3121	422	40	62
3122	423	40	62
3123	425	40	62
3124	427	40	62
3125	428	40	62
3126	429	40	62
3127	430	40	62
3128	431	40	62
3129	432	40	62
3130	433	40	62
3131	434	40	62
3132	435	40	62
3133	436	40	62
3134	437	40	62
3135	438	40	62
3136	439	40	62
3138	442	40	62
3140	444	40	62
3141	445	40	62
3142	446	40	62
3143	447	40	62
3144	449	40	62
3146	451	40	62
3147	453	40	62
3148	455	40	62
3149	456	40	62
3150	457	40	62
3151	459	40	62
3152	461	40	62
3153	462	40	62
3154	463	40	62
3155	465	40	62
3156	467	40	62
3157	468	40	62
3158	470	40	62
3159	474	40	62
3160	475	40	62
3163	478	40	62
3164	480	40	62
3165	481	40	62
3166	482	40	62
3167	483	40	62
3168	484	40	62
3170	488	40	62
3171	489	40	62
3172	491	40	62
3173	492	40	62
3174	493	40	62
3175	494	40	62
3176	495	40	62
3177	496	40	62
3178	497	40	62
3179	498	40	62
3180	499	40	62
3181	500	40	62
3182	503	40	62
3183	504	40	62
3184	505	40	62
3185	507	40	62
3186	508	40	62
3187	509	40	62
3188	510	40	62
3189	511	40	62
3190	1280	41	62
3191	1281	41	62
3192	1282	41	62
3193	1283	41	62
3194	1284	41	62
3195	1285	41	62
3196	1286	41	62
3197	1287	41	62
3198	1288	41	62
3199	1289	41	62
3200	1290	41	62
3201	1293	41	62
3202	1294	41	62
3203	1295	41	62
3204	1296	41	62
3207	1256	41	62
3208	1257	41	62
3209	1258	41	62
3210	1259	41	62
3211	1260	41	62
3213	1262	41	62
3214	1263	41	62
3215	1264	41	62
3216	1266	41	62
3218	1268	41	62
3219	1269	41	62
3220	1270	41	62
3221	1271	41	62
3222	1272	41	62
3224	1274	41	62
3225	1276	41	62
3226	1277	41	62
3227	1278	41	62
3228	1279	41	62
3229	1298	41	62
3233	94	56	62
3234	95	56	62
3235	96	56	62
3236	97	56	62
3237	98	56	62
3238	99	56	62
3239	100	56	62
3240	101	56	62
3241	102	56	62
3242	103	56	62
3243	104	56	62
3244	105	56	62
3245	106	56	62
3246	107	56	62
3247	108	56	62
3248	109	56	62
3249	110	56	62
3250	111	56	62
3251	112	56	62
3252	113	56	62
3253	114	56	62
3254	115	56	62
3255	116	56	62
3256	117	56	62
3257	118	56	62
3258	119	56	62
3259	120	56	62
3260	121	56	62
3261	122	56	62
3262	123	56	62
3263	124	56	62
3264	125	56	62
3265	126	56	62
3267	1256	41	66
3268	1309	41	66
3269	1259	41	66
3270	1264	41	66
3271	1271	41	66
3272	1272	41	66
3273	1276	41	66
3274	1277	41	66
3275	1281	41	66
3276	1310	41	66
3277	1286	41	66
3278	1287	41	66
3279	1289	41	66
3280	1290	41	66
3281	1292	41	66
3282	1293	41	66
3283	1294	41	66
3284	1295	41	66
3285	1296	41	66
3286	1297	41	66
3287	1284	41	66
3288	1282	41	66
3289	1273	41	66
3290	1285	41	66
3291	94	56	66
3292	97	56	66
3293	96	56	66
3294	95	56	66
3295	98	56	66
3296	99	56	66
3297	100	56	66
3298	101	56	66
3300	1257	41	66
3301	1256	41	65
3302	1259	41	65
3303	1266	41	65
3304	1271	41	65
3305	1272	41	65
3306	1276	41	65
3307	1281	41	65
3308	1290	41	65
3309	1287	41	65
3310	1289	41	65
3311	1297	41	65
3312	1294	41	65
3313	94	56	65
3314	96	56	65
3315	95	56	65
3316	97	56	65
3317	1266	41	64
3319	1276	41	64
3320	1286	41	64
3321	1289	41	64
3322	1311	41	64
3323	94	56	64
3324	95	56	64
3325	1281	41	64
\.


--
-- Data for Name: breakqual_breakcategory; Type: TABLE DATA; Schema: public; Owner: tabbycat
--

COPY public.breakqual_breakcategory (id, name, slug, seq, break_size, is_general, priority, rule, tournament_id, "limit", reserve_size) FROM stdin;
1	Ak	open	1	8	t	100	standard	2	0	0
2	Ak	open	1	8	t	100	standard	3	0	0
3	Ak	open	1	8	t	100	standard	4	0	0
4	Ak	open	1	16	t	100	standard	5	0	0
5	Ak	open	1	8	t	100	standard	6	0	0
10	Ak	open	1	32	t	100	standard	11	0	0
11	Ak	open	1	32	t	100	standard	12	0	0
\.


--
-- Data for Name: breakqual_breakingteam; Type: TABLE DATA; Schema: public; Owner: tabbycat
--

COPY public.breakqual_breakingteam (id, rank, break_rank, remark, break_category_id, team_id) FROM stdin;
1	1	1	\N	1	52
2	2	2	\N	1	55
3	3	3	\N	1	48
4	4	4	\N	1	31
5	5	5	\N	1	56
6	6	6	\N	1	37
7	7	7	\N	1	40
8	8	8	\N	1	42
78	12	12	\N	11	432
35	1	1	\N	10	341
36	2	2	\N	10	338
37	3	3	\N	10	339
38	4	4	\N	10	273
9	1	1	\N	2	78
10	2	2	\N	2	72
11	3	3	\N	2	66
12	4	4	\N	2	69
13	5	5	\N	2	75
14	6	6	\N	2	73
15	7	7	\N	2	67
16	8	8	\N	2	59
39	5	5	\N	10	193
40	6	6	\N	10	185
41	7	7	\N	10	194
42	8	8	\N	10	343
43	9	9	\N	10	282
44	10	10	\N	10	340
45	11	11	\N	10	281
46	12	12	\N	10	196
47	13	13	\N	10	287
48	14	14	\N	10	192
49	15	15	\N	10	327
50	16	16	\N	10	253
51	17	17	\N	10	344
52	18	18	\N	10	342
53	19	19	\N	10	191
54	20	20	\N	10	259
55	21	21	\N	10	288
56	22	22	\N	10	286
57	23	23	\N	10	331
58	24	24	\N	10	209
17	1	1	\N	4	128
18	2	2	\N	4	124
20	4	3	\N	4	126
21	5	4	\N	4	129
22	6	5	\N	4	134
23	7	6	\N	4	133
24	8	7	\N	4	115
25	9	8	\N	4	132
26	10	9	\N	4	127
27	11	10	\N	4	120
28	12	11	\N	4	109
29	13	12	\N	4	104
30	14	13	\N	4	121
31	15	14	\N	4	125
32	16	15	\N	4	116
34	18	16	\N	4	119
19	3	\N	d	4	148
33	17	\N	I	4	130
59	25	25	\N	10	254
60	26	26	\N	10	289
61	27	27	\N	10	228
62	28	28	\N	10	186
63	29	29	\N	10	294
64	30	30	\N	10	189
65	31	31	\N	10	205
66	32	32	\N	10	274
79	13	13	\N	11	417
80	14	14	\N	11	388
81	15	15	\N	11	359
82	16	16	\N	11	374
83	17	17	\N	11	401
84	18	18	\N	11	348
85	19	19	\N	11	429
86	20	20	\N	11	534
87	21	21	\N	11	439
88	22	22	\N	11	390
67	1	1	\N	11	389
68	2	2	\N	11	414
69	3	3	\N	11	415
70	4	4	\N	11	463
71	5	5	\N	11	394
72	6	6	\N	11	465
73	7	7	\N	11	416
74	8	8	\N	11	468
75	9	9	\N	11	481
76	10	10	\N	11	462
77	11	11	\N	11	470
89	23	23	\N	11	425
90	24	24	\N	11	509
91	25	25	\N	11	397
92	26	26	\N	11	467
93	27	27	\N	11	480
94	28	28	\N	11	387
95	29	29	\N	11	431
96	30	30	\N	11	358
97	31	31	\N	11	434
98	32	32	\N	11	380
\.


--
-- Data for Name: checkins_debateidentifier; Type: TABLE DATA; Schema: public; Owner: tabbycat
--

COPY public.checkins_debateidentifier (identifier_ptr_id, debate_id) FROM stdin;
\.


--
-- Data for Name: checkins_event; Type: TABLE DATA; Schema: public; Owner: tabbycat
--

COPY public.checkins_event (id, "time", identifier_id, tournament_id) FROM stdin;
1	2025-11-24 06:17:18.597071+00	90	2
2	2025-11-24 06:17:18.602183+00	89	2
3	2025-11-24 06:17:18.605494+00	106	2
4	2025-11-24 06:17:18.608388+00	105	2
5	2025-11-24 06:17:18.6113+00	88	2
6	2025-11-24 06:17:18.614446+00	87	2
7	2025-11-24 06:17:18.617597+00	80	2
8	2025-11-24 06:17:18.620447+00	79	2
9	2025-11-24 06:17:18.623366+00	76	2
10	2025-11-24 06:17:18.626369+00	75	2
11	2025-11-24 06:17:18.629336+00	84	2
12	2025-11-24 06:17:18.632296+00	83	2
13	2025-11-24 06:17:18.635331+00	98	2
14	2025-11-24 06:17:18.638669+00	97	2
15	2025-11-24 06:17:18.641308+00	94	2
16	2025-11-24 06:17:18.644443+00	93	2
17	2025-11-24 06:17:18.647348+00	86	2
18	2025-11-24 06:17:18.650282+00	85	2
19	2025-11-24 06:17:18.652852+00	82	2
20	2025-11-24 06:17:18.655915+00	81	2
21	2025-11-24 06:17:18.658942+00	110	2
22	2025-11-24 06:17:18.661914+00	109	2
23	2025-11-24 06:17:18.665435+00	108	2
24	2025-11-24 06:17:18.668379+00	107	2
25	2025-11-24 06:17:18.67134+00	118	2
26	2025-11-24 06:17:18.674599+00	117	2
27	2025-11-24 06:17:18.677361+00	124	2
28	2025-11-24 06:17:18.68038+00	123	2
29	2025-11-24 06:17:18.683336+00	126	2
30	2025-11-24 06:17:18.686416+00	125	2
31	2025-11-24 06:17:18.68936+00	116	2
32	2025-11-24 06:17:18.692353+00	115	2
33	2025-11-24 06:17:18.695402+00	112	2
34	2025-11-24 06:17:18.698393+00	111	2
35	2025-11-24 06:17:18.701368+00	96	2
36	2025-11-24 06:17:18.704455+00	95	2
37	2025-11-24 06:17:18.70748+00	92	2
38	2025-11-24 06:17:18.710451+00	91	2
39	2025-11-24 06:17:18.713468+00	100	2
40	2025-11-24 06:17:18.716821+00	99	2
41	2025-11-24 06:17:18.719644+00	104	2
42	2025-11-24 06:17:18.722657+00	103	2
43	2025-11-24 06:17:18.725628+00	114	2
44	2025-11-24 06:17:18.728475+00	113	2
45	2025-11-24 06:17:18.732055+00	102	2
46	2025-11-24 06:17:18.735024+00	101	2
47	2025-11-24 06:17:18.738159+00	78	2
48	2025-11-24 06:17:18.74106+00	77	2
49	2025-11-24 06:17:18.761867+00	90	2
50	2025-11-24 06:17:18.76697+00	89	2
51	2025-11-24 06:17:18.770409+00	106	2
52	2025-11-24 06:17:18.773719+00	105	2
53	2025-11-24 06:17:18.776761+00	88	2
54	2025-11-24 06:17:18.78039+00	87	2
55	2025-11-24 06:17:18.783653+00	80	2
56	2025-11-24 06:17:18.786779+00	79	2
57	2025-11-24 06:17:18.789698+00	76	2
58	2025-11-24 06:17:18.792663+00	75	2
59	2025-11-24 06:17:18.79563+00	84	2
60	2025-11-24 06:17:18.79864+00	83	2
61	2025-11-24 06:17:18.801715+00	98	2
62	2025-11-24 06:17:18.804748+00	97	2
63	2025-11-24 06:17:18.807969+00	94	2
64	2025-11-24 06:17:18.811257+00	93	2
65	2025-11-24 06:17:18.814322+00	86	2
66	2025-11-24 06:17:18.81828+00	85	2
67	2025-11-24 06:17:18.821567+00	82	2
68	2025-11-24 06:17:18.82681+00	81	2
69	2025-11-24 06:17:18.829833+00	110	2
70	2025-11-24 06:17:18.833307+00	109	2
71	2025-11-24 06:17:18.836376+00	108	2
72	2025-11-24 06:17:18.839806+00	107	2
73	2025-11-24 06:17:18.8428+00	118	2
74	2025-11-24 06:17:18.846118+00	117	2
75	2025-11-24 06:17:18.849176+00	124	2
76	2025-11-24 06:17:18.852256+00	123	2
77	2025-11-24 06:17:18.85529+00	126	2
78	2025-11-24 06:17:18.858178+00	125	2
79	2025-11-24 06:17:18.861176+00	116	2
80	2025-11-24 06:17:18.864234+00	115	2
81	2025-11-24 06:17:18.867307+00	112	2
82	2025-11-24 06:17:18.870268+00	111	2
83	2025-11-24 06:17:18.873404+00	96	2
84	2025-11-24 06:17:18.876467+00	95	2
85	2025-11-24 06:17:18.87983+00	92	2
86	2025-11-24 06:17:18.882827+00	91	2
87	2025-11-24 06:17:18.885809+00	100	2
88	2025-11-24 06:17:18.888878+00	99	2
89	2025-11-24 06:17:18.891703+00	104	2
90	2025-11-24 06:17:18.894767+00	103	2
91	2025-11-24 06:17:18.89791+00	114	2
92	2025-11-24 06:17:18.900863+00	113	2
93	2025-11-24 06:17:18.903725+00	102	2
94	2025-11-24 06:17:18.906679+00	101	2
95	2025-11-24 06:17:18.909743+00	78	2
96	2025-11-24 06:17:18.912727+00	77	2
97	2025-11-24 06:17:18.933471+00	90	2
98	2025-11-24 06:17:18.938783+00	89	2
99	2025-11-24 06:17:18.941937+00	106	2
100	2025-11-24 06:17:18.945656+00	105	2
101	2025-11-24 06:17:18.948814+00	88	2
102	2025-11-24 06:17:18.951722+00	87	2
103	2025-11-24 06:17:18.954885+00	80	2
104	2025-11-24 06:17:18.957773+00	79	2
105	2025-11-24 06:17:18.960763+00	76	2
106	2025-11-24 06:17:18.96364+00	75	2
107	2025-11-24 06:17:18.966651+00	84	2
108	2025-11-24 06:17:18.969706+00	83	2
109	2025-11-24 06:17:18.972763+00	98	2
110	2025-11-24 06:17:18.976413+00	97	2
111	2025-11-24 06:17:18.979275+00	94	2
112	2025-11-24 06:17:18.982217+00	93	2
113	2025-11-24 06:17:18.985271+00	86	2
114	2025-11-24 06:17:18.988211+00	85	2
115	2025-11-24 06:17:18.991212+00	82	2
116	2025-11-24 06:17:18.994154+00	81	2
117	2025-11-24 06:17:18.997347+00	110	2
118	2025-11-24 06:17:19.000496+00	109	2
119	2025-11-24 06:17:19.003391+00	108	2
120	2025-11-24 06:17:19.006346+00	107	2
121	2025-11-24 06:17:19.00927+00	118	2
122	2025-11-24 06:17:19.012403+00	117	2
123	2025-11-24 06:17:19.015467+00	124	2
124	2025-11-24 06:17:19.018234+00	123	2
125	2025-11-24 06:17:19.021318+00	126	2
126	2025-11-24 06:17:19.024295+00	125	2
127	2025-11-24 06:17:19.027246+00	116	2
128	2025-11-24 06:17:19.030225+00	115	2
129	2025-11-24 06:17:19.033333+00	112	2
130	2025-11-24 06:17:19.036271+00	111	2
131	2025-11-24 06:17:19.039323+00	96	2
132	2025-11-24 06:17:19.042278+00	95	2
133	2025-11-24 06:17:19.045359+00	92	2
134	2025-11-24 06:17:19.048312+00	91	2
135	2025-11-24 06:17:19.051312+00	100	2
136	2025-11-24 06:17:19.054434+00	99	2
137	2025-11-24 06:17:19.057321+00	104	2
138	2025-11-24 06:17:19.060264+00	103	2
139	2025-11-24 06:17:19.063205+00	114	2
140	2025-11-24 06:17:19.066293+00	113	2
141	2025-11-24 06:17:19.069399+00	102	2
142	2025-11-24 06:17:19.072352+00	101	2
143	2025-11-24 06:17:19.075356+00	78	2
144	2025-11-24 06:17:19.078471+00	77	2
145	2025-11-24 06:17:21.506424+00	136	2
146	2025-11-24 06:17:21.511629+00	162	2
147	2025-11-24 06:17:21.515218+00	141	2
148	2025-11-24 06:17:21.51844+00	152	2
149	2025-11-24 06:17:21.52131+00	151	2
150	2025-11-24 06:17:21.524626+00	134	2
151	2025-11-24 06:17:21.527908+00	160	2
152	2025-11-24 06:17:21.531074+00	157	2
153	2025-11-24 06:17:21.534411+00	133	2
154	2025-11-24 06:17:21.53757+00	158	2
155	2025-11-24 06:17:21.541198+00	148	2
156	2025-11-24 06:17:21.544879+00	147	2
157	2025-11-24 06:17:21.547948+00	139	2
158	2025-11-24 06:17:21.550825+00	135	2
159	2025-11-24 06:17:21.553843+00	138	2
160	2025-11-24 06:17:21.556758+00	137	2
161	2025-11-24 06:17:21.559727+00	154	2
162	2025-11-24 06:17:21.562694+00	150	2
163	2025-11-24 06:17:21.565849+00	145	2
164	2025-11-24 06:17:21.568747+00	144	2
165	2025-11-24 06:17:21.571799+00	140	2
166	2025-11-24 06:17:21.574762+00	153	2
167	2025-11-24 06:17:21.577784+00	149	2
168	2025-11-24 06:17:21.580875+00	142	2
169	2025-11-24 06:17:21.583803+00	143	2
170	2025-11-24 06:17:21.587354+00	161	2
171	2025-11-24 06:17:21.590688+00	156	2
172	2025-11-24 06:17:21.594059+00	159	2
173	2025-11-24 06:17:21.597152+00	146	2
174	2025-11-24 06:17:21.600481+00	155	2
175	2025-12-12 23:43:18.222367+00	559	11
176	2025-12-12 23:43:18.231451+00	568	11
177	2025-12-12 23:43:18.237931+00	569	11
178	2025-12-12 23:43:18.242975+00	570	11
179	2025-12-12 23:43:18.247794+00	571	11
180	2025-12-12 23:43:18.251824+00	572	11
181	2025-12-12 23:43:18.255631+00	573	11
182	2025-12-12 23:43:18.259595+00	574	11
183	2025-12-12 23:43:18.263757+00	575	11
184	2025-12-12 23:43:18.268279+00	576	11
185	2025-12-12 23:43:18.273266+00	577	11
186	2025-12-12 23:43:18.278051+00	560	11
187	2025-12-12 23:43:18.282404+00	578	11
188	2025-12-12 23:43:18.286445+00	579	11
189	2025-12-12 23:43:18.290144+00	580	11
190	2025-12-12 23:43:18.294212+00	581	11
191	2025-12-12 23:43:18.298089+00	582	11
192	2025-12-12 23:43:18.301576+00	583	11
193	2025-12-12 23:43:18.305087+00	584	11
194	2025-12-12 23:43:18.308511+00	585	11
195	2025-12-12 23:43:18.311851+00	586	11
196	2025-12-12 23:43:18.31552+00	587	11
197	2025-12-12 23:43:18.318862+00	561	11
198	2025-12-12 23:43:18.322571+00	588	11
199	2025-12-12 23:43:18.325982+00	589	11
200	2025-12-12 23:43:18.329407+00	590	11
201	2025-12-12 23:43:18.333063+00	591	11
202	2025-12-12 23:43:18.336309+00	592	11
203	2025-12-12 23:43:18.340408+00	593	11
204	2025-12-12 23:43:18.34537+00	594	11
205	2025-12-12 23:43:18.3499+00	595	11
206	2025-12-12 23:43:18.354344+00	596	11
207	2025-12-12 23:43:18.358612+00	597	11
208	2025-12-12 23:43:18.362561+00	562	11
209	2025-12-12 23:43:18.366234+00	598	11
210	2025-12-12 23:43:18.370771+00	563	11
211	2025-12-12 23:43:18.374876+00	564	11
212	2025-12-12 23:43:18.378803+00	565	11
213	2025-12-12 23:43:18.382829+00	566	11
214	2025-12-12 23:43:18.386598+00	567	11
215	2025-12-12 23:43:18.411402+00	559	11
216	2025-12-12 23:43:18.416808+00	568	11
217	2025-12-12 23:43:18.420659+00	569	11
218	2025-12-12 23:43:18.424521+00	570	11
219	2025-12-12 23:43:18.428256+00	571	11
220	2025-12-12 23:43:18.432368+00	572	11
221	2025-12-12 23:43:18.43607+00	573	11
222	2025-12-12 23:43:18.439848+00	574	11
223	2025-12-12 23:43:18.44424+00	575	11
224	2025-12-12 23:43:18.447879+00	576	11
225	2025-12-12 23:43:18.451789+00	577	11
226	2025-12-12 23:43:18.46007+00	560	11
227	2025-12-12 23:43:18.465767+00	578	11
228	2025-12-12 23:43:18.471182+00	579	11
229	2025-12-12 23:43:18.475238+00	580	11
230	2025-12-12 23:43:18.479647+00	581	11
231	2025-12-12 23:43:18.48379+00	582	11
232	2025-12-12 23:43:18.48861+00	583	11
233	2025-12-12 23:43:18.493992+00	584	11
234	2025-12-12 23:43:18.497902+00	585	11
235	2025-12-12 23:43:18.501835+00	586	11
236	2025-12-12 23:43:18.505265+00	587	11
237	2025-12-12 23:43:18.509236+00	561	11
238	2025-12-12 23:43:18.512859+00	588	11
239	2025-12-12 23:43:18.517635+00	589	11
240	2025-12-12 23:43:18.523183+00	590	11
241	2025-12-12 23:43:18.527423+00	591	11
242	2025-12-12 23:43:18.532317+00	592	11
243	2025-12-12 23:43:18.5357+00	593	11
244	2025-12-12 23:43:18.539351+00	594	11
245	2025-12-12 23:43:18.542904+00	595	11
246	2025-12-12 23:43:18.546879+00	596	11
247	2025-12-12 23:43:18.55066+00	597	11
248	2025-12-12 23:43:18.554763+00	562	11
249	2025-12-12 23:43:18.558489+00	598	11
250	2025-12-12 23:43:18.562385+00	563	11
251	2025-12-12 23:43:18.565671+00	564	11
252	2025-12-12 23:43:18.569422+00	565	11
253	2025-12-12 23:43:18.573517+00	566	11
254	2025-12-12 23:43:18.577611+00	567	11
255	2025-12-21 06:47:38.92371+00	967	12
256	2025-12-21 06:47:38.931276+00	968	12
257	2025-12-21 06:47:38.95303+00	967	12
258	2025-12-21 06:47:38.959367+00	968	12
259	2025-12-21 06:48:00.894859+00	973	12
260	2025-12-21 06:48:00.901912+00	974	12
261	2025-12-21 06:48:00.928734+00	973	12
262	2025-12-21 06:48:00.935242+00	974	12
263	2025-12-21 06:48:02.510801+00	979	12
264	2025-12-21 06:48:02.517503+00	980	12
265	2025-12-21 06:48:02.546425+00	979	12
266	2025-12-21 06:48:02.556848+00	980	12
267	2025-12-21 06:48:07.745505+00	993	12
268	2025-12-21 06:48:07.752114+00	994	12
269	2025-12-21 06:48:07.77391+00	993	12
270	2025-12-21 06:48:07.779058+00	994	12
271	2025-12-21 06:48:08.344823+00	1350	12
272	2025-12-21 06:48:08.366587+00	1350	12
273	2025-12-21 06:48:08.998047+00	977	12
274	2025-12-21 06:48:09.003602+00	978	12
275	2025-12-21 06:48:09.024588+00	977	12
276	2025-12-21 06:48:09.031158+00	978	12
277	2025-12-21 06:48:09.827715+00	1051	12
278	2025-12-21 06:48:09.833929+00	1052	12
279	2025-12-21 06:48:09.855113+00	1051	12
280	2025-12-21 06:48:09.860763+00	1052	12
281	2025-12-21 06:48:10.576496+00	981	12
282	2025-12-21 06:48:10.582124+00	982	12
283	2025-12-21 06:48:10.601982+00	981	12
284	2025-12-21 06:48:10.607581+00	982	12
285	2025-12-21 06:48:19.603456+00	985	12
286	2025-12-21 06:48:19.610428+00	986	12
287	2025-12-21 06:48:19.633985+00	985	12
288	2025-12-21 06:48:19.641491+00	986	12
289	2025-12-21 06:48:21.167112+00	991	12
290	2025-12-21 06:48:21.175349+00	992	12
291	2025-12-21 06:48:21.201078+00	991	12
292	2025-12-21 06:48:21.208518+00	992	12
293	2025-12-21 06:48:22.282832+00	983	12
294	2025-12-21 06:48:22.290065+00	984	12
295	2025-12-21 06:48:22.313149+00	983	12
296	2025-12-21 06:48:22.322165+00	984	12
297	2025-12-21 06:48:41.530412+00	997	12
298	2025-12-21 06:48:41.536996+00	998	12
299	2025-12-21 06:48:41.558708+00	997	12
300	2025-12-21 06:48:41.565305+00	998	12
301	2025-12-21 06:48:48.899262+00	987	12
302	2025-12-21 06:48:48.904953+00	988	12
303	2025-12-21 06:48:48.925476+00	987	12
304	2025-12-21 06:48:48.930086+00	988	12
305	2025-12-21 06:48:50.1231+00	989	12
306	2025-12-21 06:48:50.130255+00	990	12
307	2025-12-21 06:48:50.152302+00	989	12
308	2025-12-21 06:48:50.158744+00	990	12
309	2025-12-21 06:49:03.297505+00	975	12
310	2025-12-21 06:49:03.303466+00	976	12
311	2025-12-21 06:49:03.32709+00	975	12
312	2025-12-21 06:49:03.337316+00	976	12
313	2025-12-21 06:49:13.914394+00	999	12
314	2025-12-21 06:49:13.920627+00	1000	12
315	2025-12-21 06:49:13.942044+00	999	12
316	2025-12-21 06:49:13.948656+00	1000	12
317	2025-12-21 06:49:15.215116+00	1299	12
318	2025-12-21 06:49:15.222712+00	1300	12
319	2025-12-21 06:49:15.245742+00	1299	12
320	2025-12-21 06:49:15.252605+00	1300	12
325	2025-12-21 06:49:24.814109+00	1003	12
326	2025-12-21 06:49:24.820771+00	1004	12
327	2025-12-21 06:49:24.847444+00	1003	12
328	2025-12-21 06:49:24.856211+00	1004	12
329	2025-12-21 06:49:26.128931+00	1009	12
330	2025-12-21 06:49:26.134887+00	1010	12
331	2025-12-21 06:49:26.155643+00	1009	12
332	2025-12-21 06:49:26.162692+00	1010	12
333	2025-12-21 06:49:27.296609+00	1011	12
334	2025-12-21 06:49:27.302829+00	1012	12
335	2025-12-21 06:49:27.326952+00	1011	12
336	2025-12-21 06:49:27.336079+00	1012	12
337	2025-12-21 06:50:09.24594+00	1035	12
338	2025-12-21 06:50:09.252752+00	1036	12
339	2025-12-21 06:50:09.274224+00	1035	12
340	2025-12-21 06:50:09.279918+00	1036	12
341	2025-12-21 06:50:10.871958+00	971	12
342	2025-12-21 06:50:10.879466+00	972	12
343	2025-12-21 06:50:10.906602+00	971	12
344	2025-12-21 06:50:10.91364+00	972	12
345	2025-12-21 06:50:17.599449+00	1033	12
346	2025-12-21 06:50:17.606015+00	1034	12
347	2025-12-21 06:50:17.626642+00	1033	12
348	2025-12-21 06:50:17.633872+00	1034	12
349	2025-12-21 06:50:54.154007+00	1343	12
350	2025-12-21 06:50:54.161231+00	1344	12
351	2025-12-21 06:50:54.183671+00	1343	12
352	2025-12-21 06:50:54.189848+00	1344	12
353	2025-12-21 06:50:55.654339+00	1345	12
354	2025-12-21 06:50:55.663646+00	1346	12
355	2025-12-21 06:50:55.692489+00	1345	12
356	2025-12-21 06:50:55.700254+00	1346	12
357	2025-12-21 06:50:56.325205+00	1023	12
358	2025-12-21 06:50:56.335934+00	1024	12
359	2025-12-21 06:50:56.361279+00	1023	12
360	2025-12-21 06:50:56.369527+00	1024	12
361	2025-12-21 06:50:56.980602+00	1019	12
362	2025-12-21 06:50:56.988534+00	1020	12
363	2025-12-21 06:50:57.014787+00	1019	12
364	2025-12-21 06:50:57.022475+00	1020	12
365	2025-12-21 06:50:57.801704+00	1017	12
366	2025-12-21 06:50:57.810292+00	1018	12
367	2025-12-21 06:50:57.83803+00	1017	12
368	2025-12-21 06:50:57.845184+00	1018	12
369	2025-12-21 06:51:25.068186+00	1029	12
370	2025-12-21 06:51:25.074976+00	1030	12
371	2025-12-21 06:51:25.09685+00	1029	12
372	2025-12-21 06:51:25.103127+00	1030	12
373	2025-12-21 06:51:39.498508+00	1041	12
374	2025-12-21 06:51:39.503796+00	1042	12
375	2025-12-21 06:51:39.523758+00	1041	12
376	2025-12-21 06:51:39.529707+00	1042	12
377	2025-12-21 06:51:42.648296+00	1053	12
378	2025-12-21 06:51:42.656261+00	1054	12
379	2025-12-21 06:51:42.678457+00	1053	12
380	2025-12-21 06:51:42.685181+00	1054	12
381	2025-12-21 06:51:43.844433+00	1055	12
382	2025-12-21 06:51:43.850066+00	1056	12
383	2025-12-21 06:51:43.871508+00	1055	12
384	2025-12-21 06:51:43.877922+00	1056	12
385	2025-12-21 06:51:51.697413+00	1043	12
386	2025-12-21 06:51:51.704818+00	1044	12
387	2025-12-21 06:51:51.727118+00	1043	12
388	2025-12-21 06:51:51.733661+00	1044	12
389	2025-12-21 06:51:54.624246+00	1045	12
390	2025-12-21 06:51:54.629659+00	1046	12
391	2025-12-21 06:51:54.650108+00	1045	12
392	2025-12-21 06:51:54.65627+00	1046	12
393	2025-12-21 06:51:57.898386+00	1039	12
394	2025-12-21 06:51:57.904555+00	1040	12
395	2025-12-21 06:51:57.929347+00	1039	12
396	2025-12-21 06:51:57.936898+00	1040	12
397	2025-12-21 06:52:11.386321+00	1047	12
398	2025-12-21 06:52:11.39327+00	1048	12
399	2025-12-21 06:52:11.416465+00	1047	12
400	2025-12-21 06:52:11.423314+00	1048	12
401	2025-12-21 06:52:11.952368+00	1065	12
402	2025-12-21 06:52:11.959837+00	1066	12
403	2025-12-21 06:52:11.982992+00	1065	12
404	2025-12-21 06:52:11.990225+00	1066	12
405	2025-12-21 06:52:13.112745+00	1049	12
406	2025-12-21 06:52:13.118481+00	1050	12
407	2025-12-21 06:52:13.139459+00	1049	12
408	2025-12-21 06:52:13.144949+00	1050	12
409	2025-12-21 06:52:13.612337+00	1067	12
410	2025-12-21 06:52:13.619106+00	1068	12
411	2025-12-21 06:52:13.64596+00	1067	12
412	2025-12-21 06:52:13.653916+00	1068	12
413	2025-12-21 06:52:14.634764+00	1061	12
414	2025-12-21 06:52:14.640508+00	1062	12
415	2025-12-21 06:52:14.66319+00	1061	12
416	2025-12-21 06:52:14.669203+00	1062	12
417	2025-12-21 06:52:15.209949+00	1063	12
418	2025-12-21 06:52:15.215735+00	1064	12
419	2025-12-21 06:52:15.236361+00	1063	12
420	2025-12-21 06:52:15.242321+00	1064	12
421	2025-12-21 06:52:22.601577+00	1069	12
422	2025-12-21 06:52:22.610013+00	1070	12
423	2025-12-21 06:52:22.635278+00	1069	12
424	2025-12-21 06:52:22.641271+00	1070	12
425	2025-12-21 06:53:09.86172+00	1135	12
426	2025-12-21 06:53:09.86715+00	1136	12
427	2025-12-21 06:53:09.88844+00	1135	12
428	2025-12-21 06:53:09.894349+00	1136	12
429	2025-12-21 06:53:10.490125+00	1141	12
430	2025-12-21 06:53:10.496057+00	1142	12
431	2025-12-21 06:53:10.518636+00	1141	12
432	2025-12-21 06:53:10.525513+00	1142	12
437	2025-12-21 06:53:12.729723+00	1133	12
438	2025-12-21 06:53:12.73547+00	1134	12
439	2025-12-21 06:53:12.756741+00	1133	12
440	2025-12-21 06:53:12.763072+00	1134	12
441	2025-12-21 06:53:13.547746+00	1143	12
442	2025-12-21 06:53:13.555003+00	1144	12
443	2025-12-21 06:53:13.579281+00	1143	12
444	2025-12-21 06:53:13.586451+00	1144	12
445	2025-12-21 06:53:14.335755+00	1197	12
446	2025-12-21 06:53:14.344091+00	1198	12
447	2025-12-21 06:53:14.379865+00	1197	12
448	2025-12-21 06:53:14.389017+00	1198	12
449	2025-12-21 06:53:16.007506+00	1149	12
450	2025-12-21 06:53:16.013957+00	1150	12
451	2025-12-21 06:53:16.038165+00	1149	12
452	2025-12-21 06:53:16.04479+00	1150	12
453	2025-12-21 06:53:16.975588+00	1145	12
454	2025-12-21 06:53:16.982447+00	1146	12
455	2025-12-21 06:53:17.005404+00	1145	12
456	2025-12-21 06:53:17.01291+00	1146	12
457	2025-12-21 06:53:28.141831+00	1093	12
458	2025-12-21 06:53:28.149021+00	1094	12
459	2025-12-21 06:53:28.172731+00	1093	12
460	2025-12-21 06:53:28.179064+00	1094	12
465	2025-12-21 06:53:38.176848+00	1071	12
466	2025-12-21 06:53:38.183067+00	1072	12
467	2025-12-21 06:53:38.204913+00	1071	12
468	2025-12-21 06:53:38.211696+00	1072	12
469	2025-12-21 06:53:52.989889+00	1073	12
470	2025-12-21 06:53:52.996862+00	1074	12
471	2025-12-21 06:53:53.027971+00	1073	12
472	2025-12-21 06:53:53.037376+00	1074	12
473	2025-12-21 06:53:54.116933+00	1079	12
474	2025-12-21 06:53:54.122055+00	1080	12
475	2025-12-21 06:53:54.146512+00	1079	12
476	2025-12-21 06:53:54.152869+00	1080	12
477	2025-12-21 06:53:59.798169+00	1097	12
478	2025-12-21 06:53:59.804087+00	1098	12
479	2025-12-21 06:53:59.825259+00	1097	12
480	2025-12-21 06:53:59.832699+00	1098	12
481	2025-12-21 06:54:00.296878+00	1105	12
482	2025-12-21 06:54:00.302353+00	1106	12
483	2025-12-21 06:54:00.325667+00	1105	12
484	2025-12-21 06:54:00.332404+00	1106	12
485	2025-12-21 06:54:01.960233+00	1103	12
486	2025-12-21 06:54:01.966236+00	1104	12
487	2025-12-21 06:54:01.986317+00	1103	12
488	2025-12-21 06:54:01.992127+00	1104	12
489	2025-12-21 06:54:02.932776+00	1099	12
490	2025-12-21 06:54:02.942116+00	1100	12
491	2025-12-21 06:54:02.971028+00	1099	12
492	2025-12-21 06:54:02.980961+00	1100	12
493	2025-12-21 06:54:04.132183+00	1101	12
494	2025-12-21 06:54:04.138472+00	1102	12
495	2025-12-21 06:54:04.163+00	1101	12
496	2025-12-21 06:54:04.16949+00	1102	12
497	2025-12-21 06:54:17.131576+00	1111	12
498	2025-12-21 06:54:17.137759+00	1112	12
499	2025-12-21 06:54:19.158466+00	1107	12
500	2025-12-21 06:54:19.16615+00	1108	12
501	2025-12-21 06:54:20.618659+00	1109	12
502	2025-12-21 06:54:20.627278+00	1110	12
\.


--
-- Data for Name: checkins_identifier; Type: TABLE DATA; Schema: public; Owner: tabbycat
--

COPY public.checkins_identifier (id, barcode, polymorphic_ctype_id) FROM stdin;
1	146885	27
2	871897	27
3	703725	27
4	118101	27
5	117220	27
6	281500	27
7	392907	27
8	932157	28
9	614773	28
10	987034	28
11	806434	28
12	790612	28
13	720944	28
14	534638	28
15	583042	27
16	676083	27
17	593655	27
18	235619	27
19	575126	27
20	420287	27
21	747887	27
22	586622	27
23	773762	27
24	502590	27
25	165607	27
26	318087	27
27	640818	27
28	433546	27
29	797921	27
30	465381	27
31	877930	27
32	683263	27
33	210631	27
34	680084	27
35	543371	27
36	338723	27
37	218948	27
38	273980	27
39	695904	27
40	661348	27
41	179557	27
42	595310	27
43	605179	27
44	420382	27
45	766160	27
46	991602	27
47	158483	27
48	303685	27
49	911567	27
50	514941	27
51	636983	27
52	929041	27
53	405102	27
54	771610	27
55	942434	27
56	857281	27
57	592543	27
58	663856	27
59	242465	27
60	863984	27
61	730484	27
62	291900	27
63	894793	27
64	526092	27
65	708321	27
66	189088	27
67	450683	27
68	674253	27
69	112121	27
70	730761	27
71	290005	27
72	511909	27
73	433421	27
74	268376	27
75	499120	27
76	170853	27
77	994901	27
78	953693	27
79	119641	27
80	433557	27
81	227974	27
82	830426	27
83	549063	27
84	102375	27
85	694368	27
86	899434	27
87	204512	27
88	926753	27
89	742342	27
90	984686	27
91	814639	27
92	971335	27
93	996852	27
94	307292	27
95	599275	27
96	124143	27
97	397771	27
98	790970	27
99	268966	27
100	807439	27
101	711941	27
102	599862	27
103	230936	27
104	493111	27
105	741302	27
106	403653	27
107	640195	27
108	390194	27
109	780936	27
110	782829	27
111	695704	27
112	182097	27
113	952587	27
114	897685	27
115	275634	27
116	100016	27
117	251463	27
118	135291	27
123	600281	27
124	710230	27
125	419450	27
126	794295	27
127	674077	28
128	430463	28
129	152797	28
130	386933	28
131	626200	28
132	521468	28
133	499178	27
134	706778	27
135	705997	27
136	138044	27
137	683845	27
138	932005	27
139	596138	27
140	949730	27
141	890832	27
142	977771	27
143	740566	27
144	577069	27
145	189175	27
146	183954	27
147	554955	27
148	432777	27
149	903304	27
150	608080	27
151	783623	27
152	267149	27
153	887152	27
154	811882	27
155	325674	27
156	518458	27
157	213442	27
158	405476	27
159	645180	27
160	345670	27
161	911494	27
162	595366	27
163	794317	27
164	854960	27
165	647182	27
166	336240	27
167	969936	27
168	703886	27
169	941374	27
170	515040	27
171	422083	27
172	439088	27
173	818528	27
174	295624	27
175	782719	27
176	247020	27
177	203502	27
178	553435	27
179	246669	27
180	545771	27
181	164407	27
182	824268	27
183	629415	27
184	826254	27
185	153537	27
186	161946	27
187	918819	27
188	432565	27
189	593994	27
190	793002	27
191	631263	27
192	880546	27
193	498158	27
194	654905	27
195	218215	27
196	307517	27
197	942457	27
198	880625	27
199	374774	27
200	413193	27
201	760220	27
202	808336	27
203	281191	27
204	603830	27
205	578083	27
206	434938	27
207	266604	27
208	402324	27
209	664431	27
210	298394	27
211	489832	28
212	624459	28
213	681548	28
214	793929	28
215	685775	28
216	603751	28
217	824768	27
218	865989	27
219	130975	27
220	638305	27
221	370454	27
222	672280	27
223	352619	27
224	422157	27
225	850007	27
226	691266	27
227	214853	27
228	390365	27
229	479132	27
230	384158	27
231	936201	27
232	572845	27
233	575593	27
234	432449	27
235	367930	27
236	204443	27
237	602299	27
238	380677	27
239	516622	27
240	787320	27
241	780663	27
242	610772	27
243	230591	28
244	848369	28
245	530789	27
246	626185	27
247	908623	27
248	172497	27
249	632321	27
250	106981	27
251	125534	27
252	839154	27
253	837728	27
254	856513	27
255	538438	27
256	752956	27
257	442602	27
258	280897	27
259	721322	27
260	708706	27
261	801985	27
262	107954	27
263	179427	27
264	170378	27
265	694168	27
266	688241	27
267	312197	28
268	815351	28
269	821700	28
270	880814	28
271	565416	28
272	731802	28
273	597624	28
274	499170	28
275	654282	28
276	825193	28
277	944228	28
278	839639	28
279	234524	28
280	269318	28
281	542247	27
282	410632	27
283	565390	27
284	910634	27
285	301805	27
286	593542	27
287	904108	27
288	515842	27
289	126251	27
290	682425	27
291	873609	27
292	491416	27
293	509541	27
294	714236	27
295	857950	27
296	112242	27
297	784493	27
298	693134	27
299	497352	27
300	643186	27
301	907534	27
302	329581	27
303	565232	27
304	444951	27
305	232925	27
306	392190	27
307	530449	27
308	462129	27
309	311514	27
310	240783	27
311	389011	27
312	804398	27
313	614312	27
314	698972	27
315	199335	27
316	258318	27
317	727202	27
318	124616	27
319	350659	27
320	531133	27
321	344726	27
322	627660	27
323	732315	27
324	705802	27
325	135902	27
326	474855	27
327	892205	27
328	294537	27
329	406899	27
330	476775	27
331	268958	27
332	458123	27
333	612318	27
334	469244	27
335	377251	27
336	933706	27
337	507777	27
338	337659	27
339	379815	27
340	438066	27
341	292294	27
342	997944	27
343	882732	27
344	614406	27
345	748449	27
346	871325	27
347	493563	27
348	753889	27
349	402599	27
350	976745	27
351	106447	27
352	245512	27
353	115853	27
354	384727	27
355	231471	27
356	853852	27
357	962647	27
358	359568	27
359	749516	27
360	141294	27
361	496173	27
362	696023	27
363	293013	27
364	892148	27
365	928558	27
366	526363	27
367	681126	27
368	840425	27
369	701655	27
370	905624	27
371	839930	27
372	864328	27
373	665099	27
374	946789	27
375	104388	27
376	892035	27
377	956425	27
378	589565	27
379	923298	27
380	719296	27
381	384582	27
382	633884	27
383	141476	27
384	400446	27
385	175274	27
386	464802	27
387	404143	27
388	711316	27
389	434148	27
390	748396	27
391	271815	27
392	746266	27
393	623543	27
394	945237	27
395	881243	27
396	285390	27
397	391361	27
398	144538	27
399	236362	27
400	981158	27
401	141656	27
402	584262	27
403	568700	27
404	515096	27
405	277710	27
406	541900	27
407	110705	27
408	188349	27
409	590368	27
410	940178	27
411	949565	27
412	798921	27
413	360954	27
414	595306	27
415	338001	27
416	344796	27
417	859113	27
418	349326	27
419	615983	27
420	225620	27
421	914317	27
422	934185	27
423	497371	27
424	215638	27
425	458223	27
426	331852	27
427	834534	27
428	397554	27
429	310977	27
430	900535	27
431	360415	27
432	128686	27
433	568732	27
434	843938	27
435	664933	27
436	943303	27
437	759460	27
438	162995	27
439	853124	27
440	189410	27
441	402755	27
442	913460	27
443	247526	27
444	543542	27
445	966766	27
446	361734	27
447	134204	27
448	794188	27
449	521546	27
450	637012	27
451	473563	27
452	146483	27
453	809974	27
454	896716	27
455	729975	27
456	313823	27
457	990207	27
458	715362	27
459	362223	27
460	256124	27
461	726522	27
462	201095	27
463	669014	27
464	222387	27
465	531608	27
466	291739	27
467	796882	27
468	668967	27
469	765153	27
470	134244	27
471	809946	27
472	544777	27
473	462603	27
474	771370	27
475	451580	27
476	848821	27
477	823058	27
478	441122	27
479	601295	27
480	475121	27
481	782314	27
482	483617	27
483	897044	27
484	300936	27
485	882265	27
486	375391	27
487	947165	27
488	222417	27
489	504604	27
490	569177	27
491	741660	27
492	302572	27
493	160918	27
494	371040	27
495	737896	27
496	503923	27
497	391539	27
498	899805	27
525	336928	27
526	383560	27
527	889984	27
528	339845	27
529	178000	27
530	580226	27
531	514276	27
532	468969	27
533	827220	27
534	530537	27
535	663291	27
536	428764	27
537	867594	27
538	342353	27
539	308792	27
540	135094	27
541	974623	27
542	430815	28
543	837111	28
544	979023	28
545	184860	28
546	798452	28
547	565395	28
548	241525	28
549	843828	28
550	723645	28
551	240167	28
552	345029	28
553	782398	28
554	607166	28
555	592050	28
556	815180	28
557	913581	28
558	828312	27
559	447216	28
560	998650	28
561	759854	28
562	331361	28
563	303134	28
564	886473	28
565	761500	28
566	806251	28
567	278588	28
568	659741	28
569	324299	28
570	980629	28
571	955698	28
572	551378	28
573	963232	28
574	740595	28
575	249221	28
576	416630	28
577	495767	28
578	805333	28
579	500916	28
580	389797	28
581	254483	28
582	826617	28
583	287699	28
584	412803	28
585	961704	28
586	124049	28
587	148586	28
588	487272	28
589	389136	28
590	427836	28
591	112920	28
592	473000	28
593	954150	28
594	920388	28
595	226683	28
596	456804	28
597	730122	28
598	895965	28
599	566367	27
600	985470	27
601	801960	27
602	391432	27
603	656443	27
604	467485	27
605	624933	27
606	582825	27
607	962818	27
608	202803	27
609	667818	27
610	298241	27
611	583523	27
612	476064	27
613	859995	27
614	452853	27
615	799025	27
616	592759	27
617	564319	27
618	548986	27
619	113018	27
620	555468	27
621	911844	27
622	129600	27
623	659891	27
624	487945	27
625	174258	27
626	569833	27
627	834897	27
628	288567	27
629	430019	27
630	430444	27
631	518644	27
632	484191	27
633	387659	27
634	869847	27
635	295155	27
636	778239	27
637	429229	27
638	383821	27
639	125598	27
640	475894	27
641	523750	27
642	863022	27
643	395005	27
644	900015	27
645	220790	27
646	469635	27
647	922741	27
648	467385	27
649	945883	27
650	862534	27
651	235787	27
652	489355	27
653	510233	27
654	591846	27
655	911229	27
656	342001	27
657	925963	27
658	786990	27
659	321197	27
660	225129	27
661	633457	27
662	256644	27
663	595871	27
664	306269	27
665	587404	27
666	940041	27
667	806437	27
668	680285	27
669	144499	27
670	265247	27
671	874257	27
672	235724	27
673	449121	27
674	929906	27
675	812147	27
676	704405	27
677	189938	27
678	331012	27
679	912975	27
680	166625	27
681	946467	27
682	610704	27
683	945517	27
684	219218	27
685	444270	27
686	676592	27
687	470184	27
688	507235	27
689	760375	27
690	555363	27
691	949962	27
692	952324	27
693	570152	27
694	751662	27
695	977465	27
696	396860	27
697	308375	27
698	158915	27
699	675189	27
700	345146	27
701	718070	27
702	782686	27
703	757731	27
704	607971	27
705	671010	27
706	350152	27
707	149529	27
708	556561	27
709	541326	27
710	368240	27
711	935523	27
712	997375	27
713	354879	27
714	141521	27
715	190575	27
716	301906	27
717	889036	27
718	712336	27
719	145740	27
720	120433	27
721	216330	27
722	990552	27
723	140650	27
724	388921	27
725	210110	27
726	515743	27
727	134077	27
728	110715	27
729	583682	27
730	180023	27
731	529984	27
732	572939	27
733	511041	27
734	173396	27
735	661062	27
736	286631	27
737	779652	27
738	546274	27
739	664718	27
740	560574	27
741	840298	27
742	104263	27
743	360968	27
744	706786	27
745	647728	27
746	253734	27
747	777431	27
748	699245	27
749	488614	27
750	685168	27
751	727396	27
752	364371	27
753	467456	27
754	189330	27
755	464866	27
756	585392	27
757	540502	27
758	535878	27
759	846959	27
760	825390	27
761	955565	27
762	479284	27
763	846405	27
764	197103	27
765	289021	27
766	576716	27
767	781816	27
768	736691	27
769	771968	27
770	360970	27
771	236031	27
772	998110	27
773	230864	27
774	947444	27
775	112478	27
776	675138	27
777	268402	27
778	481293	27
779	972964	27
780	998770	27
781	297084	27
782	320442	27
783	139216	27
784	417986	27
785	368662	27
786	494574	27
787	785921	27
788	592590	27
789	107997	27
790	156561	27
791	165032	27
792	365631	27
793	402720	27
794	409841	27
795	451076	27
796	916132	27
797	964163	27
798	420251	27
799	737678	27
800	922832	27
801	506686	27
802	510938	27
803	999962	27
804	228320	27
805	787159	27
806	693722	27
807	203058	27
808	976062	27
809	676901	27
810	686264	27
811	959805	27
812	865959	27
813	706941	27
814	317103	27
815	726273	27
816	152363	27
817	537001	27
818	675512	27
819	159169	27
820	193210	27
821	503750	27
822	636808	27
823	781870	27
824	577256	27
825	560035	27
826	101914	27
827	294400	27
828	179088	27
829	199941	27
830	488983	27
831	874992	27
832	638745	27
833	772146	27
834	599789	27
835	230953	27
836	934174	27
837	490855	27
838	686727	27
839	444686	27
840	838773	27
841	807582	27
842	468655	27
843	618625	27
844	106433	27
845	773530	27
846	566627	27
847	560364	27
848	154231	27
849	617209	27
850	421708	27
851	272364	27
852	401120	27
853	522292	27
854	490673	27
855	458252	27
856	766996	27
857	429631	27
858	821468	27
859	423994	27
860	238021	27
861	241380	27
862	452072	27
863	361940	27
864	551653	27
865	375717	27
866	770024	27
867	897925	27
868	141452	27
869	537997	27
870	611702	27
871	330257	27
872	235806	27
873	910005	27
874	506322	27
875	385181	27
876	358086	27
877	292764	27
878	216148	27
879	778112	27
880	700200	27
881	853468	27
882	687892	27
883	419034	27
884	931937	27
885	340330	27
886	385471	27
887	228495	27
888	806463	27
889	687202	27
890	997541	27
891	825890	27
892	638415	27
893	281700	27
894	253209	27
895	973791	27
896	506139	27
897	850167	27
898	973037	27
899	443857	27
900	270451	27
901	249846	27
902	273805	27
903	308889	27
904	296208	27
905	671614	27
906	568779	27
907	545791	27
908	715683	27
909	140516	27
910	656295	27
911	395923	27
912	906464	27
913	338370	27
914	940028	27
915	516471	27
916	629617	27
917	942272	27
918	146068	27
919	461502	27
920	211563	27
921	401247	27
922	136570	27
923	920257	27
924	149975	27
925	756247	27
926	746724	27
927	950831	27
928	218159	27
929	128590	27
930	867912	27
931	333282	27
932	134193	27
933	768867	27
934	178636	27
935	757776	27
936	131422	27
937	699895	27
938	545564	27
939	186784	27
940	392197	27
941	175544	27
942	653312	27
943	560353	27
944	782842	27
945	218232	27
946	553775	27
947	947373	27
948	788446	27
949	876649	27
950	746146	27
951	671894	27
952	624860	27
953	718146	27
954	122524	27
955	730382	27
956	363453	27
957	196491	27
958	507424	27
959	250412	27
960	995419	27
961	896669	27
962	355372	27
963	685694	27
964	585186	27
965	191757	27
966	754572	27
967	443902	27
968	614062	27
969	735628	27
970	583422	27
971	638448	27
972	421287	27
973	670941	27
974	675677	27
975	266432	27
976	917000	27
977	544091	27
978	190955	27
979	613970	27
980	184340	27
981	460862	27
982	445770	27
983	147490	27
984	250258	27
985	790838	27
986	132186	27
987	116678	27
988	776773	27
989	681462	27
990	780157	27
991	794888	27
992	179248	27
993	809258	27
994	430778	27
995	146121	27
996	482280	27
997	279962	27
998	981292	27
999	818728	27
1000	269315	27
1001	375463	27
1002	323036	27
1003	496888	27
1004	168539	27
1005	241352	27
1006	260027	27
1007	931859	27
1008	726530	27
1009	926030	27
1010	390348	27
1011	611534	27
1012	402197	27
1013	126561	27
1014	237893	27
1015	373632	27
1016	281948	27
1017	900203	27
1018	846497	27
1019	352098	27
1020	471235	27
1021	832224	27
1022	252573	27
1023	453705	27
1024	304095	27
1025	317713	27
1026	488742	27
1027	665408	27
1028	115752	27
1029	859011	27
1030	995211	27
1031	303830	27
1032	441283	27
1033	158835	27
1034	814510	27
1035	949398	27
1036	527386	27
1037	342322	27
1038	439647	27
1039	469561	27
1040	319429	27
1041	428611	27
1042	266788	27
1043	972002	27
1044	477585	27
1045	875040	27
1046	146595	27
1047	714519	27
1048	836384	27
1049	285094	27
1050	881674	27
1051	572760	27
1052	565107	27
1053	713985	27
1054	470395	27
1055	435297	27
1056	152253	27
1057	606386	27
1058	763474	27
1059	200337	27
1060	202962	27
1061	235592	27
1062	566343	27
1063	923625	27
1064	678909	27
1065	405654	27
1066	159216	27
1067	314362	27
1068	498070	27
1069	708432	27
1070	970399	27
1071	318974	27
1072	167449	27
1073	754038	27
1074	380672	27
1075	541029	27
1076	740270	27
1077	302513	27
1078	678555	27
1079	932123	27
1080	730167	27
1081	885522	27
1082	880126	27
1083	973852	27
1084	143767	27
1085	511489	27
1086	650872	27
1087	326768	27
1088	589635	27
1089	653695	27
1090	467194	27
1091	989728	27
1092	757309	27
1093	933120	27
1094	546233	27
1095	316633	27
1096	753898	27
1097	365131	27
1098	905736	27
1099	196977	27
1100	834930	27
1101	233360	27
1102	852143	27
1103	386216	27
1104	533265	27
1105	593760	27
1106	877659	27
1107	766245	27
1108	909299	27
1109	999443	27
1110	123928	27
1111	448922	27
1112	553199	27
1113	187880	27
1114	914487	27
1115	956647	27
1116	102206	27
1117	214547	27
1118	474198	27
1119	135172	27
1120	514232	27
1121	952099	27
1122	957656	27
1123	871312	27
1124	269367	27
1125	957767	27
1126	692940	27
1127	415013	27
1128	183449	27
1129	948953	27
1130	644911	27
1131	420576	27
1132	835730	27
1133	728770	27
1134	104328	27
1135	550234	27
1136	682596	27
1137	494099	27
1138	774543	27
1139	727535	27
1140	990465	27
1141	569631	27
1142	844809	27
1143	948162	27
1144	526759	27
1145	772462	27
1146	245678	27
1147	946974	27
1148	380216	27
1149	618021	27
1150	862883	27
1151	632307	27
1152	270551	27
1153	966595	27
1154	225157	27
1155	397877	27
1156	106467	27
1157	475151	27
1158	894982	27
1159	672733	27
1160	648946	27
1161	499596	27
1162	479189	27
1163	910750	27
1164	750880	27
1165	315558	27
1166	837138	27
1167	419196	27
1168	190453	27
1169	660913	27
1170	481695	27
1171	737272	27
1172	755181	27
1173	289366	27
1174	751500	27
1175	138225	27
1176	261987	27
1177	317857	27
1178	352153	27
1179	316397	27
1180	288046	27
1181	113502	27
1182	782280	27
1183	642242	27
1184	824969	27
1185	566028	27
1186	678957	27
1187	828092	27
1188	492722	27
1189	354282	27
1190	664359	27
1191	281313	27
1192	980755	27
1193	321470	27
1194	383627	27
1195	107080	27
1196	138833	27
1197	105691	27
1198	219616	27
1199	823849	27
1200	960086	27
1201	106127	27
1202	698930	27
1203	857828	27
1204	424684	27
1205	201602	27
1206	458156	27
1207	860783	27
1208	252745	27
1209	845852	27
1210	677249	27
1211	987980	27
1212	463668	27
1213	866237	27
1214	564743	27
1215	790500	27
1216	893615	27
1217	268969	27
1218	777471	27
1219	130297	27
1220	940813	27
1221	402478	27
1222	502750	27
1223	562958	27
1224	219324	27
1225	330201	27
1226	861819	27
1227	247191	27
1228	393758	27
1229	453605	27
1230	731257	27
1231	326367	27
1232	264834	27
1233	325830	27
1234	376943	27
1235	581095	27
1236	738372	27
1237	808740	27
1238	866506	27
1239	125100	27
1240	805762	27
1241	954658	27
1242	271397	27
1243	324881	27
1244	914020	27
1245	759108	27
1246	813070	27
1247	519981	27
1248	968191	27
1249	604727	27
1250	984871	27
1251	880015	27
1252	467165	27
1253	304538	27
1254	397205	27
1255	214586	27
1256	861761	27
1257	680453	27
1258	699021	27
1259	522328	27
1260	363316	27
1261	875326	27
1262	184101	27
1263	155765	27
1264	673502	27
1265	346466	27
1266	525244	27
1267	690257	27
1268	361511	27
1269	676859	27
1270	433437	27
1271	755798	27
1272	959967	27
1273	903105	27
1274	319836	27
1275	368309	27
1276	786402	27
1277	153694	27
1278	720264	27
1279	373153	27
1280	693146	27
1281	803161	27
1282	880755	27
1283	414407	27
1284	706864	27
1285	516367	27
1286	344919	27
1287	768470	27
1288	701868	27
1289	880007	27
1290	957051	27
1291	385909	27
1292	478484	27
1293	241787	27
1294	515897	27
1295	794197	27
1296	418663	27
1297	624236	27
1298	162803	27
1299	749120	27
1300	963864	27
1301	693978	27
1302	232977	27
1303	375626	27
1304	788088	27
1305	293398	27
1306	979289	27
1307	899455	27
1308	953626	27
1309	873287	27
1310	498661	27
1311	963335	27
1312	134155	27
1313	493879	27
1314	308365	27
1315	971593	27
1316	431698	27
1317	480227	27
1318	878995	27
1319	366518	27
1320	621888	27
1321	629467	27
1322	569114	27
1323	743695	27
1324	536756	27
1325	758969	27
1326	239018	27
1327	634181	27
1328	956073	27
1329	262966	27
1330	182511	27
1331	999396	27
1332	793010	27
1333	903878	27
1334	425272	27
1335	292795	27
1336	773561	27
1337	718304	27
1338	931414	27
1339	139954	27
1340	933422	27
1341	415498	27
1342	856217	27
1343	789908	27
1344	733545	27
1345	767976	27
1346	572478	27
1347	232277	27
1348	992269	27
1349	334275	27
1350	335191	27
1351	479843	27
1352	281542	27
1353	518985	27
1354	111712	27
1355	771764	27
1356	232567	27
1357	318660	27
1358	571032	27
1359	605420	27
1360	302571	27
1361	510796	27
1362	307068	27
1363	992985	27
1364	832097	27
1365	961531	27
1366	749706	27
1367	366120	27
1368	717383	27
1369	449945	27
1370	892140	27
1371	547594	27
1372	160914	27
1373	926854	27
1374	626620	27
1375	952166	27
1376	418406	27
1377	656113	27
1378	812036	27
1379	615681	27
1380	272311	27
1381	119192	27
1382	114859	27
1383	448896	27
1384	590306	27
1385	859733	27
1386	702431	27
1387	100413	27
1388	123466	27
1389	689477	27
1390	373885	27
1391	185795	27
1392	518900	27
1393	480058	27
1394	660311	27
1395	232623	28
1396	691762	28
1397	820948	28
1398	295253	28
1399	683825	28
1400	353171	28
1401	675552	28
1402	458211	28
1403	651119	28
1404	430587	28
1405	404376	28
1406	588933	28
1407	522579	28
1408	715876	28
1409	361482	28
1410	139258	28
1411	858200	28
1412	465868	28
1413	921994	28
1414	908594	28
1415	996269	28
1416	466790	28
1417	631575	28
1418	956365	28
1419	188788	28
1420	770674	28
1421	761415	28
1422	168546	28
1423	784130	28
1424	781461	28
1425	502898	28
1426	145899	28
1427	122070	28
1428	138092	28
1429	214519	28
1430	355893	28
1431	760349	28
1432	581151	28
1433	706277	28
1434	107538	28
1435	528148	28
1436	889821	28
1437	856773	28
1438	338268	28
1439	170884	28
1440	993685	28
1441	962779	28
1442	595547	28
1443	244909	27
1444	713021	27
1445	369360	27
1446	656029	27
1447	478344	27
1448	970219	27
1449	843836	27
1450	375580	27
1451	310502	27
1452	230682	27
\.


--
-- Data for Name: checkins_personidentifier; Type: TABLE DATA; Schema: public; Owner: tabbycat
--

COPY public.checkins_personidentifier (identifier_ptr_id, person_id) FROM stdin;
1	1
2	2
3	3
4	4
5	5
6	6
7	7
15	8
16	9
17	10
18	11
19	12
20	13
21	14
22	15
23	16
24	17
25	18
26	19
27	20
28	21
29	22
30	23
31	24
32	25
33	26
34	27
35	28
36	29
37	30
38	31
39	32
40	33
41	34
42	35
43	36
44	37
45	38
46	39
47	40
48	41
49	42
50	43
51	44
52	45
53	46
54	47
55	48
56	49
57	50
58	51
59	52
60	53
61	54
62	55
63	56
64	57
65	58
66	59
67	60
68	61
69	62
70	63
71	64
72	65
73	66
74	67
75	68
76	69
77	70
78	71
79	72
80	73
81	74
82	75
83	76
84	77
85	78
86	79
87	80
88	81
89	82
90	83
91	84
92	85
93	86
94	87
95	88
96	89
97	90
98	91
99	92
100	93
101	94
102	95
103	96
104	97
105	98
106	99
107	100
108	101
109	102
110	103
111	104
112	105
113	106
114	107
115	108
116	109
117	110
118	111
123	116
124	117
125	118
126	119
133	120
134	121
135	122
136	123
137	124
138	125
139	126
140	127
141	128
142	129
143	130
144	131
145	132
146	133
147	134
148	135
149	136
150	137
151	138
152	139
153	140
154	141
155	142
156	143
157	144
158	145
159	146
160	147
161	148
162	149
163	150
164	151
165	152
166	153
167	154
168	155
169	156
170	157
171	158
172	159
173	160
174	161
175	162
176	163
177	164
178	165
179	166
180	167
181	168
182	169
183	170
184	171
185	172
186	173
187	174
188	175
189	176
190	177
191	178
192	179
193	180
194	181
195	182
196	183
197	184
198	185
199	186
200	187
201	188
202	189
203	190
204	191
205	192
206	193
207	194
208	195
209	196
210	197
217	198
218	199
219	200
220	201
221	202
222	203
223	204
224	205
225	206
226	207
227	208
228	209
229	210
230	211
231	212
232	213
233	214
234	215
235	216
236	217
237	218
238	219
239	220
240	221
241	222
242	223
245	224
246	225
247	226
248	227
249	228
250	229
251	230
252	231
253	232
254	233
255	234
256	235
257	236
258	237
259	238
260	239
261	240
262	241
263	242
264	243
265	244
266	245
281	246
282	247
283	248
284	249
285	250
286	251
287	252
288	253
289	254
290	255
291	256
292	257
293	258
294	259
295	260
296	261
297	262
298	263
299	264
300	265
301	266
302	267
303	268
304	269
305	270
306	271
307	272
308	273
309	274
310	275
311	276
312	277
313	278
314	279
315	280
316	281
317	282
318	283
319	284
320	285
321	286
322	287
323	288
324	289
325	290
326	291
327	292
328	293
329	294
330	295
331	296
332	297
333	298
334	299
335	300
336	301
337	302
338	303
339	304
340	305
341	306
342	307
343	308
344	309
345	310
346	311
347	312
348	313
349	314
350	315
351	316
352	317
353	318
354	319
355	320
356	321
357	322
358	323
359	324
360	325
361	326
362	327
363	328
364	329
365	330
366	331
367	332
368	333
369	334
370	335
371	336
372	337
373	338
374	339
375	340
376	341
377	342
378	343
379	344
380	345
381	346
382	347
383	348
384	349
385	350
386	351
387	352
388	353
389	354
390	355
391	356
392	357
393	358
394	359
395	360
396	361
397	362
398	363
399	364
400	365
401	366
402	367
403	368
404	369
405	370
406	371
407	372
408	373
409	374
410	375
411	376
412	377
413	378
414	379
415	380
416	381
417	382
418	383
419	384
420	385
421	386
422	387
423	388
424	389
425	390
426	391
427	392
428	393
429	394
430	395
431	396
432	397
433	398
434	399
435	400
436	401
437	402
438	403
439	404
440	405
441	406
442	407
443	408
444	409
445	410
446	411
447	412
448	413
449	414
450	415
451	416
452	417
453	418
454	419
455	420
456	421
457	422
458	423
459	424
460	425
461	426
462	427
463	428
464	429
465	430
466	431
467	432
468	433
469	434
470	435
471	436
472	437
473	438
474	439
475	440
476	441
477	442
478	443
479	444
480	445
481	446
482	447
483	448
484	449
485	450
486	451
487	452
488	453
489	454
490	455
491	456
492	457
493	458
494	459
495	460
496	461
497	462
498	463
1317	1224
1318	1225
1319	1226
1320	1227
1321	1228
1322	1229
1323	1230
1324	1231
1325	1232
1326	1233
1337	1244
1338	1245
1339	1246
1340	1247
1341	1248
1342	1249
1343	1250
1344	1251
1345	1252
1346	1253
1349	1256
1350	1257
1351	1258
1352	1259
525	488
526	489
527	490
528	491
529	492
530	493
531	494
532	495
533	496
534	497
535	498
536	499
537	500
538	501
539	502
540	503
541	504
558	505
599	506
600	507
601	508
602	509
603	510
604	511
605	512
606	513
607	514
608	515
609	516
610	517
611	518
612	519
613	520
614	521
615	522
616	523
617	524
618	525
619	526
620	527
621	528
622	529
623	530
624	531
625	532
626	533
627	534
628	535
629	536
630	537
631	538
632	539
633	540
634	541
635	542
636	543
637	544
638	545
639	546
640	547
641	548
642	549
643	550
644	551
645	552
646	553
647	554
648	555
649	556
650	557
651	558
652	559
653	560
654	561
655	562
656	563
657	564
658	565
659	566
660	567
661	568
662	569
663	570
664	571
665	572
666	573
667	574
668	575
669	576
670	577
671	578
672	579
673	580
674	581
675	582
676	583
677	584
678	585
679	586
680	587
681	588
682	589
683	590
684	591
685	592
686	593
687	594
688	595
689	596
690	597
691	598
692	599
693	600
694	601
695	602
696	603
697	604
698	605
699	606
700	607
701	608
702	609
703	610
704	611
705	612
706	613
707	614
708	615
709	616
710	617
711	618
712	619
713	620
714	621
715	622
716	623
717	624
718	625
719	626
720	627
721	628
722	629
723	630
724	631
725	632
726	633
727	634
728	635
729	636
730	637
731	638
732	639
733	640
734	641
735	642
736	643
737	644
738	645
739	646
740	647
741	648
742	649
743	650
744	651
745	652
746	653
747	654
748	655
749	656
750	657
751	658
752	659
753	660
754	661
755	662
756	663
757	664
758	665
759	666
760	667
761	668
762	669
763	670
764	671
765	672
766	673
767	674
768	675
769	676
770	677
771	678
772	679
773	680
774	681
775	682
776	683
777	684
778	685
779	686
780	687
781	688
782	689
783	690
784	691
785	692
786	693
787	694
788	695
789	696
790	697
791	698
792	699
793	700
794	701
795	702
796	703
797	704
798	705
799	706
800	707
801	708
802	709
803	710
804	711
805	712
806	713
807	714
808	715
809	716
810	717
811	718
812	719
813	720
814	721
815	722
816	723
817	724
818	725
819	726
820	727
821	728
822	729
823	730
824	731
825	732
826	733
827	734
828	735
829	736
830	737
831	738
832	739
833	740
834	741
835	742
836	743
837	744
838	745
839	746
840	747
841	748
842	749
843	750
844	751
845	752
846	753
847	754
848	755
849	756
850	757
851	758
852	759
853	760
854	761
855	762
856	763
857	764
858	765
859	766
860	767
861	768
862	769
863	770
864	771
865	772
866	773
867	774
868	775
869	776
870	777
871	778
872	779
873	780
874	781
875	782
876	783
877	784
878	785
879	786
880	787
881	788
882	789
883	790
884	791
885	792
886	793
887	794
888	795
889	796
890	797
891	798
892	799
893	800
894	801
895	802
896	803
897	804
898	805
899	806
900	807
901	808
902	809
903	810
904	811
905	812
906	813
907	814
908	815
909	816
910	817
911	818
912	819
913	820
914	821
915	822
916	823
917	824
918	825
919	826
920	827
921	828
922	829
923	830
924	831
925	832
926	833
927	834
928	835
929	836
930	837
931	838
932	839
933	840
934	841
935	842
936	843
937	844
938	845
939	846
940	847
941	848
942	849
943	850
944	851
945	852
946	853
947	854
948	855
949	856
950	857
951	858
952	859
953	860
954	861
955	862
956	863
957	864
958	865
959	866
960	867
961	868
962	869
963	870
964	871
965	872
966	873
967	874
968	875
969	876
970	877
971	878
972	879
973	880
974	881
975	882
976	883
977	884
978	885
979	886
980	887
981	888
982	889
983	890
984	891
985	892
986	893
987	894
988	895
989	896
990	897
991	898
992	899
993	900
994	901
995	902
996	903
997	904
998	905
999	906
1000	907
1001	908
1002	909
1003	910
1004	911
1005	912
1006	913
1007	914
1008	915
1009	916
1010	917
1011	918
1012	919
1013	920
1014	921
1015	922
1016	923
1017	924
1018	925
1019	926
1020	927
1021	928
1022	929
1023	930
1024	931
1025	932
1026	933
1027	934
1028	935
1029	936
1030	937
1031	938
1032	939
1033	940
1034	941
1035	942
1036	943
1037	944
1038	945
1039	946
1040	947
1041	948
1042	949
1043	950
1044	951
1045	952
1046	953
1047	954
1048	955
1049	956
1050	957
1051	958
1052	959
1053	960
1054	961
1055	962
1056	963
1057	964
1058	965
1059	966
1060	967
1061	968
1062	969
1063	970
1064	971
1065	972
1066	973
1067	974
1068	975
1069	976
1070	977
1071	978
1072	979
1073	980
1074	981
1075	982
1076	983
1077	984
1078	985
1079	986
1080	987
1081	988
1082	989
1083	990
1084	991
1085	992
1086	993
1087	994
1088	995
1089	996
1090	997
1091	998
1092	999
1093	1000
1094	1001
1095	1002
1096	1003
1097	1004
1098	1005
1099	1006
1100	1007
1101	1008
1102	1009
1103	1010
1104	1011
1105	1012
1106	1013
1107	1014
1108	1015
1109	1016
1110	1017
1111	1018
1112	1019
1113	1020
1114	1021
1115	1022
1116	1023
1117	1024
1118	1025
1119	1026
1120	1027
1121	1028
1122	1029
1123	1030
1124	1031
1125	1032
1126	1033
1127	1034
1128	1035
1129	1036
1130	1037
1131	1038
1132	1039
1133	1040
1134	1041
1135	1042
1136	1043
1137	1044
1138	1045
1139	1046
1140	1047
1141	1048
1142	1049
1143	1050
1144	1051
1145	1052
1146	1053
1147	1054
1148	1055
1149	1056
1150	1057
1151	1058
1152	1059
1153	1060
1154	1061
1155	1062
1156	1063
1157	1064
1158	1065
1159	1066
1160	1067
1161	1068
1162	1069
1163	1070
1164	1071
1165	1072
1166	1073
1167	1074
1168	1075
1169	1076
1170	1077
1171	1078
1172	1079
1173	1080
1174	1081
1175	1082
1176	1083
1177	1084
1178	1085
1179	1086
1180	1087
1181	1088
1182	1089
1183	1090
1184	1091
1185	1092
1186	1093
1187	1094
1188	1095
1189	1096
1190	1097
1191	1098
1192	1099
1193	1100
1194	1101
1195	1102
1196	1103
1197	1104
1198	1105
1199	1106
1200	1107
1201	1108
1202	1109
1203	1110
1204	1111
1205	1112
1206	1113
1207	1114
1208	1115
1209	1116
1210	1117
1211	1118
1212	1119
1213	1120
1214	1121
1215	1122
1216	1123
1217	1124
1218	1125
1219	1126
1220	1127
1221	1128
1222	1129
1223	1130
1224	1131
1225	1132
1226	1133
1227	1134
1228	1135
1229	1136
1230	1137
1231	1138
1232	1139
1233	1140
1234	1141
1235	1142
1236	1143
1237	1144
1238	1145
1239	1146
1240	1147
1241	1148
1242	1149
1243	1150
1244	1151
1245	1152
1246	1153
1247	1154
1248	1155
1249	1156
1250	1157
1251	1158
1252	1159
1253	1160
1254	1161
1255	1162
1256	1163
1257	1164
1258	1165
1259	1166
1260	1167
1261	1168
1262	1169
1263	1170
1264	1171
1265	1172
1266	1173
1267	1174
1268	1175
1269	1176
1270	1177
1271	1178
1272	1179
1273	1180
1274	1181
1275	1182
1276	1183
1277	1184
1278	1185
1279	1186
1280	1187
1281	1188
1282	1189
1283	1190
1284	1191
1285	1192
1286	1193
1287	1194
1288	1195
1289	1196
1290	1197
1291	1198
1292	1199
1293	1200
1294	1201
1295	1202
1296	1203
1297	1204
1298	1205
1299	1206
1300	1207
1301	1208
1302	1209
1303	1210
1304	1211
1305	1212
1306	1213
1307	1214
1308	1215
1309	1216
1310	1217
1311	1218
1312	1219
1313	1220
1314	1221
1315	1222
1316	1223
1327	1234
1328	1235
1329	1236
1330	1237
1331	1238
1332	1239
1333	1240
1334	1241
1335	1242
1336	1243
1347	1254
1348	1255
1353	1260
1354	1261
1355	1262
1356	1263
1357	1264
1358	1265
1359	1266
1360	1267
1361	1268
1362	1269
1363	1270
1364	1271
1365	1272
1366	1273
1367	1274
1368	1275
1369	1276
1370	1277
1371	1278
1372	1279
1373	1280
1374	1281
1375	1282
1376	1283
1377	1284
1378	1285
1379	1286
1380	1287
1381	1288
1382	1289
1383	1290
1384	1291
1385	1292
1386	1293
1387	1294
1388	1295
1389	1296
1390	1297
1391	1298
1392	1299
1393	1300
1394	1301
1443	1302
1444	1303
1445	1304
1446	1305
1447	1306
1448	1307
1449	1308
1450	1309
1451	1310
1452	1311
\.


--
-- Data for Name: checkins_venueidentifier; Type: TABLE DATA; Schema: public; Owner: tabbycat
--

COPY public.checkins_venueidentifier (identifier_ptr_id, venue_id) FROM stdin;
8	1
9	2
10	3
11	4
12	5
13	6
14	7
127	8
128	9
129	10
130	11
131	12
132	13
211	14
212	15
213	16
214	17
215	18
216	19
243	20
244	21
267	22
268	23
269	24
270	25
271	26
272	27
273	28
274	29
275	30
276	31
277	32
278	33
279	34
280	35
542	38
543	39
544	40
545	41
546	42
547	43
548	44
549	45
550	46
551	47
552	48
553	49
554	50
555	51
556	52
557	53
559	54
560	55
561	56
562	57
563	58
564	59
565	60
566	61
567	62
568	63
569	64
570	65
571	66
572	67
573	68
574	69
575	70
576	71
577	72
578	73
579	74
580	75
581	76
582	77
583	78
584	79
585	80
586	81
587	82
588	83
589	84
590	85
591	86
592	87
593	88
594	89
595	90
596	91
597	92
598	93
1395	94
1396	95
1397	96
1398	97
1399	98
1400	99
1401	100
1402	101
1403	102
1404	103
1405	104
1406	105
1407	106
1408	107
1409	108
1410	109
1411	110
1412	111
1413	112
1414	113
1415	114
1416	115
1417	116
1418	117
1419	118
1420	119
1421	120
1422	121
1423	122
1424	123
1425	124
1426	125
1427	126
1428	127
1429	128
1430	129
1431	130
1432	131
1433	132
1434	133
1435	134
1436	135
1437	136
1438	137
1439	138
1440	139
1441	140
1442	141
\.


--
-- Data for Name: django_admin_log; Type: TABLE DATA; Schema: public; Owner: tabbycat
--

COPY public.django_admin_log (id, action_time, object_id, object_repr, action_flag, change_message, content_type_id, user_id) FROM stdin;
1	2025-11-22 06:20:32.682482+00	28	[tenzilepratik] glge c	2	[{"changed": {"fields": ["Full name/suffix", "Short name/suffix"]}}, {"identity": {"ip": "178.246.136.218"}}]	40	1
2	2025-11-22 06:21:02.541704+00	12	[tenzilepratik] hydrangea	2	[{"identity": {"ip": "178.246.136.218"}}]	40	1
3	2025-11-22 06:21:34.970215+00	12	[tenzilepratik] hydrangea	2	[{"changed": {"name": "speaker", "object": "hatice zeynep akp\\u0131nar", "fields": ["Name"]}}, {"identity": {"ip": "178.246.136.218"}}]	40	1
4	2025-11-22 12:26:27.359958+00	3	[Tenzile Pratik Gn] Tur 3	2	[{"changed": {"fields": ["Silent"]}}, {"identity": {"ip": "81.215.234.44"}}]	53	1
5	2025-11-23 23:19:59.957591+00	115	Konumac 2	3	\nIP: 2a00:1880:a342:b55a:e013:808e:fe:164e	42	1
6	2025-11-23 23:19:59.95763+00	114	Konumac 1	3	\nIP: 2a00:1880:a342:b55a:e013:808e:fe:164e	42	1
7	2025-11-23 23:19:59.957651+00	113	Konumac 2	3	\nIP: 2a00:1880:a342:b55a:e013:808e:fe:164e	42	1
8	2025-11-23 23:19:59.957668+00	112	Konumac 1	3	\nIP: 2a00:1880:a342:b55a:e013:808e:fe:164e	42	1
9	2025-11-23 23:32:58.535447+00	53	[gsb25trfinallise] stanbul 2	3	\nIP: 2a00:1880:a342:b55a:e013:808e:fe:164e	40	1
10	2025-11-23 23:33:10.03742+00	54	[gsb25trfinallise] 4	3	\nIP: 2a00:1880:a342:b55a:e013:808e:fe:164e	40	1
11	2025-12-06 06:38:00.298876+00	128	[Besiktasilcemem2025] Sabanc A	2	[{"changed": {"name": "speaker", "object": "mert cafer eral", "fields": ["Name"]}}, {"identity": {"ip": "5.47.156.139"}}]	40	1
12	2025-12-06 06:38:20.118255+00	128	[Besiktasilcemem2025] Sabanc A	2	[{"identity": {"ip": "5.47.156.139"}}]	40	1
13	2025-12-06 06:45:27.6933+00	119	[Besiktasilcemem2025] Kurtlar Sofras	2	[{"changed": {"name": "speaker", "object": "muhammet \\u00e7a\\u011fan yaz\\u0131c\\u0131", "fields": ["Name"]}}, {"identity": {"ip": "5.47.156.139"}}]	40	1
14	2025-12-06 06:47:05.421593+00	116	[Besiktasilcemem2025] VAKA	2	[{"changed": {"name": "speaker", "object": "yi\\u011fit emir", "fields": ["Name"]}}, {"identity": {"ip": "5.47.156.139"}}]	40	1
15	2025-12-06 06:54:11.138191+00	103	[Besiktasilcemem2025] glge 1	2	[{"changed": {"fields": ["Full name/suffix", "Short name/suffix"]}}, {"changed": {"name": "speaker", "object": "konu\\u015fmac\\u0131 1", "fields": ["Name"]}}, {"changed": {"name": "speaker", "object": "konu\\u015fmac\\u0131 2", "fields": ["Name"]}}, {"identity": {"ip": "5.47.156.139"}}]	40	1
16	2025-12-06 06:56:04.125357+00	103	[Besiktasilcemem2025] glge b	2	[{"changed": {"fields": ["Full name/suffix", "Short name/suffix"]}}, {"identity": {"ip": "5.47.156.139"}}]	40	1
17	2025-12-06 21:26:10.493051+00	180	[deneme] 4	2	[{"deleted": {"name": "speaker", "object": "4"}}, {"deleted": {"name": "speaker", "object": "5"}}, {"deleted": {"name": "speaker", "object": "6"}}, {"identity": {"ip": "2a00:1d34:703d:ea00:9cc4:d690:7b5f:6364"}}]	40	1
18	2025-12-06 21:26:40.681025+00	178	[deneme] 2	2	[{"deleted": {"name": "speaker", "object": "4"}}, {"deleted": {"name": "speaker", "object": "5"}}, {"identity": {"ip": "2a00:1d34:703d:ea00:9cc4:d690:7b5f:6364"}}]	40	1
19	2025-12-06 21:27:50.817964+00	7	deneme	3	\nIP: 2a00:1d34:703d:ea00:9cc4:d690:7b5f:6364	54	1
20	2025-12-06 21:32:48.626386+00	176	[besiktasortaokul25] deneme	3	\nIP: 2a00:1d34:703d:ea00:9cc4:d690:7b5f:6364	40	1
21	2025-12-06 22:08:38.653914+00	9	beikta ortaokul 25w	3	\nIP: 2a00:1d34:703d:ea00:9cc4:d690:7b5f:6364	54	1
22	2025-12-06 22:09:08.104279+00	8	deneme	3	\nIP: 2a00:1d34:703d:ea00:9cc4:d690:7b5f:6364	54	1
23	2025-12-11 18:39:55.336375+00	193	h in [jhasdhjsa/T1/49] h Vs b Vs c Vs d	3	\nIP: 78.190.146.105	30	1
24	2025-12-11 18:40:33.436899+00	10	deneme	3	\nIP: 78.190.146.105	54	1
25	2025-12-11 18:40:58.776566+00	194	b in [jhasdhjsa/T1/49] b (muhalefet al), c (hkmet kapan), d (muhalefet kapan)	3	\nIP: 78.190.146.105	30	1
26	2025-12-13 15:22:18.877294+00	53	[TGVA Marmara Elemeleri] Tur 3	2	[{"changed": {"fields": ["Silent"]}}, {"identity": {"ip": "46.2.212.183"}}]	53	1
27	2025-12-13 15:22:18.883555+00	54	[TGVA Marmara Elemeleri] Tur 4	2	[{"changed": {"fields": ["Silent"]}}, {"identity": {"ip": "46.2.212.183"}}]	53	1
28	2025-12-14 12:23:30.612542+00	58	[TGVA Marmara Elemeleri] n eyrek Final	2	[{"changed": {"fields": ["Silent"]}}, {"identity": {"ip": "46.2.212.183"}}]	53	1
29	2025-12-14 12:23:30.619095+00	57	[TGVA Marmara Elemeleri] eyrek Final	2	[{"changed": {"fields": ["Silent"]}}, {"identity": {"ip": "46.2.212.183"}}]	53	1
30	2025-12-17 14:22:44.451431+00	10	[10] Ballot for [tenzilepratik/T2/14] kelam kibar Vs uzun oraplar Vs itirazm var Vs iek koleksiyoncusu, submitted at 2025-11-22T10:02:24 (v1)	3	\nIP: 2a00:1d34:81d:6b01:2813:e837:b98a:ee83	45	1
31	2025-12-17 14:23:46.413735+00	1	Tenzile Pratik Gn	2	[{"changed": {"fields": ["Active"]}}, {"identity": {"ip": "2a00:1d34:81d:6b01:2813:e837:b98a:ee83"}}]	54	1
32	2025-12-17 14:24:28.419917+00	1	yazamayanlar in [tenzilepratik/T1/1] yazamayanlar Vs hydrangea Vs uzun oraplar Vs iki deli	3	\nIP: 2a00:1d34:81d:6b01:2813:e837:b98a:ee83	30	1
33	2025-12-17 14:25:42.480817+00	100	belagat in [tenzilepratik/T4/25] kelam kibar Vs yazamayanlar Vs di fras ve misvak Vs belagat	3	\nIP: 2a00:1d34:81d:6b01:2813:e837:b98a:ee83	30	1
34	2025-12-17 14:25:42.480905+00	96	ura ve dirayet in [tenzilepratik/T4/24] Glge A Vs Glge B Vs dexter Vs ura ve dirayet	3	\nIP: 2a00:1d34:81d:6b01:2813:e837:b98a:ee83	30	1
35	2025-12-17 14:25:42.480952+00	92	uzun oraplar in [tenzilepratik/T4/23] metin girin Vs iki deli Vs ikna ekspresi Vs uzun oraplar	3	\nIP: 2a00:1d34:81d:6b01:2813:e837:b98a:ee83	30	1
36	2025-12-17 14:25:42.480994+00	88	itirazm var in [tenzilepratik/T4/22] logos Vs ampuanlar Vs dnge Vs itirazm var	3	\nIP: 2a00:1d34:81d:6b01:2813:e837:b98a:ee83	30	1
37	2025-12-17 14:25:42.481036+00	84	dexter in [tenzilepratik/T3/21] iki deli Vs ura ve dirayet Vs kelam kibar Vs dexter	3	\nIP: 2a00:1d34:81d:6b01:2813:e837:b98a:ee83	30	1
38	2025-12-17 14:25:42.481076+00	80	ikna ekspresi in [tenzilepratik/T3/20] grup Vs logos Vs mnazara avclar Vs ikna ekspresi	3	\nIP: 2a00:1d34:81d:6b01:2813:e837:b98a:ee83	30	1
39	2025-12-17 14:25:42.481115+00	76	Glge A in [tenzilepratik/T3/19] ampuanlar Vs glge c Vs Glge B Vs Glge A	3	\nIP: 2a00:1d34:81d:6b01:2813:e837:b98a:ee83	30	1
40	2025-12-17 14:25:42.481156+00	72	Bozkurtlar in [tenzilepratik/T3/18] anne ben mnazr olucam Vs Ekonomi fanta Vs sknt yok sorun yok Vs Bozkurtlar	3	\nIP: 2a00:1d34:81d:6b01:2813:e837:b98a:ee83	30	1
41	2025-12-17 14:25:42.481193+00	68	hydrangea in [tenzilepratik/T3/17] uzun oraplar Vs setare Vs yazamayanlar Vs hydrangea	3	\nIP: 2a00:1d34:81d:6b01:2813:e837:b98a:ee83	30	1
42	2025-12-17 14:25:42.481229+00	64	yaynda myz u an in [tenzilepratik/T3/16] itirazm var Vs metin girin Vs belagat Vs yaynda myz u an	3	\nIP: 2a00:1d34:81d:6b01:2813:e837:b98a:ee83	30	1
43	2025-12-17 14:25:42.481267+00	60	dnge in [tenzilepratik/T3/15] iek koleksiyoncusu Vs di fras ve misvak Vs sosi'nin diyalektii Vs dnge	3	\nIP: 2a00:1d34:81d:6b01:2813:e837:b98a:ee83	30	1
44	2025-12-17 14:25:42.481306+00	56	iek koleksiyoncusu in [tenzilepratik/T2/14] kelam kibar Vs uzun oraplar Vs itirazm var Vs iek koleksiyoncusu	3	\nIP: 2a00:1d34:81d:6b01:2813:e837:b98a:ee83	30	1
45	2025-12-17 14:25:42.481343+00	52	Glge B in [tenzilepratik/T2/13] logos Vs belagat Vs dexter Vs Glge B	3	\nIP: 2a00:1d34:81d:6b01:2813:e837:b98a:ee83	30	1
46	2025-12-17 14:25:42.48138+00	48	yazamayanlar in [tenzilepratik/T2/12] ikna ekspresi Vs anne ben mnazr olucam Vs Ekonomi fanta Vs yazamayanlar	3	\nIP: 2a00:1d34:81d:6b01:2813:e837:b98a:ee83	30	1
47	2025-12-17 14:25:42.481417+00	44	sknt yok sorun yok in [tenzilepratik/T2/11] di fras ve misvak Vs sosi'nin diyalektii Vs setare Vs sknt yok sorun yok	3	\nIP: 2a00:1d34:81d:6b01:2813:e837:b98a:ee83	30	1
48	2025-12-17 14:25:42.481452+00	40	glge c in [tenzilepratik/T2/10] yaynda myz u an Vs mnazara avclar Vs iki deli Vs glge c	3	\nIP: 2a00:1d34:81d:6b01:2813:e837:b98a:ee83	30	1
49	2025-12-17 14:25:42.48149+00	36	ampuanlar in [tenzilepratik/T2/9] dnge Vs Bozkurtlar Vs grup Vs ampuanlar	3	\nIP: 2a00:1d34:81d:6b01:2813:e837:b98a:ee83	30	1
50	2025-12-17 14:25:42.481527+00	32	metin girin in [tenzilepratik/T2/8] hydrangea Vs Glge A Vs ura ve dirayet Vs metin girin	3	\nIP: 2a00:1d34:81d:6b01:2813:e837:b98a:ee83	30	1
51	2025-12-17 14:25:42.481562+00	28	anne ben mnazr olucam in [tenzilepratik/T1/7] belagat Vs ikna ekspresi Vs metin girin Vs anne ben mnazr olucam	3	\nIP: 2a00:1d34:81d:6b01:2813:e837:b98a:ee83	30	1
52	2025-12-17 14:25:42.481598+00	24	setare in [tenzilepratik/T1/6] dexter Vs grup Vs ampuanlar Vs setare	3	\nIP: 2a00:1d34:81d:6b01:2813:e837:b98a:ee83	30	1
53	2025-12-17 14:25:42.481633+00	20	di fras ve misvak in [tenzilepratik/T1/5] Glge B Vs dnge Vs yaynda myz u an Vs di fras ve misvak	3	\nIP: 2a00:1d34:81d:6b01:2813:e837:b98a:ee83	30	1
54	2025-12-17 14:25:42.481667+00	16	sosi'nin diyalektii in [tenzilepratik/T1/4] ura ve dirayet Vs itirazm var Vs Bozkurtlar Vs sosi'nin diyalektii	3	\nIP: 2a00:1d34:81d:6b01:2813:e837:b98a:ee83	30	1
55	2025-12-17 14:25:42.481703+00	12	Ekonomi fanta in [tenzilepratik/T1/3] glge c Vs kelam kibar Vs logos Vs Ekonomi fanta	3	\nIP: 2a00:1d34:81d:6b01:2813:e837:b98a:ee83	30	1
56	2025-12-17 14:25:42.481739+00	8	mnazara avclar in [tenzilepratik/T1/2] sknt yok sorun yok Vs iek koleksiyoncusu Vs Glge A Vs mnazara avclar	3	\nIP: 2a00:1d34:81d:6b01:2813:e837:b98a:ee83	30	1
57	2025-12-17 14:25:42.481874+00	4	iki deli in [tenzilepratik/T1/1] hydrangea (muhalefet al), uzun oraplar (hkmet kapan), iki deli (muhalefet kapan)	3	\nIP: 2a00:1d34:81d:6b01:2813:e837:b98a:ee83	30	1
58	2025-12-17 14:25:57.964226+00	112	grup in [tenzilepratik/T4/28] glge c Vs yaynda myz u an Vs hydrangea Vs grup	3	\nIP: 2a00:1d34:81d:6b01:2813:e837:b98a:ee83	30	1
59	2025-12-17 14:25:57.96438+00	108	sosi'nin diyalektii in [tenzilepratik/T4/27] mnazara avclar Vs anne ben mnazr olucam Vs iek koleksiyoncusu Vs sosi'nin diyalektii	3	\nIP: 2a00:1d34:81d:6b01:2813:e837:b98a:ee83	30	1
60	2025-12-17 14:25:57.964452+00	104	setare in [tenzilepratik/T4/26] Bozkurtlar Vs sknt yok sorun yok Vs Ekonomi fanta Vs setare	3	\nIP: 2a00:1d34:81d:6b01:2813:e837:b98a:ee83	30	1
61	2025-12-17 14:26:35.688024+00	2	hydrangea in [tenzilepratik/T1/1] hydrangea (muhalefet al), uzun oraplar (hkmet kapan)	3	\nIP: 2a00:1d34:81d:6b01:2813:e837:b98a:ee83	30	1
62	2025-12-17 14:27:19.016915+00	99	TournamentPreferenceModel - public_features/public_checkins	3		35	1
63	2025-12-17 14:27:19.016969+00	98	TournamentPreferenceModel - public_features/public_diversity	3		35	1
64	2025-12-17 14:27:19.016988+00	97	TournamentPreferenceModel - public_features/public_institutions_list	3		35	1
65	2025-12-17 14:27:19.017006+00	96	TournamentPreferenceModel - public_features/public_participants	3		35	1
66	2025-12-17 14:27:19.017022+00	95	TournamentPreferenceModel - public_features/search_engine_indexing	3		35	1
67	2025-12-17 14:27:19.017041+00	94	TournamentPreferenceModel - data_entry/ballots_hide_motions	3		35	1
68	2025-12-17 14:27:19.017057+00	93	TournamentPreferenceModel - data_entry/individual_ballots	3		35	1
69	2025-12-17 14:27:19.017074+00	92	TournamentPreferenceModel - data_entry/enable_postponements	3		35	1
70	2025-12-17 14:27:19.017089+00	91	TournamentPreferenceModel - data_entry/feedback_return_location	3		35	1
71	2025-12-17 14:27:19.017104+00	90	TournamentPreferenceModel - data_entry/score_return_location	3		35	1
72	2025-12-17 14:27:19.017118+00	89	TournamentPreferenceModel - data_entry/ballots_confirm_digits	3		35	1
73	2025-12-17 14:27:19.017132+00	88	TournamentPreferenceModel - data_entry/checkin_window_venues	3		35	1
74	2025-12-17 14:27:19.017146+00	87	TournamentPreferenceModel - data_entry/checkin_window_people	3		35	1
75	2025-12-17 14:27:19.01716+00	86	TournamentPreferenceModel - data_entry/public_checkins_submit	3		35	1
76	2025-12-17 14:27:19.017174+00	85	TournamentPreferenceModel - data_entry/assistant_access	3		35	1
77	2025-12-17 14:27:19.017188+00	84	TournamentPreferenceModel - data_entry/enable_blind_checks	3		35	1
78	2025-12-17 14:27:19.017202+00	83	TournamentPreferenceModel - data_entry/disable_ballot_confirms	3		35	1
79	2025-12-17 14:27:19.017216+00	82	TournamentPreferenceModel - data_entry/public_password	3		35	1
80	2025-12-17 14:27:19.017229+00	81	TournamentPreferenceModel - data_entry/public_use_password	3		35	1
81	2025-12-17 14:27:19.017243+00	80	TournamentPreferenceModel - data_entry/participant_feedback	3		35	1
82	2025-12-17 14:27:19.017257+00	79	TournamentPreferenceModel - data_entry/participant_ballots	3		35	1
83	2025-12-17 14:27:19.017271+00	78	TournamentPreferenceModel - tab_release/private_ballots_released	3		35	1
84	2025-12-17 14:27:19.017285+00	77	TournamentPreferenceModel - tab_release/all_results_released	3		35	1
85	2025-12-17 14:27:19.017299+00	76	TournamentPreferenceModel - tab_release/ballots_released	3		35	1
86	2025-12-17 14:27:19.017312+00	75	TournamentPreferenceModel - tab_release/adjudicators_tab_shows	3		35	1
87	2025-12-17 14:27:19.017327+00	74	TournamentPreferenceModel - tab_release/adjudicators_tab_released	3		35	1
88	2025-12-17 14:27:19.017347+00	73	TournamentPreferenceModel - tab_release/motion_tab_released	3		35	1
89	2025-12-17 14:27:19.01737+00	72	TournamentPreferenceModel - tab_release/speaker_category_tabs_released	3		35	1
90	2025-12-17 14:27:19.017392+00	71	TournamentPreferenceModel - tab_release/break_category_tabs_released	3		35	1
91	2025-12-17 14:27:19.017412+00	70	TournamentPreferenceModel - tab_release/replies_tab_limit	3		35	1
92	2025-12-17 14:27:19.017426+00	69	TournamentPreferenceModel - tab_release/replies_tab_released	3		35	1
93	2025-12-17 14:27:19.01744+00	68	TournamentPreferenceModel - tab_release/speaker_tab_limit	3		35	1
94	2025-12-17 14:27:19.017454+00	67	TournamentPreferenceModel - tab_release/speaker_tab_released	3		35	1
95	2025-12-17 14:27:19.017468+00	66	TournamentPreferenceModel - tab_release/team_tab_limit	3		35	1
96	2025-12-17 14:27:19.017481+00	65	TournamentPreferenceModel - tab_release/team_tab_released	3		35	1
97	2025-12-17 14:27:19.017494+00	64	TournamentPreferenceModel - standings/speaker_standings_extra_metrics	3		35	1
98	2025-12-17 14:27:19.017508+00	63	TournamentPreferenceModel - standings/speaker_standings_precedence	3		35	1
99	2025-12-17 14:27:19.017522+00	62	TournamentPreferenceModel - standings/team_standings_extra_metrics	3		35	1
100	2025-12-17 14:27:19.017536+00	61	TournamentPreferenceModel - standings/team_standings_precedence	3		35	1
101	2025-12-17 14:27:19.017551+00	60	TournamentPreferenceModel - standings/standings_missed_replies	3		35	1
102	2025-12-17 14:27:19.017564+00	59	TournamentPreferenceModel - standings/standings_missed_debates	3		35	1
103	2025-12-17 14:27:19.017579+00	58	TournamentPreferenceModel - debate_rules/enable_forfeits	3		35	1
104	2025-12-17 14:27:19.017593+00	57	TournamentPreferenceModel - debate_rules/preparation_time	3		35	1
105	2025-12-17 14:27:19.017606+00	56	TournamentPreferenceModel - debate_rules/speaker_ranks	3		35	1
106	2025-12-17 14:27:19.01762+00	55	TournamentPreferenceModel - debate_rules/require_substantive_for_reply	3		35	1
107	2025-12-17 14:27:19.017634+00	54	TournamentPreferenceModel - debate_rules/reply_scores_enabled	3		35	1
108	2025-12-17 14:27:19.017647+00	53	TournamentPreferenceModel - debate_rules/side_names	3		35	1
109	2025-12-17 14:27:19.01766+00	52	TournamentPreferenceModel - debate_rules/substantive_speakers	3		35	1
110	2025-12-17 14:27:19.017674+00	51	TournamentPreferenceModel - debate_rules/speakers_in_ballots	3		35	1
111	2025-12-17 14:27:19.017688+00	50	TournamentPreferenceModel - debate_rules/winners_in_ballots	3		35	1
112	2025-12-17 14:27:19.017702+00	49	TournamentPreferenceModel - debate_rules/ballots_per_debate_elim	3		35	1
113	2025-12-17 14:27:19.017716+00	48	TournamentPreferenceModel - debate_rules/ballots_per_debate_prelim	3		35	1
114	2025-12-17 14:27:19.01773+00	47	TournamentPreferenceModel - debate_rules/teams_in_debate	3		35	1
115	2025-12-17 14:27:19.017744+00	46	TournamentPreferenceModel - feedback/feedback_introduction	3		35	1
116	2025-12-17 14:27:19.017758+00	45	TournamentPreferenceModel - feedback/show_unaccredited	3		35	1
117	2025-12-17 14:27:19.017772+00	44	TournamentPreferenceModel - feedback/show_unexpected_feedback	3		35	1
118	2025-12-17 14:27:19.017785+00	43	TournamentPreferenceModel - feedback/feedback_from_teams	3		35	1
119	2025-12-17 14:27:19.017799+00	42	TournamentPreferenceModel - feedback/feedback_paths	3		35	1
120	2025-12-17 14:27:19.017812+00	41	TournamentPreferenceModel - feedback/adj_max_score	3		35	1
121	2025-12-17 14:27:19.017825+00	40	TournamentPreferenceModel - feedback/adj_min_score	3		35	1
122	2025-12-17 14:27:19.017839+00	39	TournamentPreferenceModel - draw_rules/max_times_on_one_side	3		35	1
123	2025-12-17 14:27:19.017852+00	38	TournamentPreferenceModel - draw_rules/bye_team_selection	3		35	1
124	2025-12-17 14:27:19.017866+00	37	TournamentPreferenceModel - draw_rules/bye_team_results	3		35	1
125	2025-12-17 14:27:19.017879+00	36	TournamentPreferenceModel - draw_rules/no_trainee_position	3		35	1
126	2025-12-17 14:27:19.017892+00	35	TournamentPreferenceModel - draw_rules/no_panellist_position	3		35	1
127	2025-12-17 14:27:19.017907+00	34	TournamentPreferenceModel - draw_rules/draw_skip_adj_checkins	3		35	1
128	2025-12-17 14:27:19.01792+00	33	TournamentPreferenceModel - draw_rules/bp_assignment_method	3		35	1
129	2025-12-17 14:27:19.017934+00	32	TournamentPreferenceModel - draw_rules/bp_position_cost_exponent	3		35	1
130	2025-12-17 14:27:19.017947+00	31	TournamentPreferenceModel - draw_rules/bp_renyi_order	3		35	1
131	2025-12-17 14:27:19.01796+00	30	TournamentPreferenceModel - draw_rules/bp_position_cost	3		35	1
132	2025-12-17 14:27:19.017974+00	29	TournamentPreferenceModel - draw_rules/bp_pullup_distribution	3		35	1
133	2025-12-17 14:27:19.017987+00	28	TournamentPreferenceModel - draw_rules/draw_pullup_penalty	3		35	1
134	2025-12-17 14:27:19.018+00	27	TournamentPreferenceModel - draw_rules/draw_pullup_restriction	3		35	1
135	2025-12-17 14:27:19.018014+00	26	TournamentPreferenceModel - draw_rules/draw_avoid_conflicts	3		35	1
136	2025-12-17 14:27:19.018027+00	25	TournamentPreferenceModel - draw_rules/draw_pairing_method	3		35	1
137	2025-12-17 14:27:19.01804+00	24	TournamentPreferenceModel - draw_rules/draw_side_allocations	3		35	1
138	2025-12-17 14:27:19.018054+00	23	TournamentPreferenceModel - draw_rules/draw_odd_bracket	3		35	1
139	2025-12-17 14:27:19.018069+00	22	TournamentPreferenceModel - draw_rules/max_times_per_side	3		35	1
140	2025-12-17 14:27:19.018082+00	21	TournamentPreferenceModel - draw_rules/pairing_penalty	3		35	1
141	2025-12-17 14:27:19.018095+00	20	TournamentPreferenceModel - draw_rules/side_penalty	3		35	1
142	2025-12-17 14:27:19.018109+00	19	TournamentPreferenceModel - draw_rules/pullup_debates_penalty	3		35	1
143	2025-12-17 14:27:19.018122+00	18	TournamentPreferenceModel - draw_rules/avoid_team_history	3		35	1
144	2025-12-17 14:27:19.018136+00	17	TournamentPreferenceModel - draw_rules/avoid_same_institution	3		35	1
145	2025-12-17 14:27:19.01815+00	16	TournamentPreferenceModel - draw_rules/team_history_penalty	3		35	1
146	2025-12-17 14:27:19.018163+00	15	TournamentPreferenceModel - draw_rules/team_institution_penalty	3		35	1
147	2025-12-17 14:27:19.018177+00	14	TournamentPreferenceModel - draw_rules/preformed_panel_mismatch_penalty	3		35	1
148	2025-12-17 14:27:19.01819+00	13	TournamentPreferenceModel - draw_rules/adj_history_penalty	3		35	1
149	2025-12-17 14:27:19.018203+00	12	TournamentPreferenceModel - draw_rules/adj_conflict_penalty	3		35	1
150	2025-12-17 14:27:19.018216+00	11	TournamentPreferenceModel - draw_rules/adj_min_voting_score	3		35	1
151	2025-12-17 14:27:19.01823+00	10	TournamentPreferenceModel - scoring/teamscore_includes_ghosts	3		35	1
152	2025-12-17 14:27:19.018244+00	9	TournamentPreferenceModel - scoring/ballot_introduction	3		35	1
153	2025-12-17 14:27:19.018259+00	8	TournamentPreferenceModel - scoring/margin_includes_dissenters	3		35	1
154	2025-12-17 14:27:19.018272+00	7	TournamentPreferenceModel - scoring/reply_score_step	3		35	1
155	2025-12-17 14:27:19.018286+00	6	TournamentPreferenceModel - scoring/reply_score_max	3		35	1
156	2025-12-17 14:27:19.0183+00	5	TournamentPreferenceModel - scoring/reply_score_min	3		35	1
157	2025-12-17 14:27:19.018313+00	4	TournamentPreferenceModel - scoring/maximum_margin	3		35	1
158	2025-12-17 14:27:19.018327+00	3	TournamentPreferenceModel - scoring/score_step	3		35	1
159	2025-12-17 14:27:19.018341+00	2	TournamentPreferenceModel - scoring/score_max	3		35	1
160	2025-12-17 14:27:19.018354+00	1	TournamentPreferenceModel - scoring/score_min	3		35	1
161	2025-12-17 14:28:27.970314+00	157	TournamentPreferenceModel - registration/team_register_message	3		35	1
162	2025-12-17 14:28:27.970372+00	156	TournamentPreferenceModel - registration/adjudicator_register_message	3		35	1
163	2025-12-17 14:28:27.970536+00	155	TournamentPreferenceModel - registration/institution_register_message	3		35	1
164	2025-12-17 14:28:27.970559+00	154	TournamentPreferenceModel - registration/code_name_generator	3		35	1
165	2025-12-17 14:28:27.970579+00	153	TournamentPreferenceModel - registration/open_adj_registration	3		35	1
166	2025-12-17 14:28:27.970599+00	152	TournamentPreferenceModel - registration/open_team_registration	3		35	1
167	2025-12-17 14:28:27.970616+00	151	TournamentPreferenceModel - registration/reg_institution_slots	3		35	1
168	2025-12-17 14:28:27.97063+00	150	TournamentPreferenceModel - registration/institution_participant_registration	3		35	1
169	2025-12-17 14:28:27.970645+00	149	TournamentPreferenceModel - registration/institution_registration	3		35	1
170	2025-12-17 14:28:27.97066+00	148	TournamentPreferenceModel - registration/reg_adjudicator_fields	3		35	1
171	2025-12-17 14:28:27.970674+00	147	TournamentPreferenceModel - registration/reg_speaker_fields	3		35	1
172	2025-12-17 14:28:27.970689+00	146	TournamentPreferenceModel - registration/reg_team_fields	3		35	1
173	2025-12-17 14:28:27.970703+00	145	TournamentPreferenceModel - registration/team_name_generator	3		35	1
174	2025-12-17 14:28:27.970718+00	144	TournamentPreferenceModel - registration/speakers_in_team	3		35	1
175	2025-12-17 14:28:27.970732+00	143	TournamentPreferenceModel - motions/enable_motion_reuse	3		35	1
176	2025-12-17 14:28:27.970746+00	142	TournamentPreferenceModel - motions/public_motions_order	3		35	1
177	2025-12-17 14:28:27.97076+00	141	TournamentPreferenceModel - motions/show_motions_in_results	3		35	1
178	2025-12-17 14:28:27.970884+00	140	TournamentPreferenceModel - motions/motion_vetoes_enabled	3		35	1
179	2025-12-17 14:28:27.9709+00	139	TournamentPreferenceModel - motions/enable_motions	3		35	1
180	2025-12-17 14:28:27.970914+00	138	TournamentPreferenceModel - None/team_email_message	3		35	1
181	2025-12-17 14:28:27.970928+00	137	TournamentPreferenceModel - None/team_email_subject	3		35	1
182	2025-12-17 14:28:27.970942+00	136	TournamentPreferenceModel - None/motion_email_message	3		35	1
183	2025-12-17 14:28:27.970957+00	135	TournamentPreferenceModel - None/motion_email_subject	3		35	1
184	2025-12-17 14:28:27.970971+00	134	TournamentPreferenceModel - None/url_email_message	3		35	1
185	2025-12-17 14:28:27.970984+00	133	TournamentPreferenceModel - None/url_email_subject	3		35	1
186	2025-12-17 14:28:27.970998+00	132	TournamentPreferenceModel - None/team_draw_email_message	3		35	1
187	2025-12-17 14:28:27.971012+00	131	TournamentPreferenceModel - None/team_draw_email_subject	3		35	1
188	2025-12-17 14:28:27.971025+00	130	TournamentPreferenceModel - None/adj_email_message	3		35	1
189	2025-12-17 14:28:27.971039+00	129	TournamentPreferenceModel - None/adj_email_subject	3		35	1
190	2025-12-17 14:28:27.971053+00	128	TournamentPreferenceModel - None/team_points_email_message	3		35	1
191	2025-12-17 14:28:27.971067+00	127	TournamentPreferenceModel - None/team_points_email_subject	3		35	1
192	2025-12-17 14:28:27.97108+00	126	TournamentPreferenceModel - email/ballot_email_message	3		35	1
193	2025-12-17 14:28:27.971093+00	125	TournamentPreferenceModel - email/ballot_email_subject	3		35	1
194	2025-12-17 14:28:27.971107+00	124	TournamentPreferenceModel - email/enable_ballot_receipts	3		35	1
195	2025-12-17 14:28:27.97112+00	123	TournamentPreferenceModel - email/email_hook_key	3		35	1
196	2025-12-17 14:28:27.971133+00	122	TournamentPreferenceModel - email/reply_to_address	3		35	1
197	2025-12-17 14:28:27.971146+00	121	TournamentPreferenceModel - email/reply_to_name	3		35	1
198	2025-12-17 14:28:27.97116+00	120	TournamentPreferenceModel - ui_options/show_seed_in_importer	3		35	1
199	2025-12-17 14:28:27.971172+00	119	TournamentPreferenceModel - ui_options/show_speakers_in_draw	3		35	1
200	2025-12-17 14:28:27.971185+00	118	TournamentPreferenceModel - ui_options/show_adjudicator_institutions	3		35	1
201	2025-12-17 14:28:27.971199+00	117	TournamentPreferenceModel - ui_options/show_team_institutions	3		35	1
202	2025-12-17 14:28:27.971213+00	116	TournamentPreferenceModel - ui_options/show_emoji	3		35	1
203	2025-12-17 14:28:27.971225+00	115	TournamentPreferenceModel - ui_options/participant_code_names	3		35	1
204	2025-12-17 14:28:27.971238+00	114	TournamentPreferenceModel - ui_options/team_code_names	3		35	1
205	2025-12-17 14:28:27.971251+00	113	TournamentPreferenceModel - ui_options/show_splitting_adjudicators	3		35	1
206	2025-12-17 14:28:27.971265+00	112	TournamentPreferenceModel - public_features/welcome_message	3		35	1
207	2025-12-17 14:28:27.971279+00	111	TournamentPreferenceModel - public_features/tournament_staff	3		35	1
208	2025-12-17 14:28:27.971292+00	110	TournamentPreferenceModel - public_features/public_schedule	3		35	1
209	2025-12-17 14:28:27.971305+00	109	TournamentPreferenceModel - public_features/feedback_progress	3		35	1
210	2025-12-17 14:28:27.971318+00	108	TournamentPreferenceModel - public_features/public_breaking_adjs	3		35	1
211	2025-12-17 14:28:27.97133+00	107	TournamentPreferenceModel - public_features/public_breaking_teams	3		35	1
212	2025-12-17 14:28:27.971343+00	106	TournamentPreferenceModel - public_features/public_record	3		35	1
213	2025-12-17 14:28:27.971356+00	105	TournamentPreferenceModel - public_features/public_team_standings	3		35	1
214	2025-12-17 14:28:27.971369+00	104	TournamentPreferenceModel - public_features/public_motions	3		35	1
215	2025-12-17 14:28:27.971382+00	103	TournamentPreferenceModel - public_features/public_results	3		35	1
216	2025-12-17 14:28:27.971394+00	102	TournamentPreferenceModel - public_features/public_draw	3		35	1
217	2025-12-17 14:28:27.971407+00	101	TournamentPreferenceModel - public_features/public_side_allocations	3		35	1
218	2025-12-17 14:28:27.971421+00	100	TournamentPreferenceModel - public_features/public_break_categories	3		35	1
219	2025-12-17 14:29:00.403654+00	3	uzun oraplar in [tenzilepratik/T1/1] uzun oraplar (Team 3)	3	\nIP: 2a00:1d34:81d:6b01:2813:e837:b98a:ee83	30	1
220	2025-12-19 09:17:34.290821+00	195	c in [jhasdhjsa/T1/49] c (hkmet kapan), d (muhalefet kapan)	3	\nIP: 2a00:1d34:81d:6b01:50d5:ddf6:4628:43a9	30	1
221	2025-12-20 18:50:11.730479+00	61	[Tgva  Anadolu] Tur 3	2	[{"changed": {"fields": ["Silent"]}}, {"identity": {"ip": "46.2.216.195"}}]	53	1
\.


--
-- Data for Name: django_content_type; Type: TABLE DATA; Schema: public; Owner: tabbycat
--

COPY public.django_content_type (id, app_label, model) FROM stdin;
1	jet	bookmark
2	jet	pinnedapplication
3	admin	logentry
4	auth	permission
5	auth	group
6	auth	user
7	contenttypes	contenttype
8	sessions	session
9	django_summernote	attachment
10	actionlog	actionlogentry
11	adjallocation	adjudicatoradjudicatorconflict
12	adjallocation	adjudicatorinstitutionconflict
13	adjallocation	debateadjudicator
14	adjallocation	teaminstitutionconflict
15	adjallocation	adjudicatorteamconflict
16	adjallocation	preformedpanel
17	adjallocation	preformedpaneladjudicator
18	adjfeedback	adjudicatorfeedback
19	adjfeedback	adjudicatorfeedbackquestion
20	adjfeedback	adjudicatorbasescorehistory
21	availability	roundavailability
22	breakqual	breakcategory
23	breakqual	breakingteam
24	checkins	event
25	checkins	identifier
26	checkins	debateidentifier
27	checkins	personidentifier
28	checkins	venueidentifier
29	draw	debate
30	draw	debateteam
31	draw	teamsideallocation
32	motions	debateteammotionpreference
33	motions	motion
34	motions	roundmotion
35	options	tournamentpreferencemodel
36	participants	institution
37	participants	person
38	participants	region
39	participants	speakercategory
40	participants	team
41	participants	adjudicator
42	participants	speaker
43	participants	tournamentinstitution
44	participants	coach
45	results	ballotsubmission
46	results	speakerscore
47	results	speakerscorebyadj
48	results	teamscore
49	results	teamscorebyadj
50	results	scorecriterion
51	results	speakercriterionscorebyadj
52	results	speakercriterionscore
53	tournaments	round
54	tournaments	tournament
55	tournaments	scheduleevent
56	venues	venue
57	venues	venuecategory
58	venues	venueconstraint
59	users	group
60	users	userpermission
61	users	membership
62	notifications	bulknotification
63	notifications	emailstatus
64	notifications	sentmessage
65	notifications	participantwebpushdevice
66	registration	question
67	registration	answer
68	registration	invitation
69	dynamic_preferences	globalpreferencemodel
70	authtoken	token
71	authtoken	tokenproxy
72	push_notifications	apnsdevice
73	push_notifications	gcmdevice
74	push_notifications	wnsdevice
75	push_notifications	webpushdevice
\.


--
-- Data for Name: django_migrations; Type: TABLE DATA; Schema: public; Owner: tabbycat
--

COPY public.django_migrations (id, app, name, applied) FROM stdin;
1	contenttypes	0001_initial	2025-11-20 00:28:05.111173+00
2	auth	0001_initial	2025-11-20 00:28:05.158031+00
3	breakqual	0001_initial	2025-11-20 00:28:05.171686+00
4	tournaments	0001_initial	2025-11-20 00:28:05.35196+00
5	contenttypes	0002_remove_content_type_name	2025-11-20 00:28:05.368779+00
6	actionlog	0001_initial	2025-11-20 00:28:05.384463+00
7	actionlog	0002_auto_20171110_0905	2025-11-20 00:28:05.42483+00
8	actionlog	0003_auto_20180305_1543	2025-11-20 00:28:05.435425+00
9	actionlog	0003_auto_20180304_2218	2025-11-20 00:28:05.445837+00
10	actionlog	0004_merge_20180307_2015	2025-11-20 00:28:05.447865+00
11	actionlog	0005_auto_20180312_1733	2025-11-20 00:28:05.457961+00
12	actionlog	0006_auto_20180318_2355	2025-11-20 00:28:05.468748+00
13	actionlog	0007_auto_20180402_1620	2025-11-20 00:28:05.479759+00
14	actionlog	0008_auto_20180928_1441	2025-11-20 00:28:05.493557+00
15	actionlog	0009_auto_20181224_1719	2025-11-20 00:28:05.504017+00
16	actionlog	0010_auto_20191109_1240	2025-11-20 00:28:05.514695+00
17	actionlog	0011_auto_20200613_2006	2025-11-20 00:28:05.526382+00
18	actionlog	0012_auto_20200705_1317	2025-11-20 00:28:05.54833+00
19	actionlog	0013_actionlogentry_agent_alter_actionlogentry_type	2025-11-20 00:28:05.574935+00
20	options	0001_initial	2025-11-20 00:28:05.604574+00
21	options	0002_move_welcome_message	2025-11-20 00:28:05.607477+00
22	tournaments	0002_remove_tournament_welcome_msg	2025-11-20 00:28:05.616421+00
23	divisions	0001_initial	2025-11-20 00:28:05.635614+00
24	adjallocation	0001_initial	2025-11-20 00:28:05.64815+00
25	participants	0001_initial	2025-11-20 00:28:05.936854+00
26	participants	0002_auto_20180320_1018	2025-11-20 00:28:05.975437+00
27	participants	0003_auto_20180307_2202	2025-11-20 00:28:06.050229+00
28	participants	0004_team_code_name	2025-11-20 00:28:06.051522+00
29	participants	0005_auto_20180310_1035	2025-11-20 00:28:06.052291+00
30	participants	0006_auto_20180312_2218	2025-11-20 00:28:06.052792+00
31	participants	0007_auto_20180318_2355	2025-11-20 00:28:06.053159+00
32	participants	0008_auto_20180401_1036	2025-11-20 00:28:06.053495+00
33	participants	0009_auto_20180331_2259	2025-11-20 00:28:06.053821+00
34	participants	0010_auto_20180409_1945	2025-11-20 00:28:06.054143+00
35	participants	0010_auto_20180409_1118	2025-11-20 00:28:06.054443+00
36	participants	0004_auto_20180420_2040	2025-11-20 00:28:06.08126+00
37	participants	0005_auto_20180717_0820	2025-11-20 00:28:06.169197+00
38	participants	0006_auto_20180807_2132	2025-11-20 00:28:06.193818+00
39	participants	0007_auto_20180909_2156	2025-11-20 00:28:06.218707+00
40	participants	0008_auto_20181224_1719	2025-11-20 00:28:06.256288+00
41	participants	0009_auto_20190227_2310	2025-11-20 00:28:06.282899+00
42	participants	0011_remove_league_fields	2025-11-20 00:28:06.324809+00
43	participants	0012_auto_20190907_1144	2025-11-20 00:28:06.571726+00
44	participants	0013_rename_test_score	2025-11-20 00:28:06.608793+00
45	tournaments	0003_round_completed	2025-11-20 00:28:06.627251+00
46	tournaments	0004_convert_current_round_to_completed	2025-11-20 00:28:06.656398+00
47	tournaments	0005_remove_tournament_current_round	2025-11-20 00:28:06.686717+00
48	draw	0001_initial	2025-11-20 00:28:06.788661+00
49	adjallocation	0002_debateadjudicator_adjudicator	2025-11-20 00:28:06.828732+00
50	adjallocation	0003_auto_20171110_0905	2025-11-20 00:28:07.098713+00
51	adjallocation	0004_add_teaminstitutionconflict	2025-11-20 00:28:07.156176+00
52	adjallocation	0005_populate_teaminstitutionconflict	2025-11-20 00:28:07.15903+00
53	adjallocation	0006_auto_20180919_2143	2025-11-20 00:28:07.494783+00
54	adjallocation	0007_preformedpanel_preformedpaneladjudicator	2025-11-20 00:28:07.567548+00
55	adjallocation	0008_auto_20181019_2059	2025-11-20 00:28:07.606756+00
56	participants	0014_auto_20200613_2006	2025-11-20 00:28:07.720767+00
57	participants	0017_auto_20200724_0231	2025-11-20 00:28:07.788356+00
58	participants	0015_auto_20200614_1831	2025-11-20 00:28:07.819759+00
59	participants	0016_auto_20200705_1317	2025-11-20 00:28:07.827722+00
60	participants	0018_merge_20200904_1733	2025-11-20 00:28:07.829743+00
61	participants	0019_auto_20201216_1415	2025-11-20 00:28:07.888515+00
62	participants	0020_person_code_name	2025-11-20 00:28:07.897474+00
63	participants	0021_team_seed	2025-11-20 00:28:07.921576+00
64	venues	0001_initial	2025-11-20 00:28:08.05308+00
65	venues	0002_auto_20180218_1311	2025-11-20 00:28:08.089211+00
66	venues	0003_auto_20180305_1544	2025-11-20 00:28:08.345414+00
67	venues	0004_auto_20180307_2217	2025-11-20 00:28:08.380124+00
68	venues	0005_remove_league_fields	2025-11-20 00:28:08.419695+00
69	tournaments	0006_auto_20191109_1240	2025-11-20 00:28:08.439486+00
70	venues	0006_auto_20191217_1024	2025-11-20 00:28:08.513337+00
71	venues	0007_auto_20200608_1134	2025-11-20 00:28:08.701001+00
72	venues	0008_auto_20200705_1525	2025-11-20 00:28:08.737124+00
73	draw	0002_auto_20171110_0905	2025-11-20 00:28:08.797129+00
74	draw	0003_remove_debate_ballot_in	2025-11-20 00:28:08.813614+00
75	draw	0004_remove_league_fields	2025-11-20 00:28:08.876087+00
76	draw	0005_auto_20200705_1525	2025-11-20 00:28:08.913075+00
77	draw	0005_auto_20200613_0952	2025-11-20 00:28:09.013718+00
78	draw	0006_merge_20200904_1639	2025-11-20 00:28:09.015822+00
79	draw	0007_auto_20201003_0205	2025-11-20 00:28:09.269174+00
80	draw	0008_alter_debateteam_side_alter_teamsideallocation_side	2025-11-20 00:28:09.310805+00
81	adjallocation	0009_auto_20200902_1208	2025-11-20 00:28:09.329933+00
82	adjallocation	0010_alter_adjudicatoradjudicatorconflict_unique_together_and_more	2025-11-20 00:28:09.530178+00
83	tournaments	0007_auto_20200620_1326	2025-11-20 00:28:09.55503+00
84	tournaments	0008_round_weight	2025-11-20 00:28:09.577776+00
85	tournaments	0009_auto_20201126_0037	2025-11-20 00:28:09.60466+00
86	tournaments	0010_alter_round_draw_type	2025-11-20 00:28:09.626598+00
87	motions	0001_initial	2025-11-20 00:28:09.680646+00
88	results	0001_initial	2025-11-20 00:28:09.974324+00
89	results	0002_remove_ballotsubmission_copied_from	2025-11-20 00:28:10.251317+00
90	results	0003_remove_league_fields	2025-11-20 00:28:10.319183+00
91	results	0004_auto_20200705_1317	2025-11-20 00:28:10.39918+00
92	results	0005_ballotsubmission_participant_submitter	2025-11-20 00:28:10.444393+00
93	results	0005_auto_20200902_1208	2025-11-20 00:28:10.466345+00
94	results	0006_merge_20200904_1743	2025-11-20 00:28:10.469158+00
95	results	0004_create_teamscorebyadj	2025-11-20 00:28:10.584344+00
96	results	0007_merge_20200916_2215	2025-11-20 00:28:10.586048+00
97	results	0008_auto_20201126_0037	2025-11-20 00:28:10.608085+00
98	options	0003_split_up_ballots_per_debate	2025-11-20 00:28:10.613269+00
99	options	0004_convert_tournament_staff	2025-11-20 00:28:10.617361+00
100	options	0005_speaker_standings	2025-11-20 00:28:10.621187+00
101	options	0006_convert_public_draw	2025-11-20 00:28:10.625092+00
102	options	0007_auto_20181224_1719	2025-11-20 00:28:10.660752+00
103	options	0008_auto_20190906_1310	2025-11-20 00:28:10.680287+00
104	options	0009_create_motions_section	2025-11-20 00:28:10.68533+00
105	motions	0002_auto_20171110_0905	2025-11-20 00:28:10.848493+00
106	motions	0003_auto_20180402_1620	2025-11-20 00:28:10.864643+00
107	motions	0004_remove_league_fields	2025-11-20 00:28:10.922518+00
108	motions	0005_round_motions	2025-11-20 00:28:11.460506+00
109	motions	0006_auto_20201101_0138	2025-11-20 00:28:11.461873+00
110	results	0009_ballotsubmission_motions	2025-11-20 00:28:11.468193+00
111	results	0009_auto_20210227_1757	2025-11-20 00:28:11.522758+00
112	results	0010_merge_20210919_1206	2025-11-20 00:28:11.524559+00
113	tournaments	0011_alter_round_starts_at	2025-11-20 00:28:11.624535+00
114	breakqual	0002_auto_20171110_0905	2025-11-20 00:28:11.835136+00
115	breakqual	0003_breakcategory_limit	2025-11-20 00:28:12.094973+00
116	breakqual	0004_auto_20190530_2257	2025-11-20 00:28:12.142026+00
117	breakqual	0005_remove_league_fields	2025-11-20 00:28:12.188544+00
118	breakqual	0006_alter_breakcategory_unique_together_and_more	2025-11-20 00:28:12.390067+00
119	tournaments	0012_alter_round_unique_together_and_more	2025-11-20 00:28:12.474724+00
120	tournaments	0013_scheduleevent	2025-11-20 00:28:12.530223+00
121	adjfeedback	0001_initial	2025-11-20 00:28:12.568325+00
122	adjfeedback	0002_auto_20171110_0905	2025-11-20 00:28:13.447544+00
123	adjfeedback	0003_auto_20171110_0905	2025-11-20 00:28:13.893826+00
124	adjfeedback	0004_adjudicatorfeedback_ignored	2025-11-20 00:28:13.93134+00
125	adjfeedback	0005_auto_20180928_1441	2025-11-20 00:28:13.960869+00
126	adjfeedback	0006_auto_20191109_1240	2025-11-20 00:28:14.063176+00
127	adjfeedback	0007_auto_20200613_2006	2025-11-20 00:28:14.097926+00
128	adjfeedback	0008_auto_20200705_1317	2025-11-20 00:28:14.204967+00
129	adjfeedback	0007_auto_20200613_1527	2025-11-20 00:28:14.343909+00
130	adjfeedback	0009_merge_20200904_1639	2025-11-20 00:28:14.345275+00
131	adjfeedback	0009_adjudicatorfeedback_participant_submitter	2025-11-20 00:28:14.399686+00
132	adjfeedback	0010_merge_20200904_1943	2025-11-20 00:28:14.401348+00
133	adjfeedback	0011_auto_20210102_1337	2025-11-20 00:28:14.448013+00
134	adjfeedback	0012_adjudicatorfeedback_private_url	2025-11-20 00:28:14.488438+00
135	adjfeedback	0013_alter_adjudicatorfeedback_confirmer_and_more	2025-11-20 00:28:14.854411+00
136	adjfeedback	0014_alter_adjudicatorfeedback_submitter_type	2025-11-20 00:28:14.892837+00
137	adjfeedback	0015_alter_adjudicatorfeedback_unique_together_and_more	2025-11-20 00:28:15.238761+00
138	adjfeedback	0016_question_and_more	2025-11-20 00:28:18.58363+00
139	adjfeedback	0017_rename_question_models	2025-11-20 00:28:18.876153+00
140	registration	0001_initial	2025-11-20 00:28:19.280401+00
141	adjfeedback	0018_null_op_registration	2025-11-20 00:28:19.328908+00
142	adjfeedback	0019_merge_20241106_0903	2025-11-20 00:28:19.33105+00
143	admin	0001_initial	2025-11-20 00:28:19.389674+00
144	admin	0002_logentry_remove_auto_add	2025-11-20 00:28:19.406846+00
145	admin	0003_logentry_add_action_flag_choices	2025-11-20 00:28:19.423464+00
146	auth	0002_alter_permission_name_max_length	2025-11-20 00:28:19.474552+00
147	auth	0003_alter_user_email_max_length	2025-11-20 00:28:19.494336+00
148	auth	0004_alter_user_username_opts	2025-11-20 00:28:19.511427+00
149	auth	0005_alter_user_last_login_null	2025-11-20 00:28:19.527683+00
150	auth	0006_require_contenttypes_0002	2025-11-20 00:28:19.529416+00
151	auth	0007_alter_validators_add_error_messages	2025-11-20 00:28:19.557859+00
152	auth	0008_alter_user_username_max_length	2025-11-20 00:28:19.575126+00
153	auth	0009_alter_user_last_name_max_length	2025-11-20 00:28:19.589104+00
154	auth	0010_alter_group_name_max_length	2025-11-20 00:28:19.643077+00
155	auth	0011_update_proxy_permissions	2025-11-20 00:28:19.692063+00
156	auth	0012_alter_user_first_name_max_length	2025-11-20 00:28:19.706574+00
157	authtoken	0001_initial	2025-11-20 00:28:19.763563+00
158	authtoken	0002_auto_20160226_1747	2025-11-20 00:28:19.849338+00
159	authtoken	0003_tokenproxy	2025-11-20 00:28:19.852649+00
160	authtoken	0004_alter_tokenproxy_options	2025-11-20 00:28:19.858604+00
161	availability	0001_initial	2025-11-20 00:28:19.913203+00
162	availability	0002_auto_20171110_0905	2025-11-20 00:28:20.201388+00
163	availability	0003_auto_20180218_1311	2025-11-20 00:28:20.251812+00
164	availability	0004_auto_20180305_1544	2025-11-20 00:28:20.30415+00
165	availability	0005_auto_20180307_2217	2025-11-20 00:28:20.354689+00
166	availability	0006_alter_roundavailability_unique_together_and_more	2025-11-20 00:28:20.395181+00
167	breakqual	0007_breakcategory_reserve_size_alter_breakingteam_remark	2025-11-20 00:28:20.475581+00
168	checkins	0001_initial	2025-11-20 00:28:21.140874+00
169	checkins	0002_auto_20180302_1125	2025-11-20 00:28:21.142204+00
170	checkins	0003_auto_20180302_1232	2025-11-20 00:28:21.143145+00
171	checkins	0004_auto_20180304_2218	2025-11-20 00:28:21.144142+00
172	checkins	0005_event_tournament	2025-11-20 00:28:21.145115+00
173	checkins	0006_auto_20180316_1722	2025-11-20 00:28:21.146096+00
174	checkins	0007_auto_20180316_1750	2025-11-20 00:28:21.146589+00
175	checkins	0002_auto_20180420_2044	2025-11-20 00:28:21.156084+00
176	checkins	0003_auto_20181224_1549	2025-11-20 00:28:21.233377+00
177	checkins	0004_auto_20200613_2006	2025-11-20 00:28:21.243388+00
178	checkins	0005_alter_identifier_polymorphic_ctype	2025-11-20 00:28:21.295173+00
179	divisions	0002_auto_20171110_0905	2025-11-20 00:28:21.397556+00
180	divisions	0003_remove_league_fields	2025-11-20 00:28:21.583483+00
181	django_summernote	0001_initial	2025-11-20 00:28:21.589736+00
182	django_summernote	0002_update-help_text	2025-11-20 00:28:21.594499+00
183	participants	0022_rename_team_tournament_institution_short_reference_participant_tournam_160efa_idx_and_more	2025-11-20 00:28:22.113736+00
184	draw	0009_alter_teamsideallocation_unique_together_and_more	2025-11-20 00:28:22.182114+00
185	draw	0010_alter_debateteam_side_alter_teamsideallocation_side	2025-11-20 00:28:22.434782+00
186	dynamic_preferences	0001_initial	2025-11-20 00:28:22.448227+00
187	dynamic_preferences	0002_auto_20150712_0332	2025-11-20 00:28:22.455996+00
188	dynamic_preferences	0003_auto_20151223_1407	2025-11-20 00:28:22.463012+00
189	dynamic_preferences	0004_move_user_model	2025-11-20 00:28:22.465097+00
190	dynamic_preferences	0005_auto_20181120_0848	2025-11-20 00:28:22.475005+00
191	dynamic_preferences	0006_auto_20191001_2236	2025-11-20 00:28:22.482565+00
192	jet	0001_initial	2025-11-20 00:28:22.826294+00
193	jet	0002_delete_userdashboardmodule	2025-11-20 00:28:22.827374+00
194	jet	0003_auto_20201228_1540	2025-11-20 00:28:22.828316+00
195	jet	0004_auto_20201228_1802	2025-11-20 00:28:22.829298+00
196	results	0011_rename_single_adj	2025-11-20 00:28:22.889149+00
197	results	0012_alter_ballotsubmission_confirmer_and_more	2025-11-20 00:28:23.063493+00
198	results	0013_teamscore_has_ghost	2025-11-20 00:28:23.089312+00
199	results	0014_speakerscore_rank	2025-11-20 00:28:23.11635+00
200	results	0015_alter_ballotsubmission_submitter_type	2025-11-20 00:28:23.149057+00
201	motions	0006_alter_debateteammotionpreference_unique_together_and_more	2025-11-20 00:28:23.238595+00
202	push_notifications	0001_initial	2025-11-20 00:28:23.363661+00
203	push_notifications	0002_auto_20160106_0850	2025-11-20 00:28:23.387294+00
204	push_notifications	0003_wnsdevice	2025-11-20 00:28:23.696873+00
205	push_notifications	0004_fcm	2025-11-20 00:28:23.71716+00
206	push_notifications	0005_applicationid	2025-11-20 00:28:23.770572+00
207	push_notifications	0006_webpushdevice	2025-11-20 00:28:23.834535+00
208	push_notifications	0007_uniquesetting	2025-11-20 00:28:23.946619+00
209	push_notifications	0008_webpush_add_edge	2025-11-20 00:28:23.966285+00
210	push_notifications	0009_alter_apnsdevice_device_id	2025-11-20 00:28:23.987911+00
211	push_notifications	0010_alter_gcmdevice_options_and_more	2025-11-20 00:28:24.027121+00
212	push_notifications	0011_alter_apnsdevice_registration_id	2025-11-20 00:28:24.049708+00
213	participants	0023_alter_unique_together_and_team_emoji	2025-11-20 00:28:24.142972+00
214	participants	0024_tournamentinstitution	2025-11-20 00:28:24.211392+00
215	participants	0025_alter_tournamentinstitution_teams_allocated_coach	2025-11-20 00:28:24.278033+00
216	participants	0026_alter_tournamentinstitution_options_and_more	2025-11-20 00:28:24.360765+00
217	participants	0027_alter_tournamentinstitution_adjudicators_allocated_and_more	2025-11-20 00:28:24.41419+00
218	participants	0028_alter_tournamentinstitution_adjudicators_requested_and_more	2025-11-20 00:28:24.477035+00
219	participants	0029_alter_person_last_name	2025-11-20 00:28:24.490432+00
220	notifications	0001_initial	2025-11-20 00:28:24.807158+00
221	notifications	0002_rename_recipient	2025-11-20 00:28:24.852544+00
222	notifications	0003_home_page_email	2025-11-20 00:28:24.889334+00
223	notifications	0004_expand_model	2025-11-20 00:28:25.264524+00
224	notifications	0005_auto_20180915_1152	2025-11-20 00:28:25.298925+00
225	notifications	0006_separate_tables	2025-11-20 00:28:25.86804+00
226	notifications	0007_migrate_data	2025-11-20 00:28:25.995118+00
227	notifications	0008_remove_deprecated	2025-11-20 00:28:26.622006+00
228	notifications	0009_auto_20181126_1001	2025-11-20 00:28:26.65418+00
229	notifications	0010_auto_20190113_1952	2025-11-20 00:28:26.743056+00
230	notifications	0011_auto_20200902_1208	2025-11-20 00:28:26.76852+00
231	notifications	0012_auto_20201018_2128	2025-11-20 00:28:26.874786+00
232	notifications	0013_alter_bulknotification_event	2025-11-20 00:28:26.90536+00
233	notifications	0014_alter_emailstatus_event_participantwebpushdevice	2025-11-20 00:28:26.982597+00
234	options	0010_teams_in_debate	2025-11-20 00:28:26.985365+00
235	privateurls	0001_initial	2025-11-20 00:28:27.058687+00
236	privateurls	0002_auto_20180706_0400	2025-11-20 00:28:27.412666+00
237	registration	0002_invitation_and_more	2025-11-20 00:28:27.527708+00
238	results	0016_rename_speakerscorebyadj_ballot_submission_debate_adjudicator_results_spe_ballot__667598_idx_and_mor	2025-11-20 00:28:27.944706+00
239	results	0017_scorecriterion_speakercriterionscorebyadj_and_more	2025-11-20 00:28:28.482102+00
240	results	0018_ballotsubmission_forfeit	2025-11-20 00:28:28.521472+00
241	sessions	0001_initial	2025-11-20 00:28:28.530073+00
242	tournaments	0014_round_motions_status	2025-11-20 00:28:28.609796+00
243	users	0001_initial	2025-11-20 00:28:28.927063+00
244	venues	0009_auto_20210307_1810	2025-11-20 00:28:29.004823+00
245	venues	0010_populate_tournaments	2025-11-20 00:28:29.441259+00
246	venues	0011_alter_venue_options_alter_venue_index_together_and_more	2025-11-20 00:28:29.564845+00
247	jet	0001_squashed_0004_auto_20201228_1802	2025-11-20 00:28:29.575369+00
248	checkins	0001_initial_squashed_0007_auto_20180316_1750	2025-11-20 00:28:29.576549+00
249	motions	0005_motions_mtm	2025-11-20 00:28:29.577524+00
250	participants	0002_auto_20171201_1130	2025-11-20 00:28:29.578484+00
251	participants	0003_auto_20180307_2202_squashed_0010_auto_20180409_1118	2025-11-20 00:28:29.579473+00
\.


--
-- Data for Name: django_session; Type: TABLE DATA; Schema: public; Owner: tabbycat
--

COPY public.django_session (session_key, session_data, expire_date) FROM stdin;
\.


--
-- Data for Name: django_summernote_attachment; Type: TABLE DATA; Schema: public; Owner: tabbycat
--

COPY public.django_summernote_attachment (id, name, file, uploaded) FROM stdin;
\.


--
-- Data for Name: draw_debate; Type: TABLE DATA; Schema: public; Owner: tabbycat
--

COPY public.draw_debate (id, bracket, room_rank, importance, result_status, sides_confirmed, round_id, venue_id, flags) FROM stdin;
29	0	0	0	C	t	5	11	{}
211	0	1	0	C	t	26	22	{}
212	0	2	0	C	t	26	23	{}
47	0	1	0	C	t	9	8	{}
3	0	0	0	C	t	1	1	{}
2	0	0	0	C	t	1	2	{}
1	0	0	0	C	t	1	6	{}
6	0	0	0	C	t	1	4	{}
7	0	0	0	C	t	1	5	{}
4	0	0	0	C	t	1	3	{}
5	0	0	0	C	t	1	7	{}
41	2	5	0	C	t	7	12	{}
12	3	1	0	C	t	2	7	{}
8	0	7	0	C	t	2	1	{}
13	1	6	0	C	t	2	3	{}
14	2	3	0	C	t	2	2	{}
9	2	4	0	C	t	2	5	{}
10	1	5	0	C	t	2	4	{}
11	3	2	0	C	t	2	6	{}
48	0	2	0	C	t	9	13	{}
72	0	1	0	C	t	14	14	{}
40	2	3	0	C	t	6	8	{}
35	0	6	0	C	t	6	9	{}
36	3	1	0	C	t	6	10	{}
39	1	5	0	C	t	6	13	{}
28	3	6	0	C	t	4	7	{}
37	1	4	0	C	t	6	12	{}
19	1	7	0	C	t	3	5	{}
17	3	4	0	C	t	3	1	{}
21	2	6	0	C	t	3	4	{}
16	3	5	0	C	t	3	7	{}
25	4	5	0	C	t	4	1	{}
38	3	2	0	C	t	6	11	{}
20	4	3	0	C	t	3	3	{}
18	6	1	0	C	t	3	6	{}
71	0	2	0	C	t	14	19	{}
15	5	2	0	C	t	3	2	{}
26	7	2	0	C	t	4	4	{}
23	5	3	0	C	t	4	5	{}
22	5	4	0	C	t	4	3	{}
24	2	7	0	C	t	4	2	{}
27	9	1	0	C	t	4	6	{}
46	1	6	0	C	t	7	9	{}
44	3	4	0	C	t	7	10	{}
43	4	3	0	C	t	7	8	{}
30	0	0	0	C	t	5	10	{}
34	0	0	0	C	t	5	9	{}
31	0	0	0	C	t	5	8	{}
32	0	0	0	C	t	5	12	{}
33	0	0	0	C	t	5	13	{}
45	5	2	0	C	t	7	13	{}
42	6	1	0	C	t	7	11	{}
50	0	0	0	C	t	15	20	{}
49	0	0	0	C	t	15	21	{}
51	1	2	0	N	t	16	21	{}
52	3	1	0	N	t	16	20	{}
181	0	4	0	C	t	27	22	{}
180	0	2	0	C	t	27	25	{}
182	0	1	0	C	t	27	23	{}
179	0	3	0	C	t	27	24	{}
59	1	5	0	C	t	11	16	{}
61	2	3	0	C	t	11	18	{}
53	0	0	0	C	t	10	14	{}
56	0	0	0	C	t	10	18	{}
54	0	0	0	C	t	10	17	{}
58	0	0	0	C	t	10	15	{}
57	0	0	0	C	t	10	16	{}
55	0	0	0	C	t	10	19	{}
60	0	6	0	C	t	11	15	{}
62	3	1	0	C	t	11	14	{}
64	3	2	0	C	t	11	17	{}
63	1	4	0	C	t	11	19	{}
66	3	4	0	C	t	12	19	{}
67	1	6	0	C	t	12	16	{}
69	4	3	0	C	t	12	18	{}
68	4	2	0	C	t	12	15	{}
65	2	5	0	C	t	12	14	{}
70	6	1	0	C	t	12	17	{}
75	0	0	0	C	t	21	25	{}
74	0	0	0	C	t	21	24	{}
73	0	0	0	C	t	21	30	{}
85	0	0	0	C	t	21	22	{}
84	0	0	0	C	t	21	23	{}
119	5	6	0	C	t	24	27	{}
259	3	6	0	C	t	52	76	{}
116	6	5	0	C	t	24	25	{}
113	4	8	0	C	t	24	29	{}
260	0	26	0	C	t	52	56	{}
258	0	25	0	C	t	52	68	{}
83	0	0	0	C	t	21	33	{}
77	0	0	0	C	t	21	32	{}
81	0	0	0	C	t	21	31	{}
82	0	0	0	C	t	21	29	{}
78	0	0	0	C	t	21	28	{}
80	0	0	0	C	t	21	27	{}
76	0	0	0	C	t	21	26	{}
257	1	17	0	C	t	52	73	{}
261	3	1	0	C	t	52	79	{}
79	0	0	0	C	t	21	34	{}
96	3	4	0	C	t	22	24	{}
93	0	13	0	C	t	22	28	{}
92	3	3	0	C	t	22	25	{}
95	0	12	0	C	t	22	31	{}
89	3	1	0	C	t	22	23	{}
98	0	11	0	C	t	22	32	{}
91	2	6	0	C	t	22	33	{}
86	3	2	0	C	t	22	26	{}
87	1	8	0	C	t	22	34	{}
94	1	10	0	C	t	22	29	{}
88	1	9	0	C	t	22	27	{}
97	2	7	0	C	t	22	30	{}
90	2	5	0	C	t	22	22	{}
214	0	8	0	C	t	29	48	{}
224	1	4	0	C	t	29	53	{}
219	0	9	0	C	t	29	39	{}
216	1	2	0	C	t	29	47	{}
104	6	1	0	C	t	23	23	{}
109	1	12	0	C	t	23	30	{}
110	4	5	0	C	t	23	32	{}
106	3	9	0	C	t	23	29	{}
100	3	8	0	C	t	23	26	{}
107	2	11	0	C	t	23	31	{}
105	5	3	0	C	t	23	27	{}
101	5	2	0	C	t	23	25	{}
108	2	10	0	C	t	23	28	{}
99	3	6	0	C	t	23	24	{}
102	3	7	0	C	t	23	22	{}
103	4	4	0	C	t	23	33	{}
220	1	1	0	C	t	29	51	{}
228	0	1	0	C	t	13	14	{}
222	0	14	0	C	t	29	46	{}
213	0	13	0	C	t	29	45	{}
217	0	12	0	C	t	29	44	{}
221	0	11	0	C	t	29	49	{}
225	0	10	0	C	t	29	41	{}
252	0	0	0	C	t	51	61	{}
223	1	7	0	C	t	29	42	{}
226	1	5	0	C	t	29	40	{}
215	1	6	0	C	t	29	50	{}
112	4	7	0	C	t	24	28	{}
114	2	12	0	C	t	24	31	{}
121	3	11	0	C	t	24	23	{}
120	3	10	0	C	t	24	32	{}
218	1	3	0	C	t	29	43	{}
111	4	9	0	C	t	24	30	{}
117	9	1	0	C	t	24	22	{}
118	6	3	0	C	t	24	26	{}
122	7	2	0	C	t	24	33	{}
115	6	4	0	C	t	24	24	{}
250	0	0	0	C	t	51	72	{}
251	0	0	0	C	t	51	59	{}
254	0	0	0	C	t	51	56	{}
253	0	0	0	C	t	51	79	{}
248	0	0	0	C	t	51	57	{}
249	0	0	0	C	t	51	70	{}
255	0	0	0	C	t	51	63	{}
256	0	0	0	C	t	51	55	{}
349	0	0	0	C	t	59	127	{}
376	0	0	0	C	t	59	108	{}
350	0	0	0	C	t	59	119	{}
242	0	0	0	C	t	51	71	{}
239	0	0	0	C	t	51	69	{}
244	0	0	0	C	t	51	68	{}
381	0	0	0	C	t	59	133	{}
229	0	0	0	C	t	51	66	{}
377	0	0	0	C	t	59	103	{}
380	0	0	0	C	t	59	95	{}
378	0	0	0	C	t	59	130	{}
198	0	0	0	C	t	28	50	{}
197	0	0	0	C	t	28	51	{}
208	0	0	0	C	t	28	40	{}
204	0	0	0	C	t	28	39	{}
209	0	0	0	C	t	28	42	{}
210	0	0	0	C	t	28	41	{}
207	0	0	0	C	t	28	46	{}
205	0	0	0	C	t	28	45	{}
206	0	0	0	C	t	28	48	{}
203	0	0	0	C	t	28	49	{}
202	0	0	0	C	t	28	53	{}
201	0	0	0	C	t	28	43	{}
200	0	0	0	C	t	28	47	{}
199	0	0	0	C	t	28	44	{}
354	0	0	0	C	t	59	111	{}
236	0	0	0	C	t	51	80	{}
379	0	0	0	C	t	59	124	{}
237	0	0	0	C	t	51	73	{}
247	0	0	0	C	t	51	76	{}
227	0	1	0	C	t	8	8	{}
303	3	17	0	C	t	53	71	{}
295	3	13	0	C	t	53	61	{}
305	6	2	0	C	t	53	56	{}
293	5	3	0	C	t	53	57	{}
302	2	20	0	C	t	53	59	{}
231	0	0	0	C	t	51	81	{}
234	0	0	0	C	t	51	65	{}
289	5	4	0	C	t	53	69	{}
240	0	0	0	C	t	51	58	{}
304	3	14	0	C	t	53	66	{}
296	5	5	0	C	t	53	63	{}
286	1	23	0	C	t	53	67	{}
235	0	0	0	C	t	51	60	{}
245	0	0	0	C	t	51	78	{}
241	0	0	0	C	t	51	64	{}
306	1	22	0	C	t	53	62	{}
243	0	0	0	C	t	51	75	{}
290	2	21	0	C	t	53	75	{}
291	2	19	0	C	t	53	58	{}
238	0	0	0	C	t	51	62	{}
300	3	18	0	C	t	53	76	{}
232	0	0	0	C	t	51	77	{}
233	0	0	0	C	t	51	54	{}
285	4	10	0	C	t	53	74	{}
230	0	0	0	C	t	51	67	{}
299	4	7	0	C	t	53	64	{}
246	0	0	0	C	t	51	74	{}
288	4	9	0	C	t	53	73	{}
294	4	11	0	C	t	53	65	{}
297	3	15	0	C	t	53	55	{}
340	0	1	0	C	t	56	55	{}
341	0	2	0	C	t	56	54	{}
301	3	12	0	C	t	53	60	{}
331	0	4	0	C	t	58	59	{}
353	0	0	0	C	t	59	94	{}
352	0	0	0	C	t	59	128	{}
284	5	6	0	C	t	53	54	{}
287	6	1	0	C	t	53	72	{}
298	4	8	0	C	t	53	68	{}
292	3	16	0	C	t	53	70	{}
333	0	3	0	C	t	58	54	{}
328	0	1	0	C	t	58	57	{}
329	0	5	0	C	t	58	55	{}
330	0	2	0	C	t	58	56	{}
332	0	8	0	C	t	58	61	{}
335	0	6	0	C	t	58	60	{}
334	0	7	0	C	t	58	58	{}
351	0	0	0	C	t	59	129	{}
268	0	22	0	C	t	52	78	{}
279	0	27	0	C	t	52	70	{}
263	0	24	0	C	t	52	67	{}
278	1	20	0	C	t	52	58	{}
281	2	8	0	C	t	52	63	{}
276	2	14	0	C	t	52	77	{}
264	1	15	0	C	t	52	60	{}
266	3	4	0	C	t	52	75	{}
267	1	19	0	C	t	52	66	{}
283	1	21	0	C	t	52	71	{}
270	1	18	0	C	t	52	69	{}
274	2	12	0	C	t	52	74	{}
269	3	3	0	C	t	52	62	{}
277	3	2	0	C	t	52	65	{}
273	3	5	0	C	t	52	61	{}
271	2	13	0	C	t	52	54	{}
280	2	11	0	C	t	52	80	{}
272	2	9	0	C	t	52	55	{}
262	2	10	0	C	t	52	59	{}
265	1	16	0	C	t	52	57	{}
282	0	23	0	C	t	52	72	{}
275	3	7	0	C	t	52	64	{}
343	0	0	0	C	t	59	109	{}
344	0	0	0	C	t	59	131	{}
346	0	0	0	C	t	59	106	{}
347	0	0	0	C	t	59	116	{}
342	0	0	0	C	t	59	99	{}
345	0	0	0	C	t	59	123	{}
307	2	21	0	C	t	54	70	{}
317	3	20	0	C	t	54	60	{}
311	6	7	0	C	t	54	65	{}
320	3	19	0	C	t	54	68	{}
338	0	4	0	C	t	57	54	{}
339	0	2	0	C	t	57	57	{}
337	0	1	0	C	t	57	55	{}
336	0	3	0	C	t	57	56	{}
309	6	8	0	C	t	54	74	{}
326	6	6	0	C	t	54	69	{}
321	5	10	0	C	t	54	72	{}
327	5	11	0	C	t	54	55	{}
322	5	12	0	C	t	54	58	{}
318	4	14	0	C	t	54	63	{}
323	4	15	0	C	t	54	56	{}
312	4	16	0	C	t	54	73	{}
325	4	17	0	C	t	54	59	{}
324	4	18	0	C	t	54	71	{}
315	9	1	0	C	t	54	64	{}
308	7	3	0	C	t	54	61	{}
319	7	5	0	C	t	54	66	{}
310	8	2	0	C	t	54	62	{}
314	5	13	0	C	t	54	67	{}
461	2	32	0	C	t	62	108	{}
316	6	9	0	C	t	54	54	{}
313	7	4	0	C	t	54	57	{}
384	2	16	0	C	t	60	104	{}
388	2	17	0	C	t	60	117	{}
394	0	37	0	C	t	60	98	{}
387	0	38	0	C	t	60	131	{}
390	3	1	0	C	t	60	122	{}
385	1	29	0	C	t	60	112	{}
393	3	6	0	C	t	60	99	{}
391	2	11	0	C	t	60	132	{}
386	3	8	0	C	t	60	129	{}
389	1	30	0	C	t	60	95	{}
383	3	7	0	C	t	60	108	{}
392	3	3	0	C	t	60	111	{}
382	1	26	0	C	t	60	94	{}
462	6	11	0	C	t	62	120	{}
459	5	14	0	C	t	62	116	{}
458	6	8	0	C	t	62	122	{}
348	0	0	0	C	t	59	115	{}
460	9	1	0	C	t	62	96	{}
396	3	4	0	C	t	60	128	{}
355	0	0	0	C	t	59	100	{}
412	1	28	0	C	t	60	97	{}
371	0	0	0	C	t	59	104	{}
405	0	34	0	C	t	60	101	{}
373	0	0	0	C	t	59	122	{}
362	0	0	0	C	t	59	96	{}
375	0	0	0	C	t	59	105	{}
395	1	27	0	C	t	60	121	{}
410	2	14	0	C	t	60	114	{}
401	3	5	0	C	t	60	100	{}
404	2	13	0	C	t	60	130	{}
360	0	0	0	C	t	59	117	{}
367	0	0	0	C	t	59	113	{}
374	0	0	0	C	t	59	118	{}
369	0	0	0	C	t	59	110	{}
366	0	0	0	C	t	59	101	{}
359	0	0	0	C	t	59	112	{}
363	0	0	0	C	t	59	107	{}
372	0	0	0	C	t	59	125	{}
365	0	0	0	C	t	59	132	{}
357	0	0	0	C	t	59	120	{}
407	0	39	0	C	t	60	96	{}
368	0	0	0	C	t	59	97	{}
356	0	0	0	C	t	59	98	{}
419	1	25	0	C	t	60	119	{}
358	0	0	0	C	t	59	121	{}
398	0	33	0	C	t	60	115	{}
399	3	10	0	C	t	60	102	{}
370	0	0	0	C	t	59	126	{}
364	0	0	0	C	t	59	114	{}
408	1	24	0	C	t	60	120	{}
361	0	0	0	C	t	59	102	{}
397	0	32	0	C	t	60	110	{}
417	0	36	0	C	t	60	126	{}
409	1	22	0	C	t	60	106	{}
402	1	21	0	C	t	60	113	{}
414	2	19	0	C	t	60	116	{}
416	0	31	0	C	t	60	127	{}
413	2	18	0	C	t	60	107	{}
406	2	20	0	C	t	60	124	{}
400	2	12	0	C	t	60	109	{}
418	3	2	0	C	t	60	105	{}
420	2	15	0	C	t	60	118	{}
415	1	23	0	C	t	60	123	{}
403	3	9	0	C	t	60	125	{}
411	0	35	0	C	t	60	103	{}
471	5	15	0	C	t	62	100	{}
427	6	3	0	C	t	61	121	{}
473	6	9	0	C	t	62	111	{}
475	8	2	0	C	t	62	97	{}
425	5	7	0	C	t	61	105	{}
468	4	27	0	C	t	62	104	{}
421	4	14	0	C	t	61	100	{}
469	3	30	0	C	t	62	119	{}
466	5	20	0	C	t	62	94	{}
422	6	2	0	C	t	61	130	{}
423	5	5	0	C	t	61	104	{}
472	6	10	0	C	t	62	124	{}
465	3	29	0	C	t	62	112	{}
463	7	6	0	C	t	62	106	{}
467	6	12	0	C	t	62	102	{}
474	5	18	0	C	t	62	114	{}
426	1	36	0	C	t	61	117	{}
470	4	21	0	C	t	62	98	{}
432	1	34	0	C	t	61	103	{}
464	4	22	0	C	t	62	99	{}
430	2	32	0	C	t	61	118	{}
428	4	10	0	C	t	61	124	{}
433	6	1	0	C	t	61	123	{}
429	4	13	0	C	t	61	96	{}
431	3	22	0	C	t	61	106	{}
424	3	19	0	C	t	61	109	{}
442	5	4	0	C	t	61	101	{}
481	4	25	0	C	t	62	109	{}
454	3	17	0	C	t	61	115	{}
435	5	8	0	C	t	61	97	{}
439	2	26	0	C	t	61	120	{}
457	3	25	0	C	t	61	108	{}
437	2	30	0	C	t	61	113	{}
444	1	37	0	C	t	61	111	{}
446	2	31	0	C	t	61	95	{}
449	1	35	0	C	t	61	107	{}
452	1	33	0	C	t	61	128	{}
440	3	21	0	C	t	61	125	{}
447	2	29	0	C	t	61	99	{}
443	2	28	0	C	t	61	116	{}
451	5	6	0	C	t	61	114	{}
455	3	24	0	C	t	61	122	{}
448	3	20	0	C	t	61	102	{}
434	3	18	0	C	t	61	119	{}
453	3	16	0	C	t	61	112	{}
441	4	12	0	C	t	61	110	{}
445	4	11	0	C	t	61	126	{}
456	2	27	0	C	t	61	127	{}
438	4	9	0	C	t	61	94	{}
436	3	23	0	C	t	61	98	{}
450	4	15	0	C	t	61	129	{}
476	2	33	0	C	t	62	126	{}
477	4	23	0	C	t	62	103	{}
487	3	31	0	C	t	62	110	{}
482	4	26	0	C	t	62	115	{}
478	3	28	0	C	t	62	121	{}
479	5	19	0	C	t	62	118	{}
484	8	3	0	C	t	62	95	{}
483	7	4	0	C	t	62	105	{}
480	4	24	0	C	t	62	113	{}
488	7	7	0	C	t	62	101	{}
490	6	13	0	C	t	62	117	{}
486	5	16	0	C	t	62	107	{}
489	5	17	0	C	t	62	123	{}
500	0	2	0	C	t	65	96	{}
491	0	3	0	C	t	66	98	{}
485	7	5	0	C	t	62	125	{}
502	0	3	0	C	t	65	95	{}
501	0	1	0	C	t	65	97	{}
494	0	6	0	C	t	66	95	{}
498	0	4	0	C	t	66	100	{}
492	0	1	0	C	t	66	101	{}
493	0	7	0	C	t	66	96	{}
496	0	2	0	C	t	66	97	{}
503	0	2	0	C	t	64	94	{}
504	0	1	0	C	t	64	95	{}
497	0	5	0	C	t	66	94	{}
495	0	8	0	C	t	66	99	{}
499	0	4	0	C	t	65	94	{}
\.


--
-- Data for Name: draw_debateteam; Type: TABLE DATA; Schema: public; Owner: tabbycat
--

COPY public.draw_debateteam (id, debate_id, team_id, flags, side) FROM stdin;
5	2	19	{}	0
6	2	7	{}	1
7	2	1	{}	2
9	3	28	{}	0
10	3	24	{}	1
11	3	23	{}	2
13	4	15	{}	0
14	4	5	{}	1
15	4	3	{}	2
17	5	2	{}	0
18	5	6	{}	1
19	5	22	{}	2
21	6	11	{}	0
22	6	16	{}	1
23	6	20	{}	2
25	7	21	{}	0
26	7	29	{}	1
27	7	18	{}	2
29	8	12	{}	0
30	8	1	{}	1
31	8	15	{}	2
33	9	6	{}	0
34	9	3	{}	1
35	9	16	{}	2
37	10	22	{}	0
38	10	10	{}	1
39	10	30	{}	2
41	11	25	{}	0
42	11	8	{}	1
43	11	9	{}	2
45	12	29	{pullup}	0
46	12	14	{}	1
47	12	4	{}	2
49	13	23	{}	0
50	13	21	{}	1
51	13	11	{pullup}	2
53	14	24	{}	0
54	14	13	{}	1
55	14	5	{pullup}	2
57	15	7	{}	0
58	15	25	{pullup}	1
59	15	8	{}	2
61	16	5	{}	0
62	16	18	{pullup}	1
63	16	21	{}	2
65	17	13	{}	0
66	17	9	{}	1
67	17	17	{}	2
69	18	14	{}	0
70	18	4	{pullup}	1
71	18	19	{}	2
73	19	20	{}	0
74	19	28	{pullup}	1
75	19	2	{pullup}	2
77	20	16	{pullup}	0
78	20	23	{}	1
79	20	10	{}	2
81	21	30	{}	0
82	21	15	{pullup}	1
83	21	24	{}	2
85	22	23	{}	0
86	22	20	{pullup}	1
87	22	6	{}	2
89	23	18	{}	0
90	23	30	{}	1
91	23	29	{}	2
93	24	1	{pullup}	0
94	24	2	{pullup}	1
95	24	11	{pullup}	2
97	25	24	{}	0
98	25	17	{}	1
99	25	25	{}	2
101	26	3	{}	0
102	26	19	{pullup}	1
103	26	4	{pullup}	2
105	27	10	{pullup}	0
106	27	14	{}	1
107	27	7	{pullup}	2
109	28	28	{pullup}	0
110	28	22	{}	1
111	28	12	{}	2
113	29	55	{}	0
114	29	31	{}	1
115	29	45	{}	2
116	29	32	{}	3
117	30	50	{}	0
118	30	48	{}	1
119	30	35	{}	2
120	30	49	{}	3
121	31	34	{}	0
122	31	51	{}	1
123	31	42	{}	2
124	31	37	{}	3
125	32	46	{}	0
126	32	38	{}	1
127	32	44	{}	2
128	32	41	{}	3
129	33	56	{}	0
130	33	39	{}	1
131	33	40	{}	2
132	33	52	{}	3
133	34	47	{}	0
134	34	36	{}	1
135	34	33	{}	2
136	34	43	{}	3
137	35	35	{}	0
138	35	33	{}	1
139	35	39	{}	2
140	35	34	{}	3
141	36	38	{}	0
142	36	47	{}	1
143	36	37	{pullup}	2
144	36	42	{}	3
145	37	40	{}	0
146	37	45	{pullup}	1
147	37	50	{}	2
148	37	36	{}	3
149	38	49	{pullup}	0
150	38	52	{}	1
151	38	55	{}	2
152	38	48	{}	3
153	39	31	{}	0
154	39	41	{pullup}	1
155	39	46	{}	2
156	39	51	{}	3
157	40	32	{}	0
158	40	44	{}	1
159	40	43	{}	2
160	40	56	{}	3
161	41	33	{}	0
162	41	49	{}	1
163	41	41	{}	2
164	41	44	{}	3
165	42	42	{pullup}	0
166	42	56	{pullup}	1
167	42	52	{}	2
168	42	55	{pullup}	3
169	43	39	{pullup}	0
170	43	32	{pullup}	1
171	43	31	{}	2
172	43	38	{}	3
173	44	45	{pullup}	0
174	44	50	{pullup}	1
175	44	47	{}	2
176	44	46	{pullup}	3
177	45	37	{}	0
178	45	43	{pullup}	1
179	45	48	{pullup}	2
180	45	40	{pullup}	3
181	46	51	{}	0
182	46	34	{pullup}	1
183	46	36	{}	2
184	46	35	{}	3
185	47	31	{}	0
186	47	52	{}	1
187	47	56	{}	2
188	47	42	{}	3
189	48	48	{}	0
190	48	37	{}	1
191	48	40	{}	2
192	48	55	{}	3
196	49	84	{}	3
197	50	81	{}	0
198	50	86	{}	1
199	50	85	{}	2
200	50	87	{}	3
201	51	84	{}	0
202	51	88	{pullup}	1
203	51	87	{pullup}	2
204	51	85	{}	3
205	52	83	{}	0
206	52	81	{pullup}	1
207	52	82	{pullup}	2
208	52	86	{}	3
209	53	77	{}	0
210	53	59	{}	1
211	53	64	{}	2
212	53	69	{}	3
213	54	65	{}	0
214	54	60	{}	1
215	54	74	{}	2
216	54	66	{}	3
217	55	62	{}	0
218	55	57	{}	1
219	55	76	{}	2
220	55	61	{}	3
221	56	58	{}	0
222	56	71	{}	1
223	56	75	{}	2
224	56	63	{}	3
225	57	73	{}	0
226	57	80	{}	1
227	57	72	{}	2
228	57	70	{}	3
229	58	67	{}	0
230	58	79	{}	1
231	58	68	{}	2
232	58	78	{}	3
233	59	59	{}	0
234	59	67	{}	1
235	59	62	{}	2
236	59	76	{pullup}	3
237	60	64	{}	0
238	60	63	{}	1
239	60	70	{}	2
240	60	68	{}	3
241	61	60	{}	0
242	61	61	{}	1
243	61	80	{}	2
244	61	58	{}	3
245	62	66	{}	0
246	62	78	{}	1
247	62	69	{}	2
248	62	79	{pullup}	3
249	63	74	{pullup}	0
250	63	65	{}	1
251	63	71	{}	2
252	63	73	{}	3
253	64	75	{}	0
254	64	72	{}	1
255	64	57	{}	2
256	64	77	{pullup}	3
257	65	70	{}	0
258	65	58	{}	1
259	65	79	{}	2
260	65	74	{}	3
261	66	61	{}	0
262	66	62	{pullup}	1
263	66	59	{}	2
264	66	65	{pullup}	3
265	67	76	{pullup}	0
266	67	64	{pullup}	1
267	67	63	{}	2
268	67	71	{}	3
269	68	68	{pullup}	0
270	68	75	{}	1
271	68	67	{}	2
272	68	57	{pullup}	3
273	69	69	{}	0
274	69	77	{}	1
275	69	73	{}	2
276	69	60	{}	3
277	70	80	{pullup}	0
278	70	66	{pullup}	1
279	70	78	{}	2
280	70	72	{}	3
281	71	67	{}	0
282	71	72	{}	1
283	71	66	{}	2
284	71	73	{}	3
285	72	59	{}	0
286	72	69	{}	1
287	72	75	{}	2
288	72	78	{}	3
289	73	140	{}	0
290	73	117	{}	1
291	73	120	{}	2
292	73	123	{}	3
293	74	135	{}	0
294	74	127	{}	1
295	74	139	{}	2
296	74	146	{}	3
297	75	98	{}	0
298	75	99	{}	1
299	75	100	{}	2
300	75	147	{}	3
301	76	104	{}	0
302	76	133	{}	1
303	76	92	{}	2
304	76	128	{}	3
305	77	102	{}	0
306	77	145	{}	1
307	77	105	{}	2
308	77	116	{}	3
309	78	111	{}	0
310	78	144	{}	1
311	78	132	{}	2
312	78	124	{}	3
313	79	109	{}	0
314	79	134	{}	1
315	79	112	{}	2
316	79	113	{}	3
317	80	129	{}	0
318	80	126	{}	1
319	80	114	{}	2
320	80	94	{}	3
321	81	101	{}	0
322	81	91	{}	1
323	81	130	{}	2
324	81	148	{}	3
325	82	136	{}	0
326	82	138	{}	1
327	82	103	{}	2
328	82	143	{}	3
329	83	119	{}	0
330	83	125	{}	1
331	83	110	{}	2
332	83	131	{}	3
333	84	118	{}	0
334	84	137	{}	1
335	84	115	{}	2
336	84	121	{}	3
337	85	122	{}	0
338	85	89	{}	1
339	85	93	{}	2
340	85	96	{}	3
341	86	125	{}	0
342	86	101	{}	1
343	86	127	{}	2
344	86	136	{}	3
345	87	148	{}	0
346	87	114	{}	1
347	87	145	{}	2
348	87	100	{}	3
349	88	147	{pullup}	0
350	88	111	{}	1
351	88	121	{}	2
352	88	89	{}	3
353	89	120	{}	0
354	89	118	{}	1
355	89	135	{pullup}	2
356	89	109	{}	3
357	90	115	{}	0
358	90	129	{}	1
359	90	143	{}	2
360	90	132	{}	3
361	91	117	{}	0
362	91	102	{}	1
363	91	140	{pullup}	2
364	91	99	{}	3
365	92	133	{pullup}	0
366	92	131	{pullup}	1
367	92	124	{}	2
368	92	126	{}	3
369	93	92	{}	0
370	93	123	{}	1
371	93	146	{}	2
372	93	103	{}	3
373	94	138	{}	0
374	94	119	{}	1
375	94	104	{}	2
376	94	139	{}	3
377	95	144	{}	0
378	95	94	{}	1
379	95	91	{}	2
380	95	110	{}	3
381	96	128	{}	0
382	96	116	{}	1
383	96	98	{}	2
384	96	93	{}	3
385	97	134	{}	0
386	97	112	{pullup}	1
387	97	122	{}	2
388	97	130	{}	3
389	98	113	{}	0
390	98	96	{}	1
391	98	137	{}	2
392	98	105	{}	3
393	99	110	{pullup}	0
394	99	104	{}	1
395	99	99	{}	2
396	99	112	{}	3
397	100	91	{}	0
398	100	122	{pullup}	1
399	100	136	{}	2
400	100	129	{}	3
401	101	116	{pullup}	0
402	101	98	{}	1
403	101	126	{}	2
404	101	134	{}	3
405	102	130	{}	0
406	102	109	{}	1
407	102	113	{}	2
408	102	114	{}	3
409	103	89	{pullup}	0
410	103	148	{}	1
411	103	101	{}	2
412	103	119	{}	3
413	104	132	{pullup}	0
414	104	124	{}	1
415	104	128	{}	2
416	104	125	{}	3
417	105	127	{}	0
418	105	120	{}	1
419	105	117	{}	2
420	105	135	{}	3
421	106	93	{}	0
422	106	146	{}	1
423	106	123	{pullup}	2
424	106	133	{}	3
425	107	143	{}	0
426	107	100	{pullup}	1
427	107	138	{}	2
428	107	145	{}	3
429	108	131	{}	0
430	108	139	{pullup}	1
431	108	96	{}	2
432	108	140	{pullup}	3
433	109	94	{}	0
434	109	92	{pullup}	1
435	109	144	{pullup}	2
436	109	137	{}	3
437	110	121	{}	0
438	110	115	{}	1
439	110	118	{}	2
440	110	102	{}	3
441	111	123	{}	0
442	111	110	{}	1
443	111	131	{pullup}	2
444	111	122	{}	3
445	112	99	{}	0
446	112	113	{}	1
447	112	102	{}	2
448	112	91	{}	3
449	113	146	{}	0
450	113	140	{}	1
451	113	116	{}	2
452	113	112	{pullup}	3
453	114	145	{}	0
454	114	96	{}	1
455	114	92	{pullup}	2
456	114	144	{pullup}	3
457	115	119	{}	0
458	115	121	{}	1
459	115	133	{}	2
460	115	118	{pullup}	3
461	116	134	{}	0
462	116	135	{}	1
463	116	125	{}	2
464	116	104	{}	3
465	117	126	{pullup}	0
466	117	128	{}	1
467	117	124	{pullup}	2
468	117	120	{pullup}	3
469	118	130	{}	0
470	118	132	{}	1
471	118	129	{}	2
472	118	101	{pullup}	3
473	119	137	{pullup}	0
474	119	143	{}	1
475	119	109	{}	2
476	119	117	{}	3
477	120	114	{}	0
478	120	136	{}	1
479	120	94	{}	2
480	120	138	{}	3
481	121	100	{}	0
482	121	93	{}	1
483	121	89	{}	2
484	121	139	{}	3
485	122	115	{}	0
486	122	98	{}	1
487	122	148	{}	2
488	122	127	{}	3
645	197	157	{}	0
646	197	168	{}	1
647	198	173	{}	0
648	198	171	{}	1
649	199	152	{}	0
650	199	153	{}	1
651	200	156	{}	0
652	200	151	{}	1
653	201	164	{}	0
654	201	162	{}	1
655	202	149	{}	0
656	202	174	{}	1
657	203	172	{}	0
658	203	170	{}	1
659	204	160	{}	0
660	204	150	{}	1
661	205	163	{}	0
662	205	155	{}	1
663	206	161	{}	0
664	206	159	{}	1
665	207	166	{}	0
666	207	167	{}	1
667	208	165	{}	0
668	208	169	{}	1
669	209	158	{}	0
670	209	154	{}	1
671	210	175	{}	0
672	210	181	{}	1
677	212	124	{}	0
678	212	125	{}	1
679	212	120	{}	2
680	212	126	{}	3
673	211	134	{}	0
674	211	128	{}	1
675	211	129	{}	2
676	211	127	{}	3
681	213	168	{}	0
682	213	155	{}	1
683	214	164	{}	0
684	214	156	{}	1
685	215	163	{}	0
686	215	175	{}	1
687	216	170	{}	0
688	216	158	{}	1
689	217	166	{}	0
690	217	149	{}	1
691	218	153	{}	0
692	218	151	{}	1
693	219	154	{}	0
694	219	172	{}	1
695	220	162	{}	0
696	220	169	{}	1
697	221	181	{}	0
698	221	165	{}	1
699	222	150	{}	0
700	222	159	{}	1
701	223	160	{}	0
702	223	161	{}	1
703	224	174	{}	0
704	224	167	{}	1
705	225	173	{}	0
706	225	152	{}	1
707	226	171	{}	0
708	226	157	{}	1
709	227	52	{}	0
710	227	56	{}	1
711	227	48	{}	2
712	227	55	{}	3
713	228	66	{}	0
714	228	72	{}	1
715	228	69	{}	2
716	228	78	{}	3
717	229	320	{}	0
718	229	231	{}	1
719	229	281	{}	2
720	229	255	{}	3
721	230	318	{}	0
722	230	259	{}	1
723	230	295	{}	2
724	230	323	{}	3
725	231	198	{}	0
726	231	187	{}	1
727	231	222	{}	2
728	231	334	{}	3
729	232	191	{}	0
730	232	221	{}	1
731	232	241	{}	2
732	232	329	{}	3
733	233	242	{}	0
734	233	245	{}	1
735	233	339	{}	2
736	233	290	{}	3
601	179	126	{}	0
602	179	109	{}	1
603	179	133	{}	2
604	179	125	{}	3
611	181	129	{}	2
612	181	121	{}	3
737	234	328	{}	0
738	234	299	{}	1
739	234	214	{}	2
740	234	246	{}	3
609	181	134	{}	0
610	181	104	{}	1
741	235	330	{}	0
742	235	284	{}	1
605	180	116	{}	0
606	180	120	{}	1
607	180	124	{}	2
608	180	115	{}	3
743	235	209	{}	2
744	235	195	{}	3
745	236	344	{}	0
613	182	127	{}	0
614	182	119	{}	1
615	182	128	{}	2
616	182	132	{}	3
746	236	236	{}	1
747	236	207	{}	2
748	236	203	{}	3
749	237	332	{}	0
750	237	224	{}	1
751	237	306	{}	2
752	237	211	{}	3
753	238	283	{}	0
754	238	341	{}	1
755	238	261	{}	2
756	238	186	{}	3
757	239	296	{}	0
758	239	335	{}	1
759	239	340	{}	2
760	239	291	{}	3
761	240	293	{}	0
762	240	286	{}	1
763	240	182	{}	2
764	240	206	{}	3
765	241	256	{}	0
766	241	196	{}	1
767	241	269	{}	2
768	241	273	{}	3
769	242	237	{}	0
770	242	279	{}	1
771	242	204	{}	2
772	242	194	{}	3
773	243	319	{}	0
774	243	342	{}	1
775	243	192	{}	2
776	243	240	{}	3
777	244	312	{}	0
778	244	268	{}	1
779	244	338	{}	2
780	244	272	{}	3
781	245	185	{}	0
782	245	197	{}	1
783	245	331	{}	2
784	245	218	{}	3
785	246	302	{}	0
786	246	254	{}	1
787	246	343	{}	2
788	246	199	{}	3
789	247	260	{}	0
790	247	215	{}	1
791	247	225	{}	2
792	247	298	{}	3
793	248	325	{}	0
794	248	303	{}	1
795	248	257	{}	2
796	248	247	{}	3
797	249	264	{}	0
798	249	289	{}	1
799	249	262	{}	2
800	249	228	{}	3
801	250	243	{}	0
802	250	233	{}	1
803	250	282	{}	2
804	250	193	{}	3
805	251	205	{}	0
806	251	235	{}	1
807	251	232	{}	2
808	251	301	{}	3
809	252	183	{}	0
810	252	336	{}	1
811	252	321	{}	2
812	252	300	{}	3
813	253	189	{}	0
814	253	276	{}	1
815	253	287	{}	2
816	253	294	{}	3
817	254	249	{}	0
818	254	327	{}	1
819	254	234	{}	2
820	254	297	{}	3
821	255	200	{}	0
822	255	288	{}	1
823	255	326	{}	2
824	255	258	{}	3
825	256	274	{}	0
826	256	253	{}	1
827	256	322	{}	2
828	256	244	{}	3
829	257	222	{}	0
830	257	203	{}	1
831	257	297	{}	2
832	257	284	{}	3
833	258	241	{}	0
834	258	195	{}	1
835	258	197	{}	2
836	258	233	{}	3
837	259	194	{}	0
838	259	273	{}	1
839	259	191	{}	2
840	259	289	{}	3
841	260	334	{}	0
842	260	301	{}	1
843	260	247	{}	2
844	260	269	{}	3
845	261	339	{}	0
846	261	325	{}	1
847	261	193	{}	2
848	261	198	{}	3
849	262	244	{}	0
850	262	287	{}	1
851	262	221	{}	2
852	262	207	{}	3
853	263	323	{}	0
854	263	214	{}	1
855	263	242	{}	2
856	263	215	{}	3
857	264	272	{}	0
858	264	290	{}	1
859	264	298	{}	2
860	264	303	{}	3
861	265	240	{}	0
862	265	306	{}	1
863	265	186	{}	2
864	265	243	{}	3
865	266	235	{}	0
866	266	189	{}	1
867	266	342	{}	2
868	266	344	{}	3
869	267	218	{}	0
870	267	326	{}	1
871	267	254	{}	2
872	267	231	{}	3
873	268	199	{}	0
874	268	296	{}	1
875	268	276	{}	2
876	268	268	{}	3
877	269	255	{}	0
878	269	332	{}	1
879	269	327	{}	2
880	269	286	{}	3
881	270	182	{}	0
882	270	321	{}	1
883	270	329	{}	2
884	270	295	{}	3
885	271	224	{}	0
886	271	293	{}	1
887	271	300	{}	2
888	271	196	{}	3
889	272	331	{}	0
890	272	257	{}	1
891	272	330	{}	2
892	272	299	{}	3
893	273	343	{}	0
894	273	274	{}	1
895	273	341	{}	2
896	273	185	{}	3
897	274	291	{}	0
898	274	225	{}	1
899	274	228	{}	2
900	274	204	{}	3
901	275	259	{}	0
902	275	338	{}	1
903	275	183	{}	2
904	275	209	{}	3
905	276	192	{}	0
906	276	200	{}	1
907	276	312	{}	2
908	276	234	{}	3
909	277	288	{}	0
910	277	260	{}	1
911	277	328	{}	2
912	277	340	{}	3
913	278	335	{}	0
914	278	294	{}	1
915	278	279	{}	2
916	278	232	{}	3
917	279	206	{}	0
918	279	261	{}	1
919	279	336	{}	2
920	279	237	{}	3
921	280	281	{}	0
922	280	205	{}	1
923	280	318	{}	2
924	280	187	{}	3
925	281	245	{}	0
926	281	302	{}	1
927	281	283	{}	2
928	281	282	{}	3
929	282	258	{}	0
930	282	319	{}	1
931	282	320	{}	2
932	282	322	{}	3
933	283	211	{pullup}	0
934	283	262	{}	1
935	283	253	{}	2
936	283	256	{}	3
937	284	282	{}	0
938	284	185	{}	1
939	284	286	{pullup}	2
940	284	205	{}	3
941	285	326	{}	0
942	285	182	{}	1
943	285	291	{}	2
944	285	279	{}	3
945	286	268	{pullup}	0
946	286	243	{}	1
947	286	233	{}	2
948	286	319	{}	3
949	287	341	{}	0
950	287	193	{}	1
951	287	344	{}	2
952	287	332	{pullup}	3
953	288	196	{}	0
954	288	343	{}	1
955	288	325	{}	2
956	288	183	{}	3
957	289	284	{pullup}	0
958	289	194	{}	1
959	289	259	{}	2
960	289	192	{}	3
961	290	204	{}	0
962	290	297	{}	1
963	290	195	{}	2
964	290	242	{}	3
965	291	294	{}	0
966	291	218	{}	1
967	291	240	{}	2
968	291	276	{}	3
969	292	329	{pullup}	0
970	292	222	{}	1
971	292	187	{}	2
972	292	221	{}	3
973	293	186	{pullup}	0
974	293	207	{}	1
975	293	189	{}	2
976	293	339	{}	3
977	294	253	{}	0
978	294	281	{}	1
979	294	290	{}	2
980	294	283	{}	3
981	295	261	{}	0
982	295	272	{}	1
983	295	244	{pullup}	2
984	295	225	{}	3
985	296	228	{}	0
986	296	331	{}	1
987	296	260	{}	2
988	296	293	{}	3
989	297	300	{pullup}	0
990	297	209	{}	1
991	297	299	{}	2
992	297	235	{}	3
993	298	340	{}	0
994	298	330	{}	1
995	298	274	{pullup}	2
996	298	287	{}	3
997	299	342	{}	0
998	299	328	{pullup}	1
999	299	200	{}	2
1000	299	191	{}	3
1001	300	295	{}	0
1002	300	232	{}	1
1003	300	301	{}	2
1004	300	327	{}	3
1005	301	254	{}	0
1006	301	198	{}	1
1007	301	224	{}	2
1008	301	302	{}	3
1009	302	247	{}	0
1010	302	256	{}	1
1011	302	303	{}	2
1012	302	318	{}	3
1013	303	262	{}	0
1014	303	323	{}	1
1015	303	296	{}	2
1016	303	197	{}	3
1017	304	306	{}	0
1018	304	312	{}	1
1019	304	289	{}	2
1020	304	320	{}	3
1021	305	273	{}	0
1022	305	255	{}	1
1023	305	288	{}	2
1024	305	338	{}	3
1025	306	269	{pullup}	0
1026	306	334	{}	1
1027	306	199	{}	2
1028	306	335	{}	3
1029	307	336	{pullup}	0
1030	307	247	{}	1
1031	307	268	{pullup}	2
1032	307	300	{}	3
1033	308	342	{}	0
1034	308	189	{}	1
1035	308	185	{}	2
1036	308	343	{}	3
1037	309	288	{}	0
1038	309	192	{}	1
1039	309	293	{}	2
1040	309	222	{}	3
1041	310	193	{}	0
1042	310	339	{}	1
1043	310	282	{}	2
1044	310	259	{}	3
1045	311	253	{}	0
1046	311	254	{}	1
1047	311	306	{}	2
1048	311	262	{}	3
1049	312	233	{}	0
1050	312	274	{}	1
1051	312	235	{}	2
1052	312	224	{}	3
1053	313	281	{}	0
1054	313	344	{}	1
1055	313	194	{}	2
1056	313	182	{}	3
1057	314	286	{}	0
1058	314	204	{}	1
1059	314	302	{}	2
1060	314	260	{}	3
1061	315	338	{pullup}	0
1062	315	228	{pullup}	1
1063	315	273	{}	2
1064	315	341	{}	3
1065	316	327	{}	0
1066	316	191	{}	1
1067	316	256	{pullup}	2
1068	316	326	{}	3
1069	317	303	{}	0
1070	317	276	{}	1
1071	317	243	{}	2
1072	317	198	{}	3
1073	318	195	{}	0
1074	318	295	{}	1
1075	318	218	{}	2
1076	318	325	{}	3
1077	319	287	{pullup}	0
1078	319	340	{}	1
1079	319	255	{}	2
1080	319	331	{}	3
1081	320	221	{}	0
1082	320	297	{}	1
1083	320	335	{}	2
1084	320	232	{}	3
1085	321	301	{}	0
1086	321	186	{}	1
1087	321	272	{}	2
1088	321	299	{}	3
1089	322	289	{}	0
1090	322	283	{}	1
1091	322	205	{}	2
1092	322	296	{}	3
1093	323	290	{}	0
1094	323	318	{}	1
1095	323	312	{}	2
1096	323	330	{}	3
1097	324	279	{}	0
1098	324	329	{}	1
1099	324	284	{}	2
1100	324	200	{}	3
1101	325	187	{}	0
1102	325	225	{}	1
1103	325	334	{}	2
1104	325	328	{}	3
1105	326	209	{}	0
1106	326	183	{pullup}	1
1107	326	196	{}	2
1108	326	261	{}	3
1109	327	207	{}	0
1110	327	291	{}	1
1111	327	294	{}	2
1112	327	332	{}	3
1113	328	344	{}	0
1114	328	341	{}	1
1115	328	253	{}	2
1116	328	274	{}	3
1117	329	288	{}	0
1118	329	193	{}	1
1119	329	186	{}	2
1120	329	196	{}	3
1121	330	205	{}	0
1122	330	338	{}	1
1123	330	327	{}	2
1124	330	342	{}	3
1125	331	273	{}	0
1126	331	294	{}	1
1127	331	287	{}	2
1128	331	259	{}	3
1129	332	209	{}	0
1130	332	282	{}	1
1131	332	254	{}	2
1132	332	343	{}	3
1133	333	189	{}	0
1134	333	192	{}	1
1135	333	191	{}	2
1136	333	339	{}	3
1137	334	331	{}	0
1138	334	194	{}	1
1139	334	340	{}	2
1140	334	289	{}	3
1141	335	286	{}	0
1142	335	228	{}	1
1143	335	185	{}	2
1144	335	281	{}	3
1145	336	281	{}	0
1146	336	192	{}	1
1147	336	339	{}	2
1148	336	185	{}	3
1149	337	344	{}	0
1150	337	341	{}	1
1151	337	282	{}	2
1152	337	343	{}	3
1153	338	294	{}	0
1154	338	196	{}	1
1155	338	193	{}	2
1156	338	273	{}	3
1157	339	327	{}	0
1158	339	338	{}	1
1159	339	194	{}	2
1160	339	331	{}	3
1161	340	273	{}	0
1162	340	193	{}	1
1163	340	344	{}	2
1164	340	341	{}	3
1165	341	194	{}	0
1166	341	339	{}	1
1167	341	338	{}	2
1168	341	185	{}	3
1169	342	425	{}	0
1170	342	401	{}	1
1171	342	371	{}	2
1172	342	453	{}	3
1173	343	435	{}	0
1174	343	459	{}	1
1175	343	436	{}	2
1176	343	413	{}	3
1177	344	416	{}	0
1178	344	500	{}	1
1179	344	473	{}	2
1180	344	476	{}	3
1181	345	505	{}	0
1182	345	434	{}	1
1183	345	526	{}	2
1184	345	422	{}	3
1185	346	444	{}	0
1186	346	450	{}	1
1187	346	362	{}	2
1188	346	382	{}	3
1189	347	481	{}	0
1190	347	429	{}	1
1191	347	433	{}	2
1192	347	417	{}	3
1193	348	400	{}	0
1194	348	530	{}	1
1195	348	498	{}	2
1196	348	380	{}	3
1197	349	521	{}	0
1198	349	428	{}	1
1199	349	484	{}	2
1200	349	445	{}	3
1201	350	361	{}	0
1202	350	503	{}	1
1203	350	367	{}	2
1204	350	441	{}	3
1205	351	528	{}	0
1206	351	427	{}	1
1207	351	497	{}	2
1208	351	493	{}	3
1209	352	491	{}	0
1210	352	514	{}	1
1211	352	468	{}	2
1212	352	462	{}	3
1213	353	488	{}	0
1214	353	414	{}	1
1215	353	377	{}	2
1216	353	368	{}	3
1217	354	440	{}	0
1218	354	432	{}	1
1219	354	415	{}	2
1220	354	388	{}	3
1221	355	520	{}	0
1222	355	499	{}	1
1223	355	370	{}	2
1224	355	403	{}	3
1225	356	396	{}	0
1226	356	533	{}	1
1227	356	349	{}	2
1228	356	460	{}	3
1229	357	356	{}	0
1230	357	389	{}	1
1231	357	463	{}	2
1232	357	482	{}	3
1233	358	379	{}	0
1234	358	516	{}	1
1235	358	411	{}	2
1236	358	461	{}	3
1237	359	442	{}	0
1238	359	522	{}	1
1239	359	508	{}	2
1240	359	509	{}	3
1241	360	456	{}	0
1242	360	446	{}	1
1243	360	467	{}	2
1244	360	402	{}	3
1245	361	449	{}	0
1246	361	386	{}	1
1247	361	397	{}	2
1248	361	375	{}	3
1249	362	512	{}	0
1250	362	535	{}	1
1251	362	529	{}	2
1252	362	443	{}	3
1253	363	374	{}	0
1254	363	398	{}	1
1255	363	480	{}	2
1256	363	348	{}	3
1257	364	439	{}	0
1258	364	534	{}	1
1259	364	447	{}	2
1260	364	395	{}	3
1261	365	483	{}	0
1262	365	355	{}	1
1263	365	451	{}	2
1264	365	364	{}	3
1265	366	376	{}	0
1266	366	394	{}	1
1267	366	405	{}	2
1268	366	472	{}	3
1269	367	399	{}	0
1270	367	517	{}	1
1271	367	387	{}	2
1272	367	486	{}	3
1273	368	350	{}	0
1274	368	438	{}	1
1275	368	465	{}	2
1276	368	423	{}	3
1277	369	372	{}	0
1278	369	489	{}	1
1279	369	537	{}	2
1280	369	353	{}	3
1281	370	515	{}	0
1282	370	518	{}	1
1283	370	393	{}	2
1284	370	418	{}	3
1285	371	390	{}	0
1286	371	523	{}	1
1287	371	527	{}	2
1288	371	354	{}	3
1289	372	358	{}	0
1290	372	536	{}	1
1291	372	495	{}	2
1292	372	478	{}	3
1293	373	487	{}	0
1294	373	510	{}	1
1295	373	385	{}	2
1296	373	412	{}	3
1297	374	524	{}	0
1298	374	470	{}	1
1299	374	457	{}	2
1300	374	357	{}	3
1301	375	492	{}	0
1302	375	490	{}	1
1303	375	430	{}	2
1304	375	513	{}	3
1305	376	409	{}	0
1306	376	474	{}	1
1307	376	504	{}	2
1308	376	455	{}	3
1309	377	437	{}	0
1310	377	507	{}	1
1311	377	351	{}	2
1312	377	384	{}	3
1313	378	494	{}	0
1314	378	477	{}	1
1315	378	408	{}	2
1316	378	525	{}	3
1317	379	346	{}	0
1318	379	469	{}	1
1319	379	431	{}	2
1320	379	352	{}	3
1321	380	532	{}	0
1322	380	359	{}	1
1323	380	496	{}	2
1324	380	383	{}	3
1325	381	475	{}	0
1326	381	404	{}	1
1327	381	511	{}	2
1328	381	407	{}	3
1329	382	348	{}	0
1330	382	354	{}	1
1331	382	388	{}	2
1332	382	446	{}	3
1333	383	530	{}	0
1334	383	467	{}	1
1335	383	404	{}	2
1336	383	444	{}	3
1337	384	517	{}	0
1338	384	416	{}	1
1339	384	489	{}	2
1340	384	481	{}	3
1341	385	457	{}	0
1342	385	443	{}	1
1343	385	364	{}	2
1344	385	400	{}	3
1345	386	510	{}	0
1346	386	483	{}	1
1347	386	494	{}	2
1348	386	386	{}	3
1349	387	460	{}	0
1350	387	383	{}	1
1351	387	538	{}	2
1352	387	408	{}	3
1353	388	535	{}	0
1354	388	463	{}	1
1355	388	359	{}	2
1356	388	503	{}	3
1357	389	453	{}	0
1358	389	372	{}	1
1359	389	429	{}	2
1360	389	387	{}	3
1361	390	477	{pullup}	0
1362	390	409	{}	1
1363	390	532	{}	2
1364	390	468	{}	3
1365	391	533	{}	0
1366	391	431	{}	1
1367	391	513	{pullup}	2
1368	391	456	{}	3
1369	392	509	{}	0
1370	392	492	{}	1
1371	392	437	{}	2
1372	392	488	{}	3
1373	393	537	{}	0
1374	393	435	{}	1
1375	393	432	{}	2
1376	393	512	{}	3
1377	394	495	{}	0
1378	394	511	{}	1
1379	394	440	{}	2
1380	394	514	{}	3
1381	395	349	{}	0
1382	395	352	{}	1
1383	395	412	{}	2
1384	395	393	{}	3
1385	396	470	{}	0
1386	396	417	{}	1
1387	396	389	{}	2
1388	396	500	{}	3
1389	397	436	{}	0
1390	397	487	{}	1
1391	397	357	{}	2
1392	397	367	{}	3
1393	398	395	{}	0
1394	398	356	{}	1
1395	398	523	{}	2
1396	398	490	{}	3
1397	399	484	{}	0
1398	399	439	{}	1
1399	399	361	{}	2
1400	399	505	{}	3
1401	400	474	{}	0
1402	400	374	{}	1
1403	400	403	{}	2
1404	400	491	{}	3
1405	401	480	{}	0
1406	401	390	{}	1
1407	401	515	{}	2
1408	401	396	{}	3
1409	402	368	{}	0
1410	402	478	{}	1
1411	402	459	{}	2
1412	402	504	{}	3
1413	403	493	{}	0
1414	403	465	{}	1
1415	403	358	{}	2
1416	403	425	{}	3
1417	404	418	{}	0
1418	404	379	{}	1
1419	404	434	{}	2
1420	404	415	{}	3
1421	405	455	{}	0
1422	405	382	{}	1
1423	405	423	{}	2
1424	405	411	{}	3
1425	406	536	{}	0
1426	406	362	{}	1
1427	406	401	{}	2
1428	406	430	{}	3
1429	407	398	{}	0
1430	407	370	{}	1
1431	407	355	{}	2
1432	407	498	{}	3
1433	408	462	{}	0
1434	408	441	{}	1
1435	408	427	{}	2
1436	408	438	{}	3
1437	409	428	{}	0
1438	409	482	{}	1
1439	409	499	{}	2
1440	409	397	{}	3
1441	410	405	{}	0
1442	410	351	{}	1
1443	410	475	{}	2
1444	410	414	{}	3
1445	411	402	{}	0
1446	411	384	{}	1
1447	411	353	{}	2
1448	411	371	{}	3
1449	412	525	{}	0
1450	412	447	{}	1
1451	412	516	{}	2
1452	412	450	{}	3
1453	413	497	{}	0
1454	413	527	{}	1
1455	413	521	{}	2
1456	413	524	{}	3
1457	414	385	{}	0
1458	414	380	{}	1
1459	414	449	{}	2
1460	414	442	{}	3
1461	415	407	{}	0
1462	415	496	{}	1
1463	415	472	{}	2
1464	415	522	{}	3
1465	416	377	{}	0
1466	416	433	{}	1
1467	416	486	{}	2
1468	416	529	{}	3
1469	417	445	{}	0
1470	417	526	{}	1
1471	417	518	{}	2
1472	417	508	{}	3
1473	418	394	{}	0
1474	418	461	{}	1
1475	418	399	{}	2
1476	418	520	{}	3
1477	419	422	{}	0
1478	419	476	{}	1
1479	419	346	{pullup}	2
1480	419	507	{}	3
1481	420	413	{}	0
1482	420	451	{}	1
1483	420	534	{}	2
1484	420	350	{}	3
1485	421	401	{}	0
1486	421	361	{pullup}	1
1487	421	510	{}	2
1488	421	358	{}	3
1489	422	468	{}	0
1490	422	484	{}	1
1491	422	394	{}	2
1492	422	465	{}	3
1493	423	461	{}	0
1494	423	532	{}	1
1495	423	536	{}	2
1496	423	463	{}	3
1497	424	383	{}	0
1498	424	493	{}	1
1499	424	478	{}	2
1500	424	377	{}	3
1501	425	415	{}	0
1502	425	368	{pullup}	1
1503	425	488	{}	2
1504	425	467	{}	3
1505	426	459	{}	0
1506	426	353	{}	1
1507	426	455	{}	2
1508	426	538	{}	3
1509	427	404	{}	0
1510	427	425	{pullup}	1
1511	427	470	{pullup}	2
1512	427	435	{}	3
1513	428	434	{}	0
1514	428	525	{}	1
1515	428	400	{}	2
1516	428	496	{}	3
1517	429	380	{}	0
1518	429	497	{}	1
1519	429	481	{}	2
1520	429	515	{}	3
1521	430	489	{}	0
1522	430	449	{}	1
1523	430	514	{}	2
1524	430	535	{}	3
1525	431	403	{}	0
1526	431	423	{}	1
1527	431	422	{}	2
1528	431	517	{}	3
1529	432	441	{}	0
1530	432	371	{pullup}	1
1531	432	487	{pullup}	2
1532	432	511	{}	3
1533	433	389	{}	0
1534	433	509	{}	1
1535	433	483	{}	2
1536	433	390	{}	3
1537	434	516	{}	0
1538	434	520	{}	1
1539	434	492	{}	2
1540	434	346	{}	3
1541	435	432	{}	0
1542	435	512	{pullup}	1
1543	435	416	{}	2
1544	435	480	{}	3
1545	436	386	{}	0
1546	436	442	{}	1
1547	436	445	{}	2
1548	436	537	{}	3
1549	437	446	{}	0
1550	437	513	{}	1
1551	437	413	{}	2
1552	437	379	{}	3
1553	438	429	{}	0
1554	438	462	{}	1
1555	438	474	{}	2
1556	438	399	{}	3
1557	439	384	{}	0
1558	439	521	{}	1
1559	439	372	{}	2
1560	439	477	{}	3
1561	440	388	{}	0
1562	440	364	{}	1
1563	440	395	{}	2
1564	440	457	{pullup}	3
1565	441	397	{}	0
1566	441	405	{}	1
1567	441	352	{}	2
1568	441	530	{}	3
1569	442	414	{}	0
1570	442	494	{}	1
1571	442	374	{}	2
1572	442	527	{}	3
1573	443	522	{pullup}	0
1574	443	411	{}	1
1575	443	491	{}	2
1576	443	447	{}	3
1577	444	482	{}	0
1578	444	412	{}	1
1579	444	443	{}	2
1580	444	526	{}	3
1581	445	359	{}	0
1582	445	505	{}	1
1583	445	409	{}	2
1584	445	533	{}	3
1585	446	408	{}	0
1586	446	498	{}	1
1587	446	356	{}	2
1588	446	362	{}	3
1589	447	504	{}	0
1590	447	357	{pullup}	1
1591	447	456	{}	2
1592	447	433	{}	3
1593	448	351	{}	0
1594	448	349	{}	1
1595	448	396	{}	2
1596	448	427	{}	3
1597	449	354	{}	0
1598	449	529	{}	1
1599	449	507	{}	2
1600	449	370	{}	3
1601	450	451	{}	0
1602	450	348	{}	1
1603	450	417	{}	2
1604	450	437	{}	3
1605	451	431	{}	0
1606	451	385	{}	1
1607	451	439	{}	2
1608	451	534	{}	3
1609	452	518	{pullup}	0
1610	452	453	{}	1
1611	452	450	{}	2
1612	452	523	{}	3
1613	453	387	{}	0
1614	453	430	{}	1
1615	453	350	{}	2
1616	453	428	{}	3
1617	454	503	{}	0
1618	454	407	{}	1
1619	454	402	{}	2
1620	454	398	{}	3
1621	455	508	{pullup}	0
1622	455	418	{}	1
1623	455	500	{}	2
1624	455	436	{}	3
1625	456	438	{}	0
1626	456	367	{}	1
1627	456	476	{}	2
1628	456	475	{}	3
1629	457	499	{pullup}	0
1630	457	524	{}	1
1631	457	444	{}	2
1632	457	495	{}	3
1633	458	423	{}	0
1634	458	388	{}	1
1635	458	368	{}	2
1636	458	510	{}	3
1637	459	430	{}	0
1638	459	537	{pullup}	1
1639	459	442	{}	2
1640	459	489	{}	3
1641	460	463	{pullup}	0
1642	460	389	{}	1
1643	460	390	{pullup}	2
1644	460	394	{}	3
1645	461	357	{}	0
1646	461	538	{pullup}	1
1647	461	457	{}	2
1648	461	459	{}	3
1649	462	483	{}	0
1650	462	456	{pullup}	1
1651	462	348	{}	2
1652	462	351	{}	3
1653	463	470	{}	0
1654	463	481	{}	1
1655	463	509	{}	2
1656	463	532	{pullup}	3
1657	464	353	{}	0
1658	464	504	{}	1
1659	464	524	{}	2
1660	464	409	{}	3
1661	465	526	{}	0
1662	465	346	{}	1
1663	465	379	{}	2
1664	465	475	{}	3
1665	466	498	{}	0
1666	466	438	{}	1
1667	466	517	{}	2
1668	466	349	{}	3
1669	467	359	{}	0
1670	467	444	{}	1
1671	467	503	{}	2
1672	467	516	{}	3
1673	468	496	{}	0
1674	468	437	{}	1
1675	468	530	{}	2
1676	468	492	{}	3
1677	469	507	{}	0
1678	469	495	{}	1
1679	469	398	{}	2
1680	469	455	{}	3
1681	470	514	{}	0
1682	470	515	{}	1
1683	470	446	{}	2
1684	470	436	{}	3
1685	471	352	{}	0
1686	471	488	{}	1
1687	471	512	{}	2
1688	471	536	{}	3
1689	472	525	{}	0
1690	472	429	{}	1
1691	472	383	{}	2
1692	472	497	{}	3
1693	473	439	{}	0
1694	473	387	{}	1
1695	473	435	{}	2
1696	473	405	{}	3
1697	474	364	{}	0
1698	474	400	{}	1
1699	474	380	{}	2
1700	474	372	{}	3
1701	475	465	{}	0
1702	475	415	{}	1
1703	475	425	{}	2
1704	475	432	{}	3
1705	476	433	{}	0
1706	476	508	{}	1
1707	476	529	{}	2
1708	476	449	{}	3
1709	477	428	{}	0
1710	477	399	{}	1
1711	477	482	{}	2
1712	477	395	{}	3
1713	478	427	{}	0
1714	478	422	{}	1
1715	478	493	{}	2
1716	478	361	{}	3
1717	479	527	{}	0
1718	479	402	{}	1
1719	479	533	{}	2
1720	479	385	{}	3
1721	480	511	{}	0
1722	480	396	{}	1
1723	480	354	{}	2
1724	480	499	{}	3
1725	481	367	{}	0
1726	481	491	{}	1
1727	481	453	{}	2
1728	481	521	{}	3
1729	482	478	{}	0
1730	482	408	{}	1
1731	482	407	{}	2
1732	482	403	{}	3
1733	483	374	{}	0
1734	483	416	{}	1
1735	483	505	{}	2
1736	483	484	{pullup}	3
1737	484	534	{pullup}	0
1738	484	397	{pullup}	1
1739	484	414	{}	2
1740	484	431	{}	3
1741	485	500	{pullup}	0
1742	485	404	{}	1
1743	485	462	{}	2
1744	485	401	{}	3
1745	486	447	{}	0
1746	486	377	{}	1
1747	486	418	{}	2
1748	486	474	{}	3
1749	487	523	{}	0
1750	487	350	{}	1
1751	487	384	{}	2
1752	487	445	{}	3
1753	488	417	{}	0
1754	488	468	{}	1
1755	488	461	{}	2
1756	488	434	{}	3
1757	489	513	{}	0
1758	489	358	{}	1
1759	489	520	{}	2
1760	489	451	{}	3
1761	490	467	{}	0
1762	490	480	{pullup}	1
1763	490	386	{}	2
1764	490	494	{}	3
1773	493	416	{}	0
1774	493	425	{}	1
1775	493	467	{}	2
1776	493	462	{}	3
1789	497	439	{}	0
1790	497	432	{}	1
1791	497	387	{}	2
1792	497	394	{}	3
1793	498	534	{}	0
1794	498	417	{}	1
1795	498	463	{}	2
1796	498	431	{}	3
1783	495	468	{}	2
1784	495	509	{}	3
1785	496	348	{}	0
1786	496	414	{}	1
1787	496	359	{}	2
1788	496	434	{}	3
1769	492	380	{}	0
1770	492	401	{}	1
1771	492	374	{}	2
1772	492	389	{}	3
1777	494	470	{}	0
1778	494	390	{}	1
1765	491	415	{}	0
1766	491	429	{}	1
1767	491	358	{}	2
1768	491	388	{}	3
1781	495	481	{}	0
1782	495	397	{}	1
1779	494	480	{}	2
1780	494	465	{}	3
1797	499	394	{}	0
1798	499	463	{}	1
1799	499	534	{}	2
1800	499	439	{}	3
1801	500	434	{}	0
1802	500	425	{}	1
1803	500	467	{}	2
1804	500	348	{}	3
1805	501	389	{}	0
1806	501	374	{}	1
1807	501	481	{}	2
1808	501	509	{}	3
1809	502	470	{}	0
1810	502	429	{}	1
1811	502	415	{}	2
1812	502	390	{}	3
1813	503	425	{}	0
1814	503	429	{}	1
1815	503	434	{}	2
1816	503	390	{}	3
1817	504	389	{}	0
1818	504	394	{}	1
1819	504	463	{}	2
1820	504	481	{}	3
\.


--
-- Data for Name: draw_teamsideallocation; Type: TABLE DATA; Schema: public; Owner: tabbycat
--

COPY public.draw_teamsideallocation (id, round_id, team_id, side) FROM stdin;
\.


--
-- Data for Name: dynamic_preferences_globalpreferencemodel; Type: TABLE DATA; Schema: public; Owner: tabbycat
--

COPY public.dynamic_preferences_globalpreferencemodel (id, section, name, raw_value) FROM stdin;
\.


--
-- Data for Name: jet_bookmark; Type: TABLE DATA; Schema: public; Owner: tabbycat
--

COPY public.jet_bookmark (id, url, title, user_id, date_add) FROM stdin;
\.


--
-- Data for Name: jet_pinnedapplication; Type: TABLE DATA; Schema: public; Owner: tabbycat
--

COPY public.jet_pinnedapplication (id, app_label, user_id, date_add) FROM stdin;
\.


--
-- Data for Name: motions_debateteammotionpreference; Type: TABLE DATA; Schema: public; Owner: tabbycat
--

COPY public.motions_debateteammotionpreference (id, preference, ballot_submission_id, debate_team_id, motion_id) FROM stdin;
\.


--
-- Data for Name: motions_motion; Type: TABLE DATA; Schema: public; Owner: tabbycat
--

COPY public.motions_motion (id, text, reference, info_slide, tournament_id) FROM stdin;
1	Hkmet, bakalarnn iyilii iin zveride bulunmann yceltilmesinden pimandr.	a		1
2	Hkmet mlteci ebeveynler olarak, ocuklarn karma okullar yerine aznlk okullarna gnderir.	a	<p>Info: Aznlk okullar, bir lkenin yerlisi ya da o lkeye gmen olarak gelmi, aznlk bir etnik kkene mensup olan kiilerce kurulmu ve sadece o etnik kkene mensup kiilerin kabul edildii okullardr. Bu okullar kendi mfredatn belirleme yetkisine sahiptir.</p>	1
3	hik	a		1
4	Hkmet aile olarak ocuunu sakatlard	a	<p>Kan vergisi, Osmanl mparatorluu'nda fethedilen Hristiyan topraklarndan genellikle 8-10 ya aras erkek ocuklarn alnmasna ynelik bir sistemdi. Osmanl , ocuklar genellikle kkenleri hakknda hibir bilgi sahibi olmadan slam dinine gre yetitiriyordu. Osmanl mparatorluu'nda erkek ocuklar askeri eitim alr ve 20 yana geldiklerinde sekin Yenieri askeri birliklerine atanrlard. Osmanl ordusu ciddi fiziksel kusurlar olan (gzleri oyulmu, elleri kesilmi) erkek ocuklarn kabul etmiyordu. Baz aileler, ocuklarnn karlmasn nlemek iin kastl olarak ocuklarn sakatlad.</p>	1
13	Snf bakanlar seim yerine retmenin tercihiyle belirlenmelidir/belirlenmemelidir.	retmen		6
5	Hkmet insan sepeti uygulamasnn var olduu bir dnyay tercih eder.	Kurgu	<p><span id="docs-internal-guid-0a442e6f-7fff-e6c6-ad06-d30f4b69bdac"><span style="font-size: 12pt; font-family: Arial, sans-serif; color: rgb(0, 0, 0); background-color: transparent; font-variant-numeric: normal; font-variant-east-asian: normal; font-variant-alternates: normal; font-variant-position: normal; font-variant-emoji: normal; vertical-align: baseline; white-space-collapse: preserve;">nsan Sepeti; kiilerin gn iinde 20 dakikadan fazla konutuu, iletiimde veya ayn ortamda bulunduu herkesi bir uygulama zerinden yldz vererek deerlendirdii bir sistemdir. Bahsi geen iletiimlere her trl iletiim dahildir, romantik bir iletiim olmasna gerek yoktur. Sistem zerinden kiiyi belli kriterlere gre deerlendirmeniz gerekir (nezaket, giyim, konuma ekli, beden dili vs.). Deerlendirmeler anonimdir ve bu deerlendirmeler sonucu oluan ortalama puannz herkese ak ekilde, banzn stnde yazmaktadr. </span></span></p>	2
6	HK, acsz toplum, zgr deildir.	felsefe	<p><span id="docs-internal-guid-ec0a9d22-7fff-068c-1284-2adb5ce2ea9a"><span style="font-size: 11pt; font-family: Arial, sans-serif; color: rgb(0, 0, 0); background-color: transparent; font-variant-numeric: normal; font-variant-east-asian: normal; font-variant-alternates: normal; font-variant-position: normal; font-variant-emoji: normal; vertical-align: baseline; white-space-collapse: preserve;">BLG NOTU: Byung-Chul Hana gre modern toplum, acdan kanmak ve her eyi arsz hale getirmek zerine kuruludur. nsanlar artk acya, yoksunlua, hatta anlaml bir mcadeleye bile tahamml edememektedir. Bu yzden, duygusal derinlik yerini srekli bir iyi hissetme zorunluluuna brakmtr. Hana gre ac, insann kendini ve dnyay dntrmesinde bir aratr.</span></span></p>	2
7	Hkmet nanr Ki; Louvre Mzesi soygunu merudur.	Meruiyet		3
8	Hkmet nanr Ki gelimemi lkelerde niversiteye giden nfusun artmas faydadan ok zarar getirmitir.	ni		5
9	Hkmet hrszln vld ya da merulatrld eserlerin (rn. Robin Hood, Hrszlar etesi, La Casa de Papel, Oceans Eleven, Catch Me If You Can vbg.) varlndan pimandr.	Toplum		5
10	Hkmet nanr Ki Su sutur	hukuk	<p>Su sutur anlay; cezalandrmada ya kkl, etkin pimanlk, failin gemii gibi nedenlerden kaynakl yaplan ceza indirimlerinin olmamas gerektiini ve cezann sadece syun ilenip ilenmemesine gre verilmesi gerektiini savunan bir grtr. (rnein bir ceza davasnda baklacak ey failin zellikleri deil de cinayetin ilenmesi olmaldr. Cinayet ileyen bir kii ya gemii ne olursa olsun ayn cezay almaldr)</p><div><br></div>	5
11	Hkmet nanr Ki, bu avantajlar kadnlara faydadan ok zarar getirmektedir.	Feminizm	<p>BLG NOTU: Beauty privilige: toplumun fiziksel olarak ekici ya da gzel kabul ettii kiilere, srf bu grnmleri nedeniyle farknda olmadan veya bilinli ekilde daha olumlu davranmas, onlara avantaj salamas anlamna gelir.</p>	5
12	Hkmet, AB olarak srdrlebilirlik fonlarn; iklim deiikliini nlemek yerine sonularyla baa kmaya ynlendirir.	Avrupa		5
14	Hkmet nanr Ki, niceliksel genileme gelimekte olan lkelere faydadan ok zarar getirmektedir	Econ	<p>Niceliksel genileme (QE), standart para politikas etkisiz hale geldiinde merkez bankalarnn ekonomiyi canlandrmak iin kulland bir para politikas trdr. Bir merkez bankas, ticari bankalardan ve dier zel kurululardan belirli miktarlarda finansal varlk satn alarak, bu finansal varlklarn fiyatlarn ykseltirken ayn zamanda para arzn da artrarak niceliksel genileme uygular.</p>	5
15	Hkmet "Aileden bamszlamann" poplerletii dnyay tercih eder.	aile	<p dir="ltr" style="line-height:1.38;margin-top:0pt;margin-bottom:0pt;"><span style="font-size:11pt;font-family:Arial,sans-serif;color:#000000;background-color:transparent;font-weight:400;font-style:normal;font-variant:normal;text-decoration:none;vertical-align:baseline;white-space:pre;white-space:pre-wrap;">BLG NOTU:"Aileden bamszlama" aile evinden ayrlmak ve kiinin anne babasndan maddi&nbsp;</span></p><p><span id="docs-internal-guid-86a8e210-7fff-e50f-679f-1ccc129de136"><span style="font-size: 11pt; font-family: Arial, sans-serif; color: rgb(0, 0, 0); background-color: transparent; font-variant-numeric: normal; font-variant-east-asian: normal; font-variant-alternates: normal; font-variant-position: normal; font-variant-emoji: normal; vertical-align: baseline; white-space-collapse: preserve;">olarak destek almamas demektir."</span><span style="font-size: 11pt; font-family: Arial, sans-serif; color: rgb(0, 0, 0); background-color: transparent; font-variant-numeric: normal; font-variant-east-asian: normal; font-variant-alternates: normal; font-variant-position: normal; font-variant-emoji: normal; vertical-align: baseline; white-space-collapse: preserve;"><span class="Apple-tab-span" style="text-wrap-mode: nowrap;">\t</span></span></span></p>	11
16	HSK Malpraktis davalarnda ceza yarglamas kaldrlmaldr.	Hukuk	<p>Malpraktis, hekimin veya salk personelinin, mesleini icra ederken standart bilgi, beceri ve zen ykmllne aykr davranarak hastann zarar grmesine neden olmasdr. Yaanabilecek komplikasyonlar (doktorun tahmin edemeyecei/zen ykmllnn yerine getirilmesine ramen oluan zararlar) malpraktis deildir.&nbsp;<span style="font-family: -apple-system, BlinkMacSystemFont, &quot;Segoe UI&quot;, Roboto, &quot;Helvetica Neue&quot;, Arial, &quot;Noto Sans&quot;, sans-serif, &quot;Apple Color Emoji&quot;, &quot;Segoe UI Emoji&quot;, &quot;Segoe UI Symbol&quot;, &quot;Noto Color Emoji&quot;; font-size: 1rem;">Herhangi bir salk alannn malpraktis nedeniyle bir hastay madur etmesi durumunda 2 ayr dava alr. bu davalardan ilki hukuk yarglamasdr.. hukuk yarglamas sonucunda kiinin tazminat demesi gerekir ve eer ortaya kan sonu arsa (rnein hastann malpraktis nedeniyle lmesi, uzuv kaybetmesi vs.) kii mesleinden men edilir. Bu 2 sonucun domas iin hukuk yarglamas yaplr.&nbsp;</span><span style="font-family: -apple-system, BlinkMacSystemFont, &quot;Segoe UI&quot;, Roboto, &quot;Helvetica Neue&quot;, Arial, &quot;Noto Sans&quot;, sans-serif, &quot;Apple Color Emoji&quot;, &quot;Segoe UI Emoji&quot;, &quot;Segoe UI Symbol&quot;, &quot;Noto Color Emoji&quot;; font-size: 1rem;">2.dava ise ceza yarglamasdr. Ceza yarglamasnda hastada oluan zarar ne ise salk personeli&nbsp; bu zarara taksirle neden olmu ekilde cezalandrlr.Buna da ceza yarglamas denilir.</span></p><div><br></div>	11
17	HSK 2 yldan fazla bo duran ve kullanlmayan mlklere ek vergi uygulanmaldr.	birey devlet		11
18	HK, bu dezavantajl kesimden birinin, Cingz Recainin su ana girmesi merudur.	Meruiyet	<p><span data-sheets-root="1" style="color: rgb(0, 0, 0); font-size: 12pt; font-family: Arial; text-align: center;">Cingz Recai trk edebiyat tarihinin nemli karakterlerinden biridir. Kendisi sosyoekonomik olarak dezavantajl bir gemiten gelmitir. Bir gn annesinin hakkn vermeyen zengin bir adamn evini soyup hrszla balamtr. Zaman ierisinde hrszlk konusunda ustalamtr ve ne yaplrsa yaplsn yakalanamaz birisine dnp istanbulun en mehur hrsz haline gelmitir. Bu srete ald insanlarn tamam ehirdeki fakir insanlarn hakkn yiyenlerdir ve temiz bir ekilde zengin olan insanlarn mal varlna karmaz. Kazandnn nemli bir ksmn bulunduu semtteki fakir insanlara vermitir ve zaman ierisinde bu insanlardan oluan byk bir su a oluturmutur.</span></p>	11
19	HK Devletlerin doum piyangosunun etkilerini aza indirgemeye/ortadan kaldrmaya ynelik politikalar yapma sorumluluklar yoktur.	doum piyangosu		11
20	Hkmet hap yutar.	Toplum	<p><span data-sheets-root="1" style="font-size: 12pt; font-family: Arial; text-align: center;"><font color="#000000">Bireylerin bilin dzeylerini drerek huzurlu bir yaam srmelerine olanak<br>tanyan bir ila bulunmaktadr. Bu ilac kullanan kiiler yaamlarndan memnuniyet<br>duymakta ve tatmin olmu hissetmektedir; ancak mevcut yaam koullarn<br>deitirmeye istekli deillerdir ve baz toplumsal meseleler (rnein, siyaset, iklim<br>deiiklii vbg.) karsnda kaytsz kalmaktadrlar.</font></span></p>	11
21	HK, Zohran Mamdaninin seilmesi demokrat parti iin faydadan ok zarar getirecektir.	ABD Siyaseti		11
22	Hkmet nanr Ki ebeveynler, ocuklarn hayatn zor ve mcadeleci olduuyla erken yata yzleecek ekilde yetitirmelidir. (rnein ocuunu yazlar altrmak, ihtiyac olmayan isteklerini reddetmek vb.)	ebeveyn		12
23	Hkmet nanr Ki, 21.yzylda yaayan bir bireyin, hayatn bu trende gre ekillendirmesi ona faydadan ok zarar getirmektedir.	birey	<p><span id="docs-internal-guid-520ee5e4-7fff-0c2a-fc08-7a38be7a8050"><span style="font-size: 11pt; font-family: Arial, sans-serif; color: rgb(0, 0, 0); background-color: transparent; font-variant-numeric: normal; font-variant-east-asian: normal; font-variant-alternates: normal; font-variant-position: normal; font-variant-emoji: normal; vertical-align: baseline; white-space-collapse: preserve;">BLG NOTU:&nbsp; Verimli olma trendi, dijitalleen dnyann insan hayatna getirdii yenilikler sonucu ortaya km bir kavramdr. Bireyin var olan zamanndan maximum verimi alacak ekilde yaamasn tevik eder. Pomodoro teknii, mikro kurslar ile srekli renme hali, bullet journaling, digital minimalizm bu tevikin somut rneklerindendir.</span></span></p>	12
24	Hkmet Savunur Ki, gelime rekabetinde geride kalm ehirlerin baarszl engellenmeye allmaldr (altyap hizmeti gtrmek, sanayi kurulular yaratmak vbg.).	ehirleme		12
25	Hkmet Savunur Ki, Trkiyede genler iin niversite sonras zorunlu toplumsal hizmet program uygulanmaldr.	Birey-Devlet	<p>Zorunlu toplumsal hizmet programlar, kiilerin okullarndan mezun olmalar sonrasnda okuduklar alana dair devletin ihtiya duyduu alanlarda almalarn zorunlu tutan bir i modelidir. rnein hukuk okuyan biri mezun olduunda devletin hakim a varsa zorunlu olarak hakim olmaldr.</p><div><br></div>	12
26	Hkmet nanr Ki; bu salgna zm bulabilmek adna, bu dnyada sralamada en altta kalan insanlar zerinde ac ektirecek deneyler yapmak (tbbi deneyler, bilimsel deneyler vbg.) merudur.	Meruiyet	<p>Dnya byk salgnla kar karya ve bu salgna uzun sredir zm bulunamyor. Bilim insanlar bu hastala zm olacak ilacn ancak insanlar zerinde deney yaparak bulunabileceini sylyor.&nbsp;<span style="font-family: -apple-system, BlinkMacSystemFont, &quot;Segoe UI&quot;, Roboto, &quot;Helvetica Neue&quot;, Arial, &quot;Noto Sans&quot;, sans-serif, &quot;Apple Color Emoji&quot;, &quot;Segoe UI Emoji&quot;, &quot;Segoe UI Symbol&quot;, &quot;Noto Color Emoji&quot;; font-size: 1rem;">Yaadmz bu toplumda insanlarn topluma olan aktif faydalarn (iyi bir insan olma, su ilememe, yardm sever olma vbg.) sralayabiliyoruz.&nbsp;</span><span style="font-family: -apple-system, BlinkMacSystemFont, &quot;Segoe UI&quot;, Roboto, &quot;Helvetica Neue&quot;, Arial, &quot;Noto Sans&quot;, sans-serif, &quot;Apple Color Emoji&quot;, &quot;Segoe UI Emoji&quot;, &quot;Segoe UI Symbol&quot;, &quot;Noto Color Emoji&quot;; font-size: 1rem;">Bu toplumdaki 8 milyar insan topluma olan faydalarna/zararlarna gre net ve doru bir ekilde sralayabiliyoruz.</span></p>	12
27	Hkmet Savunur Ki; ila irketlerinin patent haklar olmamaldr.	Salk		12
28	Hkmet, uluslararas hegamonyann Amerika'dan in'e geeceini ngrr.	Uluslararas likiler		12
\.


--
-- Data for Name: motions_roundmotion; Type: TABLE DATA; Schema: public; Owner: tabbycat
--

COPY public.motions_roundmotion (id, seq, motion_id, round_id) FROM stdin;
1	1	1	1
2	1	2	2
3	1	3	3
4	1	4	4
5	1	5	5
6	1	6	6
7	1	7	10
8	1	8	21
9	1	9	22
10	1	10	23
11	1	11	24
12	1	12	27
13	1	13	28
14	1	14	26
15	1	15	51
16	1	16	52
17	1	17	53
18	1	18	54
19	1	19	58
20	1	20	57
21	1	21	56
22	1	22	59
23	1	23	60
24	1	24	61
25	1	25	62
26	1	26	66
27	1	27	65
28	1	28	64
\.


--
-- Data for Name: notifications_bulknotification; Type: TABLE DATA; Schema: public; Owner: tabbycat
--

COPY public.notifications_bulknotification (id, event, "timestamp", round_id, tournament_id, body_template, subject_template) FROM stdin;
\.


--
-- Data for Name: notifications_emailstatus; Type: TABLE DATA; Schema: public; Owner: tabbycat
--

COPY public.notifications_emailstatus (id, "timestamp", event, data, email_id) FROM stdin;
\.


--
-- Data for Name: notifications_participantwebpushdevice; Type: TABLE DATA; Schema: public; Owner: tabbycat
--

COPY public.notifications_participantwebpushdevice (webpushdevice_ptr_id, language, participant_id, tournament_id) FROM stdin;
\.


--
-- Data for Name: notifications_sentmessage; Type: TABLE DATA; Schema: public; Owner: tabbycat
--

COPY public.notifications_sentmessage (id, "timestamp", method, recipient_id, context, email, notification_id, message_id, hook_id) FROM stdin;
\.


--
-- Data for Name: options_tournamentpreferencemodel; Type: TABLE DATA; Schema: public; Owner: tabbycat
--

COPY public.options_tournamentpreferencemodel (id, section, name, raw_value, instance_id) FROM stdin;
1728	debate_rules	teams_in_debate	2	1
1729	debate_rules	side_names	aff-neg	1
1918	draw_rules	draw_skip_adj_checkins	False	12
1919	draw_rules	no_panellist_position	False	12
1920	draw_rules	no_trainee_position	False	12
1921	draw_rules	bye_team_results	none	12
1922	draw_rules	bye_team_selection	off	12
1923	draw_rules	max_times_on_one_side	0	12
1924	feedback	adj_min_score	0.0	12
1926	feedback	feedback_paths	with-p-on-c	12
1927	feedback	feedback_from_teams	orallist	12
1928	feedback	show_unexpected_feedback	True	12
1929	feedback	show_unaccredited	False	12
1930	feedback	feedback_introduction		12
1934	debate_rules	winners_in_ballots	none	12
1939	debate_rules	require_substantive_for_reply	True	12
1940	debate_rules	speaker_ranks	none	12
1942	debate_rules	enable_forfeits	False	12
1944	standings	standings_missed_replies	-1	12
1946	standings	team_standings_extra_metrics	\N	12
1950	tab_release	team_tab_limit	0	12
1952	tab_release	speaker_tab_limit	0	12
1953	tab_release	replies_tab_released	False	12
1954	tab_release	replies_tab_limit	0	12
1955	tab_release	break_category_tabs_released	False	12
1956	tab_release	speaker_category_tabs_released	False	12
1958	tab_release	adjudicators_tab_released	False	12
1959	tab_release	adjudicators_tab_shows	final	12
1962	tab_release	private_ballots_released	False	12
1979	public_features	search_engine_indexing	all	12
1980	public_features	public_participants	False	12
1981	public_features	public_institutions_list	False	12
1985	public_features	public_side_allocations	False	12
1990	public_features	public_record	True	12
1993	public_features	feedback_progress	False	12
1994	public_features	public_schedule	False	12
1995	public_features	tournament_staff		12
1996	public_features	welcome_message		12
1997	ui_options	show_splitting_adjudicators	False	12
1998	ui_options	team_code_names	off	12
1999	ui_options	participant_code_names	off	12
2000	ui_options	show_emoji	True	12
2003	ui_options	show_speakers_in_draw	True	12
2004	ui_options	show_seed_in_importer	off	12
2005	email	reply_to_name	Tabulation Team	12
2006	email	reply_to_address		12
2007	email	email_hook_key		12
2008	email	enable_ballot_receipts	False	12
2009	email	ballot_email_subject	Your ballot for {{ DEBATE }} has been received	12
2010	email	ballot_email_message	<p>Hi {{ USER }},</p><p>Your ballot for {{ DEBATE }} has been successfully received, with these scores:</p>{{ SCORES }}<p>If there are any problems, please contact the tab team.</p>	12
2011	\N	team_points_email_subject	{{ TEAM }}'s current wins after {{ ROUND }}: {{ POINTS }}	12
2012	\N	team_points_email_message	<p>Hi {{ USER }},</p>After {{ ROUND }}, your team ({{ TEAM }}) currently has <strong>{{ POINTS }}</strong> wins in the {{ TOURN }}.</p><p>Current Standings: {{ URL }}</p>	12
2013	\N	adj_email_subject	Your assigned debate for {{ ROUND }}: {{ VENUE }}	12
1933	debate_rules	ballots_per_debate_elim	per-debate	12
1932	debate_rules	ballots_per_debate_prelim	per-debate	12
1941	debate_rules	preparation_time	15	12
1938	debate_rules	reply_scores_enabled	False	12
1937	debate_rules	side_names	gov-opp	12
1935	debate_rules	speakers_in_ballots	prelim	12
1936	debate_rules	substantive_speakers	2	12
1931	debate_rules	teams_in_debate	4	12
1901	draw_rules	avoid_same_institution	False	12
1925	feedback	adj_max_score	10.0	12
1947	standings	speaker_standings_precedence	total	12
1943	standings	standings_missed_debates	-1	12
1945	standings	team_standings_precedence	points//speaks_sum//firsts//seconds//draw_strength	12
2002	ui_options	show_adjudicator_institutions	True	12
2001	ui_options	show_team_institutions	False	12
1992	public_features	public_breaking_adjs	True	12
1987	public_features	public_results	True	12
1988	public_features	public_motions	True	12
1989	public_features	public_team_standings	False	12
1961	tab_release	all_results_released	True	12
1965	data_entry	public_use_password	False	12
1963	data_entry	participant_ballots	private-urls	12
1966	data_entry	public_password		12
1967	data_entry	disable_ballot_confirms	False	12
1968	data_entry	enable_blind_checks	False	12
1969	data_entry	assistant_access	all_areas	12
1970	data_entry	public_checkins_submit	False	12
1971	data_entry	checkin_window_people	12.0	12
1972	data_entry	checkin_window_venues	2.0	12
1973	data_entry	ballots_confirm_digits	True	12
1974	data_entry	score_return_location	TBA	12
1975	data_entry	feedback_return_location	TBA	12
1976	data_entry	enable_postponements	False	12
1977	data_entry	individual_ballots	False	12
1978	data_entry	ballots_hide_motions	False	12
1984	public_features	public_break_categories	False	12
1991	public_features	public_breaking_teams	True	12
1983	public_features	public_checkins	False	12
1982	public_features	public_diversity	True	12
1986	public_features	public_draw	off	12
1960	tab_release	ballots_released	True	12
1957	tab_release	motion_tab_released	True	12
1951	tab_release	speaker_tab_released	True	12
1730	public_features	public_results	False	1
1731	scoring	score_min	68	1
1732	scoring	score_max	82	1
1733	scoring	score_step	1	1
1734	scoring	maximum_margin	0.0	1
1735	scoring	reply_score_min	34.0	1
1736	scoring	reply_score_max	41.0	1
1737	scoring	reply_score_step	0.5	1
1738	scoring	margin_includes_dissenters	False	1
1739	scoring	ballot_introduction		1
1740	scoring	teamscore_includes_ghosts	True	1
1741	draw_rules	adj_min_voting_score	1.5	1
1742	draw_rules	adj_conflict_penalty	1000000	1
1743	draw_rules	adj_history_penalty	10000	1
1744	draw_rules	preformed_panel_mismatch_penalty	10000000	1
1745	draw_rules	team_institution_penalty	1	1
1746	draw_rules	team_history_penalty	1000	1
1747	draw_rules	avoid_same_institution	True	1
1748	draw_rules	avoid_team_history	True	1
1749	draw_rules	pullup_debates_penalty	0	1
1750	draw_rules	side_penalty	0	1
1751	draw_rules	pairing_penalty	0	1
1752	draw_rules	max_times_per_side	5	1
1753	draw_rules	draw_odd_bracket	intermediate_bubble_up_down	1
1754	draw_rules	draw_side_allocations	balance	1
1755	draw_rules	draw_pairing_method	slide	1
1756	draw_rules	draw_avoid_conflicts	one_up_one_down	1
1757	draw_rules	draw_pullup_restriction	none	1
1758	draw_rules	draw_pullup_penalty	0	1
1759	draw_rules	bp_pullup_distribution	anywhere	1
1760	draw_rules	bp_position_cost	entropy	1
1761	draw_rules	bp_renyi_order	1.0	1
1762	draw_rules	bp_position_cost_exponent	4.0	1
1763	draw_rules	bp_assignment_method	hungarian_preshuffled	1
1764	draw_rules	draw_skip_adj_checkins	False	1
1765	draw_rules	no_panellist_position	False	1
1766	draw_rules	no_trainee_position	False	1
1767	draw_rules	bye_team_results	none	1
1768	draw_rules	bye_team_selection	off	1
1769	draw_rules	max_times_on_one_side	0	1
1770	feedback	adj_min_score	0.0	1
1771	feedback	adj_max_score	5.0	1
1772	feedback	feedback_paths	with-p-on-c	1
1773	feedback	feedback_from_teams	orallist	1
1774	feedback	show_unexpected_feedback	True	1
1775	feedback	show_unaccredited	False	1
1776	feedback	feedback_introduction		1
1777	debate_rules	ballots_per_debate_prelim	per-adj	1
1778	debate_rules	ballots_per_debate_elim	per-adj	1
1779	debate_rules	winners_in_ballots	none	1
1780	debate_rules	speakers_in_ballots	always	1
1781	debate_rules	substantive_speakers	3	1
1782	debate_rules	reply_scores_enabled	True	1
1783	debate_rules	require_substantive_for_reply	True	1
1784	debate_rules	speaker_ranks	none	1
1785	debate_rules	preparation_time	-1	1
1786	debate_rules	enable_forfeits	False	1
1787	standings	standings_missed_debates	-1	1
1788	standings	standings_missed_replies	-1	1
162	scoring	reply_score_min	34.0	2
163	scoring	reply_score_max	41.0	2
164	scoring	reply_score_step	0.5	2
165	scoring	margin_includes_dissenters	False	2
166	scoring	ballot_introduction		2
168	draw_rules	adj_min_voting_score	1.5	2
169	draw_rules	adj_conflict_penalty	1000000	2
170	draw_rules	adj_history_penalty	10000	2
171	draw_rules	preformed_panel_mismatch_penalty	10000000	2
172	draw_rules	team_institution_penalty	1	2
173	draw_rules	team_history_penalty	1000	2
1789	standings	team_standings_precedence	wins//speaks_avg	1
176	draw_rules	pullup_debates_penalty	0	2
177	draw_rules	side_penalty	0	2
178	draw_rules	pairing_penalty	0	2
179	draw_rules	max_times_per_side	5	2
180	draw_rules	draw_odd_bracket	intermediate_bubble_up_down	2
181	draw_rules	draw_side_allocations	balance	2
182	draw_rules	draw_pairing_method	slide	2
183	draw_rules	draw_avoid_conflicts	one_up_one_down	2
184	draw_rules	draw_pullup_restriction	none	2
185	draw_rules	draw_pullup_penalty	0	2
1619	debate_rules	ballots_per_debate_elim	per-debate	11
175	draw_rules	avoid_team_history	False	2
187	draw_rules	bp_position_cost	entropy	2
188	draw_rules	bp_renyi_order	1.0	2
161	scoring	maximum_margin	0.0	2
159	scoring	score_max	99	2
158	scoring	score_min	50	2
160	scoring	score_step	1	2
167	scoring	teamscore_includes_ghosts	True	2
1790	standings	team_standings_extra_metrics	\N	1
1791	standings	speaker_standings_precedence	average	1
1792	standings	speaker_standings_extra_metrics	stdev//count	1
1793	tab_release	team_tab_released	False	1
1794	tab_release	team_tab_limit	0	1
1795	tab_release	speaker_tab_released	False	1
1796	tab_release	speaker_tab_limit	0	1
1797	tab_release	replies_tab_released	False	1
1798	tab_release	replies_tab_limit	0	1
1799	tab_release	break_category_tabs_released	False	1
1800	tab_release	speaker_category_tabs_released	False	1
1801	tab_release	motion_tab_released	False	1
1802	tab_release	adjudicators_tab_released	False	1
1803	tab_release	adjudicators_tab_shows	final	1
1804	tab_release	ballots_released	False	1
1805	tab_release	all_results_released	False	1
1806	tab_release	private_ballots_released	False	1
191	draw_rules	draw_skip_adj_checkins	False	2
192	draw_rules	no_panellist_position	False	2
193	draw_rules	no_trainee_position	False	2
194	draw_rules	bye_team_results	none	2
195	draw_rules	bye_team_selection	off	2
196	draw_rules	max_times_on_one_side	0	2
197	feedback	adj_min_score	0.0	2
199	feedback	feedback_paths	with-p-on-c	2
200	feedback	feedback_from_teams	orallist	2
201	feedback	show_unexpected_feedback	True	2
202	feedback	show_unaccredited	False	2
203	feedback	feedback_introduction		2
207	debate_rules	winners_in_ballots	none	2
212	debate_rules	require_substantive_for_reply	True	2
213	debate_rules	speaker_ranks	none	2
215	debate_rules	enable_forfeits	False	2
217	standings	standings_missed_replies	-1	2
740	public_features	welcome_message		5
219	standings	team_standings_extra_metrics	\N	2
238	data_entry	public_use_password	False	2
239	data_entry	public_password		2
240	data_entry	disable_ballot_confirms	False	2
241	data_entry	enable_blind_checks	False	2
242	data_entry	assistant_access	all_areas	2
243	data_entry	public_checkins_submit	False	2
244	data_entry	checkin_window_people	12.0	2
245	data_entry	checkin_window_venues	2.0	2
246	data_entry	ballots_confirm_digits	True	2
247	data_entry	score_return_location	TBA	2
248	data_entry	feedback_return_location	TBA	2
249	data_entry	enable_postponements	False	2
250	data_entry	individual_ballots	False	2
251	data_entry	ballots_hide_motions	False	2
252	public_features	search_engine_indexing	all	2
253	public_features	public_participants	False	2
254	public_features	public_institutions_list	False	2
258	public_features	public_side_allocations	False	2
263	public_features	public_record	True	2
266	public_features	feedback_progress	False	2
267	public_features	public_schedule	False	2
269	public_features	welcome_message		2
270	ui_options	show_splitting_adjudicators	False	2
271	ui_options	team_code_names	off	2
272	ui_options	participant_code_names	off	2
273	ui_options	show_emoji	True	2
276	ui_options	show_speakers_in_draw	True	2
277	ui_options	show_seed_in_importer	off	2
278	email	reply_to_name	Tabulation Team	2
279	email	reply_to_address		2
280	email	email_hook_key		2
281	email	enable_ballot_receipts	False	2
282	email	ballot_email_subject	Your ballot for {{ DEBATE }} has been received	2
283	email	ballot_email_message	<p>Hi {{ USER }},</p><p>Your ballot for {{ DEBATE }} has been successfully received, with these scores:</p>{{ SCORES }}<p>If there are any problems, please contact the tab team.</p>	2
284	\N	team_points_email_subject	{{ TEAM }}'s current wins after {{ ROUND }}: {{ POINTS }}	2
285	\N	team_points_email_message	<p>Hi {{ USER }},</p>After {{ ROUND }}, your team ({{ TEAM }}) currently has <strong>{{ POINTS }}</strong> wins in the {{ TOURN }}.</p><p>Current Standings: {{ URL }}</p>	2
286	\N	adj_email_subject	Your assigned debate for {{ ROUND }}: {{ VENUE }}	2
206	debate_rules	ballots_per_debate_elim	per-debate	2
205	debate_rules	ballots_per_debate_prelim	per-debate	2
214	debate_rules	preparation_time	15	2
211	debate_rules	reply_scores_enabled	False	2
210	debate_rules	side_names	gov-opp	2
208	debate_rules	speakers_in_ballots	prelim	2
209	debate_rules	substantive_speakers	2	2
204	debate_rules	teams_in_debate	4	2
190	draw_rules	bp_assignment_method	hungarian_preshuffled	2
189	draw_rules	bp_position_cost_exponent	4.0	2
198	feedback	adj_max_score	10.0	2
221	standings	speaker_standings_extra_metrics	average//stdev	2
220	standings	speaker_standings_precedence	total	2
216	standings	standings_missed_debates	-1	2
275	ui_options	show_adjudicator_institutions	True	2
274	ui_options	show_team_institutions	False	2
265	public_features	public_breaking_adjs	True	2
260	public_features	public_results	True	2
261	public_features	public_motions	True	2
262	public_features	public_team_standings	False	2
234	tab_release	all_results_released	True	2
236	data_entry	participant_ballots	private-urls	2
237	data_entry	participant_feedback	private-urls	2
372	debate_rules	enable_forfeits	False	3
222	tab_release	team_tab_released	True	2
225	tab_release	speaker_tab_limit	0	2
226	tab_release	replies_tab_released	False	2
227	tab_release	replies_tab_limit	0	2
228	tab_release	break_category_tabs_released	False	2
224	tab_release	speaker_tab_released	True	2
231	tab_release	adjudicators_tab_released	False	2
232	tab_release	adjudicators_tab_shows	final	2
230	tab_release	motion_tab_released	True	2
233	tab_release	ballots_released	True	2
235	tab_release	private_ballots_released	False	2
257	public_features	public_break_categories	False	2
223	tab_release	team_tab_limit	0	2
264	public_features	public_breaking_teams	True	2
256	public_features	public_checkins	False	2
255	public_features	public_diversity	True	2
259	public_features	public_draw	off	2
287	\N	adj_email_message	<p>Hi {{ USER }},</p><p>You have been assigned as <strong>{{ POSITION }}</strong> adjudicator for {{ ROUND }} in <strong>{{ VENUE }}</strong> with the following panel: {{ PANEL }}</p><p>The debate is between these teams: {{ DRAW }}</p>	2
288	\N	team_draw_email_subject	Your assigned debate for {{ ROUND }}: {{ VENUE }}	2
289	\N	team_draw_email_message	<p>Hi {{ USER }},</p><p>You have been assigned as <strong>{{ SIDE }}</strong> for {{ ROUND }} in <strong>{{ VENUE }}</strong> with the following panel: {{ PANEL }}</p><p>The debate is between: {{ DRAW }}</p>	2
290	\N	url_email_subject	Your personal private URL for {{ TOURN }}	2
291	\N	url_email_message	<p>Hi {{ USER }},</p><p>At {{ TOURN }}, we are using an online tabulation system. You can submit your ballots and/or feedback at the following URL. This URL is unique to you  do not share it with anyone, as anyone who knows it can submit forms on your behalf. This URL will not change throughout this tournament, so we suggest bookmarking it.</p><p>Your personal private URL is:<br />{{ URL }}</p>	2
292	\N	motion_email_subject	Motions for {{ ROUND }}	2
293	\N	motion_email_message	<p>The motion(s) for {{ ROUND }} are:</p>{{ MOTIONS }}	2
294	\N	team_email_subject	Registration for {{ SHORT }}	2
295	\N	team_email_message	Hi {{ USER }},\n\nYou are registered as {{ LONG }} in {{ TOURN }} with {{ SPEAKERS }}.	2
298	motions	show_motions_in_results	False	2
299	motions	public_motions_order	reverse	2
300	motions	enable_motion_reuse	False	2
301	registration	speakers_in_team	3	2
302	registration	team_name_generator	user	2
303	registration	reg_team_fields	emoji,use_institution_prefix	2
304	registration	reg_speaker_fields	email	2
305	registration	reg_adjudicator_fields	email	2
306	registration	institution_registration	False	2
307	registration	institution_participant_registration	False	2
308	registration	reg_institution_slots	False	2
309	registration	open_team_registration	False	2
310	registration	open_adj_registration	False	2
311	registration	code_name_generator	emoji	2
312	registration	institution_register_message		2
313	registration	adjudicator_register_message		2
314	registration	team_register_message		2
174	draw_rules	avoid_same_institution	False	2
186	draw_rules	bp_pullup_distribution	anywhere	2
296	motions	enable_motions	False	2
297	motions	motion_vetoes_enabled	False	2
218	standings	team_standings_precedence	points//speaks_sum//firsts//seconds//draw_strength	2
268	public_features	tournament_staff	<strong>Tablama:</strong> [tablama personelini burada listele]<br><strong>Eitlik:</strong> [eitlik personelini burda listele]<br><strong>Organizasyon:</strong> [organizasyon komite yelerini burda listele]<br><strong>Jrilik:</strong> [ba jrileri burda listele]	2
319	scoring	reply_score_min	34.0	3
320	scoring	reply_score_max	41.0	3
321	scoring	reply_score_step	0.5	3
322	scoring	margin_includes_dissenters	False	3
323	scoring	ballot_introduction		3
325	draw_rules	adj_min_voting_score	1.5	3
326	draw_rules	adj_conflict_penalty	1000000	3
327	draw_rules	adj_history_penalty	10000	3
328	draw_rules	preformed_panel_mismatch_penalty	10000000	3
329	draw_rules	team_institution_penalty	1	3
330	draw_rules	team_history_penalty	1000	3
333	draw_rules	pullup_debates_penalty	0	3
334	draw_rules	side_penalty	0	3
335	draw_rules	pairing_penalty	0	3
336	draw_rules	max_times_per_side	5	3
337	draw_rules	draw_odd_bracket	intermediate_bubble_up_down	3
338	draw_rules	draw_side_allocations	balance	3
339	draw_rules	draw_pairing_method	slide	3
340	draw_rules	draw_avoid_conflicts	one_up_one_down	3
341	draw_rules	draw_pullup_restriction	none	3
342	draw_rules	draw_pullup_penalty	0	3
1807	data_entry	participant_ballots	off	1
348	draw_rules	draw_skip_adj_checkins	False	3
349	draw_rules	no_panellist_position	False	3
350	draw_rules	no_trainee_position	False	3
351	draw_rules	bye_team_results	none	3
352	draw_rules	bye_team_selection	off	3
353	draw_rules	max_times_on_one_side	0	3
354	feedback	adj_min_score	0.0	3
356	feedback	feedback_paths	with-p-on-c	3
357	feedback	feedback_from_teams	orallist	3
358	feedback	show_unexpected_feedback	True	3
359	feedback	show_unaccredited	False	3
360	feedback	feedback_introduction		3
364	debate_rules	winners_in_ballots	none	3
369	debate_rules	require_substantive_for_reply	True	3
370	debate_rules	speaker_ranks	none	3
362	debate_rules	ballots_per_debate_prelim	per-debate	3
371	debate_rules	preparation_time	15	3
368	debate_rules	reply_scores_enabled	False	3
367	debate_rules	side_names	gov-opp	3
365	debate_rules	speakers_in_ballots	prelim	3
366	debate_rules	substantive_speakers	2	3
361	debate_rules	teams_in_debate	4	3
331	draw_rules	avoid_same_institution	False	3
332	draw_rules	avoid_team_history	False	3
344	draw_rules	bp_position_cost	entropy	3
346	draw_rules	bp_position_cost_exponent	4.0	3
343	draw_rules	bp_pullup_distribution	anywhere	3
345	draw_rules	bp_renyi_order	1.0	3
355	feedback	adj_max_score	10.0	3
318	scoring	maximum_margin	0.0	3
316	scoring	score_max	99	3
315	scoring	score_min	50	3
317	scoring	score_step	1	3
324	scoring	teamscore_includes_ghosts	True	3
374	standings	standings_missed_replies	-1	3
376	standings	team_standings_extra_metrics	\N	3
1808	data_entry	participant_feedback	off	1
395	data_entry	public_use_password	False	3
396	data_entry	public_password		3
397	data_entry	disable_ballot_confirms	False	3
398	data_entry	enable_blind_checks	False	3
399	data_entry	assistant_access	all_areas	3
400	data_entry	public_checkins_submit	False	3
401	data_entry	checkin_window_people	12.0	3
402	data_entry	checkin_window_venues	2.0	3
403	data_entry	ballots_confirm_digits	True	3
404	data_entry	score_return_location	TBA	3
405	data_entry	feedback_return_location	TBA	3
406	data_entry	enable_postponements	False	3
407	data_entry	individual_ballots	False	3
408	data_entry	ballots_hide_motions	False	3
409	public_features	search_engine_indexing	all	3
410	public_features	public_participants	False	3
411	public_features	public_institutions_list	False	3
415	public_features	public_side_allocations	False	3
420	public_features	public_record	True	3
423	public_features	feedback_progress	False	3
424	public_features	public_schedule	False	3
425	public_features	tournament_staff		3
426	public_features	welcome_message		3
427	ui_options	show_splitting_adjudicators	False	3
428	ui_options	team_code_names	off	3
429	ui_options	participant_code_names	off	3
430	ui_options	show_emoji	True	3
433	ui_options	show_speakers_in_draw	True	3
434	ui_options	show_seed_in_importer	off	3
435	email	reply_to_name	Tabulation Team	3
436	email	reply_to_address		3
437	email	email_hook_key		3
438	email	enable_ballot_receipts	False	3
439	email	ballot_email_subject	Your ballot for {{ DEBATE }} has been received	3
440	email	ballot_email_message	<p>Hi {{ USER }},</p><p>Your ballot for {{ DEBATE }} has been successfully received, with these scores:</p>{{ SCORES }}<p>If there are any problems, please contact the tab team.</p>	3
441	\N	team_points_email_subject	{{ TEAM }}'s current wins after {{ ROUND }}: {{ POINTS }}	3
442	\N	team_points_email_message	<p>Hi {{ USER }},</p>After {{ ROUND }}, your team ({{ TEAM }}) currently has <strong>{{ POINTS }}</strong> wins in the {{ TOURN }}.</p><p>Current Standings: {{ URL }}</p>	3
443	\N	adj_email_subject	Your assigned debate for {{ ROUND }}: {{ VENUE }}	3
444	\N	adj_email_message	<p>Hi {{ USER }},</p><p>You have been assigned as <strong>{{ POSITION }}</strong> adjudicator for {{ ROUND }} in <strong>{{ VENUE }}</strong> with the following panel: {{ PANEL }}</p><p>The debate is between these teams: {{ DRAW }}</p>	3
445	\N	team_draw_email_subject	Your assigned debate for {{ ROUND }}: {{ VENUE }}	3
446	\N	team_draw_email_message	<p>Hi {{ USER }},</p><p>You have been assigned as <strong>{{ SIDE }}</strong> for {{ ROUND }} in <strong>{{ VENUE }}</strong> with the following panel: {{ PANEL }}</p><p>The debate is between: {{ DRAW }}</p>	3
447	\N	url_email_subject	Your personal private URL for {{ TOURN }}	3
448	\N	url_email_message	<p>Hi {{ USER }},</p><p>At {{ TOURN }}, we are using an online tabulation system. You can submit your ballots and/or feedback at the following URL. This URL is unique to you  do not share it with anyone, as anyone who knows it can submit forms on your behalf. This URL will not change throughout this tournament, so we suggest bookmarking it.</p><p>Your personal private URL is:<br />{{ URL }}</p>	3
449	\N	motion_email_subject	Motions for {{ ROUND }}	3
450	\N	motion_email_message	<p>The motion(s) for {{ ROUND }} are:</p>{{ MOTIONS }}	3
451	\N	team_email_subject	Registration for {{ SHORT }}	3
452	\N	team_email_message	Hi {{ USER }},\n\nYou are registered as {{ LONG }} in {{ TOURN }} with {{ SPEAKERS }}.	3
455	motions	show_motions_in_results	False	3
456	motions	public_motions_order	reverse	3
457	motions	enable_motion_reuse	False	3
458	registration	speakers_in_team	3	3
459	registration	team_name_generator	user	3
460	registration	reg_team_fields	emoji,use_institution_prefix	3
378	standings	speaker_standings_extra_metrics	average//stdev	3
377	standings	speaker_standings_precedence	total	3
375	standings	team_standings_precedence	points//speaks_sum//firsts//seconds//draw_strength	3
432	ui_options	show_adjudicator_institutions	True	3
431	ui_options	show_team_institutions	False	3
417	public_features	public_results	True	3
418	public_features	public_motions	True	3
419	public_features	public_team_standings	False	3
391	tab_release	all_results_released	True	3
393	data_entry	participant_ballots	private-urls	3
394	data_entry	participant_feedback	private-urls	3
380	tab_release	team_tab_limit	0	3
379	tab_release	team_tab_released	True	3
382	tab_release	speaker_tab_limit	0	3
383	tab_release	replies_tab_released	False	3
384	tab_release	replies_tab_limit	0	3
385	tab_release	break_category_tabs_released	False	3
381	tab_release	speaker_tab_released	True	3
388	tab_release	adjudicators_tab_released	False	3
389	tab_release	adjudicators_tab_shows	final	3
387	tab_release	motion_tab_released	True	3
390	tab_release	ballots_released	True	3
392	tab_release	private_ballots_released	False	3
422	public_features	public_breaking_adjs	True	3
421	public_features	public_breaking_teams	True	3
413	public_features	public_checkins	False	3
412	public_features	public_diversity	True	3
416	public_features	public_draw	off	3
461	registration	reg_speaker_fields	email	3
462	registration	reg_adjudicator_fields	email	3
463	registration	institution_registration	False	3
464	registration	institution_participant_registration	False	3
465	registration	reg_institution_slots	False	3
466	registration	open_team_registration	False	3
467	registration	open_adj_registration	False	3
468	registration	code_name_generator	emoji	3
469	registration	institution_register_message		3
470	registration	adjudicator_register_message		3
471	registration	team_register_message		3
363	debate_rules	ballots_per_debate_elim	per-debate	3
347	draw_rules	bp_assignment_method	hungarian_preshuffled	3
453	motions	enable_motions	False	3
454	motions	motion_vetoes_enabled	False	3
373	standings	standings_missed_debates	-1	3
476	scoring	reply_score_min	34.0	4
477	scoring	reply_score_max	41.0	4
478	scoring	reply_score_step	0.5	4
479	scoring	margin_includes_dissenters	False	4
480	scoring	ballot_introduction		4
482	draw_rules	adj_min_voting_score	1.5	4
483	draw_rules	adj_conflict_penalty	1000000	4
484	draw_rules	adj_history_penalty	10000	4
485	draw_rules	preformed_panel_mismatch_penalty	10000000	4
486	draw_rules	team_institution_penalty	1	4
487	draw_rules	team_history_penalty	1000	4
490	draw_rules	pullup_debates_penalty	0	4
491	draw_rules	side_penalty	0	4
492	draw_rules	pairing_penalty	0	4
493	draw_rules	max_times_per_side	5	4
494	draw_rules	draw_odd_bracket	intermediate_bubble_up_down	4
495	draw_rules	draw_side_allocations	balance	4
496	draw_rules	draw_pairing_method	slide	4
497	draw_rules	draw_avoid_conflicts	one_up_one_down	4
498	draw_rules	draw_pullup_restriction	none	4
499	draw_rules	draw_pullup_penalty	0	4
505	draw_rules	draw_skip_adj_checkins	False	4
506	draw_rules	no_panellist_position	False	4
507	draw_rules	no_trainee_position	False	4
508	draw_rules	bye_team_results	none	4
509	draw_rules	bye_team_selection	off	4
510	draw_rules	max_times_on_one_side	0	4
511	feedback	adj_min_score	0.0	4
513	feedback	feedback_paths	with-p-on-c	4
514	feedback	feedback_from_teams	orallist	4
515	feedback	show_unexpected_feedback	True	4
516	feedback	show_unaccredited	False	4
517	feedback	feedback_introduction		4
1809	data_entry	public_use_password	False	1
521	debate_rules	winners_in_ballots	none	4
526	debate_rules	require_substantive_for_reply	True	4
527	debate_rules	speaker_ranks	none	4
529	debate_rules	enable_forfeits	False	4
531	standings	standings_missed_replies	-1	4
533	standings	team_standings_extra_metrics	\N	4
536	tab_release	team_tab_released	False	4
537	tab_release	team_tab_limit	0	4
538	tab_release	speaker_tab_released	False	4
539	tab_release	speaker_tab_limit	0	4
540	tab_release	replies_tab_released	False	4
541	tab_release	replies_tab_limit	0	4
542	tab_release	break_category_tabs_released	False	4
543	tab_release	speaker_category_tabs_released	False	4
544	tab_release	motion_tab_released	False	4
545	tab_release	adjudicators_tab_released	False	4
546	tab_release	adjudicators_tab_shows	final	4
547	tab_release	ballots_released	False	4
548	tab_release	all_results_released	False	4
549	tab_release	private_ballots_released	False	4
552	data_entry	public_use_password	False	4
553	data_entry	public_password		4
554	data_entry	disable_ballot_confirms	False	4
555	data_entry	enable_blind_checks	False	4
556	data_entry	assistant_access	all_areas	4
557	data_entry	public_checkins_submit	False	4
558	data_entry	checkin_window_people	12.0	4
559	data_entry	checkin_window_venues	2.0	4
560	data_entry	ballots_confirm_digits	True	4
528	debate_rules	preparation_time	15	4
525	debate_rules	reply_scores_enabled	False	4
524	debate_rules	side_names	gov-opp	4
522	debate_rules	speakers_in_ballots	prelim	4
523	debate_rules	substantive_speakers	2	4
518	debate_rules	teams_in_debate	4	4
488	draw_rules	avoid_same_institution	False	4
489	draw_rules	avoid_team_history	False	4
504	draw_rules	bp_assignment_method	hungarian_preshuffled	4
501	draw_rules	bp_position_cost	entropy	4
503	draw_rules	bp_position_cost_exponent	4.0	4
500	draw_rules	bp_pullup_distribution	anywhere	4
502	draw_rules	bp_renyi_order	1.0	4
512	feedback	adj_max_score	10.0	4
475	scoring	maximum_margin	0.0	4
473	scoring	score_max	99	4
472	scoring	score_min	50	4
474	scoring	score_step	1	4
481	scoring	teamscore_includes_ghosts	True	4
534	standings	speaker_standings_precedence	total	4
530	standings	standings_missed_debates	-1	4
532	standings	team_standings_precedence	points//speaks_sum//firsts//seconds//draw_strength	4
550	data_entry	participant_ballots	private-urls	4
551	data_entry	participant_feedback	private-urls	4
414	public_features	public_break_categories	False	3
561	data_entry	score_return_location	TBA	4
562	data_entry	feedback_return_location	TBA	4
563	data_entry	enable_postponements	False	4
564	data_entry	individual_ballots	False	4
565	data_entry	ballots_hide_motions	False	4
566	public_features	search_engine_indexing	all	4
567	public_features	public_participants	False	4
568	public_features	public_institutions_list	False	4
569	public_features	public_diversity	False	4
570	public_features	public_checkins	False	4
572	public_features	public_side_allocations	False	4
577	public_features	public_record	True	4
578	public_features	public_breaking_teams	False	4
579	public_features	public_breaking_adjs	False	4
580	public_features	feedback_progress	False	4
581	public_features	public_schedule	False	4
582	public_features	tournament_staff		4
583	public_features	welcome_message		4
584	ui_options	show_splitting_adjudicators	False	4
585	ui_options	team_code_names	off	4
586	ui_options	participant_code_names	off	4
587	ui_options	show_emoji	True	4
590	ui_options	show_speakers_in_draw	True	4
591	ui_options	show_seed_in_importer	off	4
592	email	reply_to_name	Tabulation Team	4
593	email	reply_to_address		4
594	email	email_hook_key		4
595	email	enable_ballot_receipts	False	4
596	email	ballot_email_subject	Your ballot for {{ DEBATE }} has been received	4
597	email	ballot_email_message	<p>Hi {{ USER }},</p><p>Your ballot for {{ DEBATE }} has been successfully received, with these scores:</p>{{ SCORES }}<p>If there are any problems, please contact the tab team.</p>	4
598	\N	team_points_email_subject	{{ TEAM }}'s current wins after {{ ROUND }}: {{ POINTS }}	4
599	\N	team_points_email_message	<p>Hi {{ USER }},</p>After {{ ROUND }}, your team ({{ TEAM }}) currently has <strong>{{ POINTS }}</strong> wins in the {{ TOURN }}.</p><p>Current Standings: {{ URL }}</p>	4
600	\N	adj_email_subject	Your assigned debate for {{ ROUND }}: {{ VENUE }}	4
601	\N	adj_email_message	<p>Hi {{ USER }},</p><p>You have been assigned as <strong>{{ POSITION }}</strong> adjudicator for {{ ROUND }} in <strong>{{ VENUE }}</strong> with the following panel: {{ PANEL }}</p><p>The debate is between these teams: {{ DRAW }}</p>	4
602	\N	team_draw_email_subject	Your assigned debate for {{ ROUND }}: {{ VENUE }}	4
603	\N	team_draw_email_message	<p>Hi {{ USER }},</p><p>You have been assigned as <strong>{{ SIDE }}</strong> for {{ ROUND }} in <strong>{{ VENUE }}</strong> with the following panel: {{ PANEL }}</p><p>The debate is between: {{ DRAW }}</p>	4
604	\N	url_email_subject	Your personal private URL for {{ TOURN }}	4
605	\N	url_email_message	<p>Hi {{ USER }},</p><p>At {{ TOURN }}, we are using an online tabulation system. You can submit your ballots and/or feedback at the following URL. This URL is unique to you  do not share it with anyone, as anyone who knows it can submit forms on your behalf. This URL will not change throughout this tournament, so we suggest bookmarking it.</p><p>Your personal private URL is:<br />{{ URL }}</p>	4
606	\N	motion_email_subject	Motions for {{ ROUND }}	4
607	\N	motion_email_message	<p>The motion(s) for {{ ROUND }} are:</p>{{ MOTIONS }}	4
608	\N	team_email_subject	Registration for {{ SHORT }}	4
609	\N	team_email_message	Hi {{ USER }},\n\nYou are registered as {{ LONG }} in {{ TOURN }} with {{ SPEAKERS }}.	4
612	motions	show_motions_in_results	False	4
613	motions	public_motions_order	reverse	4
614	motions	enable_motion_reuse	False	4
615	registration	speakers_in_team	3	4
616	registration	team_name_generator	user	4
617	registration	reg_team_fields	emoji,use_institution_prefix	4
618	registration	reg_speaker_fields	email	4
619	registration	reg_adjudicator_fields	email	4
620	registration	institution_registration	False	4
621	registration	institution_participant_registration	False	4
622	registration	reg_institution_slots	False	4
623	registration	open_team_registration	False	4
624	registration	open_adj_registration	False	4
625	registration	code_name_generator	emoji	4
626	registration	institution_register_message		4
627	registration	adjudicator_register_message		4
628	registration	team_register_message		4
520	debate_rules	ballots_per_debate_elim	per-debate	4
519	debate_rules	ballots_per_debate_prelim	per-debate	4
610	motions	enable_motions	False	4
611	motions	motion_vetoes_enabled	False	4
535	standings	speaker_standings_extra_metrics	average//stdev	4
589	ui_options	show_adjudicator_institutions	True	4
588	ui_options	show_team_institutions	False	4
571	public_features	public_break_categories	True	4
573	public_features	public_draw	current	4
575	public_features	public_motions	True	4
574	public_features	public_results	True	4
576	public_features	public_team_standings	True	4
386	tab_release	speaker_category_tabs_released	False	3
229	tab_release	speaker_category_tabs_released	False	2
1810	data_entry	public_password		1
633	scoring	reply_score_min	34.0	5
634	scoring	reply_score_max	41.0	5
635	scoring	reply_score_step	0.5	5
636	scoring	margin_includes_dissenters	False	5
637	scoring	ballot_introduction		5
639	draw_rules	adj_min_voting_score	1.5	5
640	draw_rules	adj_conflict_penalty	1000000	5
641	draw_rules	adj_history_penalty	10000	5
630	scoring	score_max	99	5
629	scoring	score_min	50	5
631	scoring	score_step	1	5
638	scoring	teamscore_includes_ghosts	True	5
642	draw_rules	preformed_panel_mismatch_penalty	10000000	5
643	draw_rules	team_institution_penalty	1	5
644	draw_rules	team_history_penalty	1000	5
647	draw_rules	pullup_debates_penalty	0	5
648	draw_rules	side_penalty	0	5
649	draw_rules	pairing_penalty	0	5
650	draw_rules	max_times_per_side	5	5
651	draw_rules	draw_odd_bracket	intermediate_bubble_up_down	5
652	draw_rules	draw_side_allocations	balance	5
653	draw_rules	draw_pairing_method	slide	5
654	draw_rules	draw_avoid_conflicts	one_up_one_down	5
655	draw_rules	draw_pullup_restriction	none	5
656	draw_rules	draw_pullup_penalty	0	5
724	public_features	public_participants	True	5
662	draw_rules	draw_skip_adj_checkins	False	5
663	draw_rules	no_panellist_position	False	5
664	draw_rules	no_trainee_position	False	5
665	draw_rules	bye_team_results	none	5
666	draw_rules	bye_team_selection	off	5
667	draw_rules	max_times_on_one_side	0	5
668	feedback	adj_min_score	0.0	5
670	feedback	feedback_paths	with-p-on-c	5
671	feedback	feedback_from_teams	orallist	5
672	feedback	show_unexpected_feedback	True	5
673	feedback	show_unaccredited	False	5
674	feedback	feedback_introduction		5
725	public_features	public_institutions_list	False	5
678	debate_rules	winners_in_ballots	none	5
683	debate_rules	require_substantive_for_reply	True	5
684	debate_rules	speaker_ranks	none	5
686	debate_rules	enable_forfeits	False	5
688	standings	standings_missed_replies	-1	5
690	standings	team_standings_extra_metrics	\N	5
1811	data_entry	disable_ballot_confirms	False	1
709	data_entry	public_use_password	False	5
710	data_entry	public_password		5
711	data_entry	disable_ballot_confirms	False	5
712	data_entry	enable_blind_checks	False	5
713	data_entry	assistant_access	all_areas	5
714	data_entry	public_checkins_submit	False	5
715	data_entry	checkin_window_people	12.0	5
716	data_entry	checkin_window_venues	2.0	5
717	data_entry	ballots_confirm_digits	True	5
718	data_entry	score_return_location	TBA	5
719	data_entry	feedback_return_location	TBA	5
720	data_entry	enable_postponements	False	5
721	data_entry	individual_ballots	False	5
722	data_entry	ballots_hide_motions	False	5
730	public_features	public_draw	off	5
1812	data_entry	enable_blind_checks	False	1
741	ui_options	show_splitting_adjudicators	False	5
742	ui_options	team_code_names	off	5
743	ui_options	participant_code_names	off	5
744	ui_options	show_emoji	True	5
676	debate_rules	ballots_per_debate_prelim	per-debate	5
685	debate_rules	preparation_time	15	5
682	debate_rules	reply_scores_enabled	False	5
681	debate_rules	side_names	gov-opp	5
679	debate_rules	speakers_in_ballots	prelim	5
680	debate_rules	substantive_speakers	2	5
675	debate_rules	teams_in_debate	4	5
645	draw_rules	avoid_same_institution	False	5
646	draw_rules	avoid_team_history	False	5
658	draw_rules	bp_position_cost	entropy	5
660	draw_rules	bp_position_cost_exponent	4.0	5
657	draw_rules	bp_pullup_distribution	anywhere	5
659	draw_rules	bp_renyi_order	1.0	5
669	feedback	adj_max_score	10.0	5
692	standings	speaker_standings_extra_metrics	average//stdev	5
691	standings	speaker_standings_precedence	total	5
687	standings	standings_missed_debates	-1	5
689	standings	team_standings_precedence	points//speaks_sum//firsts//seconds//draw_strength	5
746	ui_options	show_adjudicator_institutions	True	5
745	ui_options	show_team_institutions	False	5
731	public_features	public_results	True	5
705	tab_release	all_results_released	True	5
734	public_features	public_record	True	5
727	public_features	public_checkins	False	5
707	data_entry	participant_ballots	private-urls	5
708	data_entry	participant_feedback	private-urls	5
726	public_features	public_diversity	True	5
736	public_features	public_breaking_adjs	True	5
729	public_features	public_side_allocations	False	5
733	public_features	public_team_standings	False	5
735	public_features	public_breaking_teams	True	5
737	public_features	feedback_progress	False	5
738	public_features	public_schedule	False	5
739	public_features	tournament_staff		5
704	tab_release	ballots_released	True	5
723	public_features	search_engine_indexing	all	5
694	tab_release	team_tab_limit	0	5
693	tab_release	team_tab_released	True	5
696	tab_release	speaker_tab_limit	0	5
697	tab_release	replies_tab_released	False	5
698	tab_release	replies_tab_limit	0	5
700	tab_release	speaker_category_tabs_released	True	5
695	tab_release	speaker_tab_released	True	5
702	tab_release	adjudicators_tab_released	False	5
703	tab_release	adjudicators_tab_shows	final	5
701	tab_release	motion_tab_released	True	5
706	tab_release	private_ballots_released	False	5
747	ui_options	show_speakers_in_draw	True	5
748	ui_options	show_seed_in_importer	off	5
749	email	reply_to_name	Tabulation Team	5
750	email	reply_to_address		5
751	email	email_hook_key		5
752	email	enable_ballot_receipts	False	5
753	email	ballot_email_subject	Your ballot for {{ DEBATE }} has been received	5
754	email	ballot_email_message	<p>Hi {{ USER }},</p><p>Your ballot for {{ DEBATE }} has been successfully received, with these scores:</p>{{ SCORES }}<p>If there are any problems, please contact the tab team.</p>	5
755	\N	team_points_email_subject	{{ TEAM }}'s current wins after {{ ROUND }}: {{ POINTS }}	5
756	\N	team_points_email_message	<p>Hi {{ USER }},</p>After {{ ROUND }}, your team ({{ TEAM }}) currently has <strong>{{ POINTS }}</strong> wins in the {{ TOURN }}.</p><p>Current Standings: {{ URL }}</p>	5
757	\N	adj_email_subject	Your assigned debate for {{ ROUND }}: {{ VENUE }}	5
758	\N	adj_email_message	<p>Hi {{ USER }},</p><p>You have been assigned as <strong>{{ POSITION }}</strong> adjudicator for {{ ROUND }} in <strong>{{ VENUE }}</strong> with the following panel: {{ PANEL }}</p><p>The debate is between these teams: {{ DRAW }}</p>	5
759	\N	team_draw_email_subject	Your assigned debate for {{ ROUND }}: {{ VENUE }}	5
760	\N	team_draw_email_message	<p>Hi {{ USER }},</p><p>You have been assigned as <strong>{{ SIDE }}</strong> for {{ ROUND }} in <strong>{{ VENUE }}</strong> with the following panel: {{ PANEL }}</p><p>The debate is between: {{ DRAW }}</p>	5
761	\N	url_email_subject	Your personal private URL for {{ TOURN }}	5
762	\N	url_email_message	<p>Hi {{ USER }},</p><p>At {{ TOURN }}, we are using an online tabulation system. You can submit your ballots and/or feedback at the following URL. This URL is unique to you  do not share it with anyone, as anyone who knows it can submit forms on your behalf. This URL will not change throughout this tournament, so we suggest bookmarking it.</p><p>Your personal private URL is:<br />{{ URL }}</p>	5
763	\N	motion_email_subject	Motions for {{ ROUND }}	5
764	\N	motion_email_message	<p>The motion(s) for {{ ROUND }} are:</p>{{ MOTIONS }}	5
765	\N	team_email_subject	Registration for {{ SHORT }}	5
766	\N	team_email_message	Hi {{ USER }},\n\nYou are registered as {{ LONG }} in {{ TOURN }} with {{ SPEAKERS }}.	5
769	motions	show_motions_in_results	False	5
770	motions	public_motions_order	reverse	5
771	motions	enable_motion_reuse	False	5
772	registration	speakers_in_team	3	5
773	registration	team_name_generator	user	5
774	registration	reg_team_fields	emoji,use_institution_prefix	5
775	registration	reg_speaker_fields	email	5
776	registration	reg_adjudicator_fields	email	5
777	registration	institution_registration	False	5
778	registration	institution_participant_registration	False	5
779	registration	reg_institution_slots	False	5
780	registration	open_team_registration	False	5
781	registration	open_adj_registration	False	5
782	registration	code_name_generator	emoji	5
783	registration	institution_register_message		5
784	registration	adjudicator_register_message		5
785	registration	team_register_message		5
677	debate_rules	ballots_per_debate_elim	per-debate	5
661	draw_rules	bp_assignment_method	hungarian_preshuffled	5
767	motions	enable_motions	False	5
768	motions	motion_vetoes_enabled	False	5
632	scoring	maximum_margin	0.0	5
793	scoring	margin_includes_dissenters	False	6
794	scoring	ballot_introduction		6
795	scoring	teamscore_includes_ghosts	True	6
1813	data_entry	assistant_access	all_areas	1
732	public_features	public_motions	True	5
797	draw_rules	adj_conflict_penalty	1000000	6
1814	data_entry	public_checkins_submit	False	1
825	feedback	adj_min_score	0.0	6
826	feedback	adj_max_score	5.0	6
827	feedback	feedback_paths	with-p-on-c	6
828	feedback	feedback_from_teams	orallist	6
829	feedback	show_unexpected_feedback	True	6
830	feedback	show_unaccredited	False	6
812	draw_rules	draw_pullup_restriction	none	6
809	draw_rules	draw_side_allocations	balance	6
811	draw_rules	draw_avoid_conflicts	one_up_one_down	6
810	draw_rules	draw_pairing_method	slide	6
789	scoring	maximum_margin	0.0	6
791	scoring	reply_score_max	40.0	6
790	scoring	reply_score_min	30.0	6
792	scoring	reply_score_step	0.5	6
787	scoring	score_max	80	6
786	scoring	score_min	60	6
788	scoring	score_step	1	6
798	draw_rules	adj_history_penalty	10000	6
799	draw_rules	preformed_panel_mismatch_penalty	10000000	6
800	draw_rules	team_institution_penalty	1	6
801	draw_rules	team_history_penalty	1000	6
804	draw_rules	pullup_debates_penalty	0	6
805	draw_rules	side_penalty	0	6
806	draw_rules	pairing_penalty	0	6
807	draw_rules	max_times_per_side	5	6
813	draw_rules	draw_pullup_penalty	0	6
814	draw_rules	bp_pullup_distribution	anywhere	6
815	draw_rules	bp_position_cost	entropy	6
816	draw_rules	bp_renyi_order	1.0	6
817	draw_rules	bp_position_cost_exponent	4.0	6
818	draw_rules	bp_assignment_method	hungarian_preshuffled	6
819	draw_rules	draw_skip_adj_checkins	False	6
820	draw_rules	no_panellist_position	False	6
821	draw_rules	no_trainee_position	False	6
822	draw_rules	bye_team_results	none	6
823	draw_rules	bye_team_selection	off	6
824	draw_rules	max_times_on_one_side	0	6
831	feedback	feedback_introduction		6
1815	data_entry	checkin_window_people	12.0	1
850	tab_release	team_tab_released	False	6
851	tab_release	team_tab_limit	0	6
852	tab_release	speaker_tab_released	False	6
853	tab_release	speaker_tab_limit	0	6
854	tab_release	replies_tab_released	False	6
855	tab_release	replies_tab_limit	0	6
856	tab_release	break_category_tabs_released	False	6
857	tab_release	speaker_category_tabs_released	False	6
858	tab_release	motion_tab_released	False	6
859	tab_release	adjudicators_tab_released	False	6
860	tab_release	adjudicators_tab_shows	final	6
861	tab_release	ballots_released	False	6
862	tab_release	all_results_released	False	6
863	tab_release	private_ballots_released	False	6
866	data_entry	public_use_password	False	6
867	data_entry	public_password		6
868	data_entry	disable_ballot_confirms	False	6
869	data_entry	enable_blind_checks	False	6
870	data_entry	assistant_access	all_areas	6
871	data_entry	public_checkins_submit	False	6
872	data_entry	checkin_window_people	12.0	6
873	data_entry	checkin_window_venues	2.0	6
874	data_entry	ballots_confirm_digits	True	6
875	data_entry	score_return_location	TBA	6
876	data_entry	feedback_return_location	TBA	6
877	data_entry	enable_postponements	False	6
878	data_entry	individual_ballots	False	6
879	data_entry	ballots_hide_motions	False	6
1816	data_entry	checkin_window_venues	2.0	1
898	ui_options	show_splitting_adjudicators	False	6
899	ui_options	team_code_names	off	6
900	ui_options	participant_code_names	off	6
901	ui_options	show_emoji	True	6
904	ui_options	show_speakers_in_draw	True	6
905	ui_options	show_seed_in_importer	off	6
906	email	reply_to_name	Tabulation Team	6
907	email	reply_to_address		6
908	email	email_hook_key		6
909	email	enable_ballot_receipts	False	6
910	email	ballot_email_subject	Your ballot for {{ DEBATE }} has been received	6
911	email	ballot_email_message	<p>Hi {{ USER }},</p><p>Your ballot for {{ DEBATE }} has been successfully received, with these scores:</p>{{ SCORES }}<p>If there are any problems, please contact the tab team.</p>	6
912	\N	team_points_email_subject	{{ TEAM }}'s current wins after {{ ROUND }}: {{ POINTS }}	6
913	\N	team_points_email_message	<p>Hi {{ USER }},</p>After {{ ROUND }}, your team ({{ TEAM }}) currently has <strong>{{ POINTS }}</strong> wins in the {{ TOURN }}.</p><p>Current Standings: {{ URL }}</p>	6
914	\N	adj_email_subject	Your assigned debate for {{ ROUND }}: {{ VENUE }}	6
915	\N	adj_email_message	<p>Hi {{ USER }},</p><p>You have been assigned as <strong>{{ POSITION }}</strong> adjudicator for {{ ROUND }} in <strong>{{ VENUE }}</strong> with the following panel: {{ PANEL }}</p><p>The debate is between these teams: {{ DRAW }}</p>	6
916	\N	team_draw_email_subject	Your assigned debate for {{ ROUND }}: {{ VENUE }}	6
917	\N	team_draw_email_message	<p>Hi {{ USER }},</p><p>You have been assigned as <strong>{{ SIDE }}</strong> for {{ ROUND }} in <strong>{{ VENUE }}</strong> with the following panel: {{ PANEL }}</p><p>The debate is between: {{ DRAW }}</p>	6
918	\N	url_email_subject	Your personal private URL for {{ TOURN }}	6
835	debate_rules	winners_in_ballots	none	6
834	debate_rules	ballots_per_debate_elim	per-debate	6
840	debate_rules	require_substantive_for_reply	True	6
839	debate_rules	reply_scores_enabled	True	6
838	debate_rules	side_names	aff-neg	6
836	debate_rules	speakers_in_ballots	prelim	6
887	public_features	public_draw	current	6
880	public_features	search_engine_indexing	all	6
849	standings	speaker_standings_extra_metrics	average//stdev	6
845	standings	standings_missed_replies	-1	6
847	standings	team_standings_extra_metrics	\N	6
903	ui_options	show_adjudicator_institutions	True	6
902	ui_options	show_team_institutions	False	6
886	public_features	public_side_allocations	False	6
888	public_features	public_results	True	6
890	public_features	public_team_standings	True	6
889	public_features	public_motions	True	6
891	public_features	public_record	True	6
864	data_entry	participant_ballots	private-urls	6
865	data_entry	participant_feedback	private-urls	6
1817	data_entry	ballots_confirm_digits	True	1
1818	data_entry	score_return_location	TBA	1
1819	data_entry	feedback_return_location	TBA	1
832	debate_rules	teams_in_debate	2	6
837	debate_rules	substantive_speakers	3	6
841	debate_rules	speaker_ranks	none	6
842	debate_rules	preparation_time	30	6
843	debate_rules	enable_forfeits	False	6
844	standings	standings_missed_debates	-1	6
846	standings	team_standings_precedence	points//speaks_sum//firsts//seconds//draw_strength	6
848	standings	speaker_standings_precedence	total	6
881	public_features	public_participants	False	6
882	public_features	public_institutions_list	False	6
883	public_features	public_diversity	False	6
884	public_features	public_checkins	False	6
885	public_features	public_break_categories	True	6
892	public_features	public_breaking_teams	False	6
893	public_features	public_breaking_adjs	False	6
894	public_features	feedback_progress	False	6
895	public_features	public_schedule	False	6
897	public_features	welcome_message		6
919	\N	url_email_message	<p>Hi {{ USER }},</p><p>At {{ TOURN }}, we are using an online tabulation system. You can submit your ballots and/or feedback at the following URL. This URL is unique to you  do not share it with anyone, as anyone who knows it can submit forms on your behalf. This URL will not change throughout this tournament, so we suggest bookmarking it.</p><p>Your personal private URL is:<br />{{ URL }}</p>	6
920	\N	motion_email_subject	Motions for {{ ROUND }}	6
921	\N	motion_email_message	<p>The motion(s) for {{ ROUND }} are:</p>{{ MOTIONS }}	6
922	\N	team_email_subject	Registration for {{ SHORT }}	6
923	\N	team_email_message	Hi {{ USER }},\n\nYou are registered as {{ LONG }} in {{ TOURN }} with {{ SPEAKERS }}.	6
926	motions	show_motions_in_results	False	6
927	motions	public_motions_order	reverse	6
928	motions	enable_motion_reuse	False	6
929	registration	speakers_in_team	3	6
930	registration	team_name_generator	user	6
931	registration	reg_team_fields	emoji,use_institution_prefix	6
932	registration	reg_speaker_fields	email	6
933	registration	reg_adjudicator_fields	email	6
934	registration	institution_registration	False	6
935	registration	institution_participant_registration	False	6
936	registration	reg_institution_slots	False	6
937	registration	open_team_registration	False	6
938	registration	open_adj_registration	False	6
939	registration	code_name_generator	emoji	6
940	registration	institution_register_message		6
941	registration	adjudicator_register_message		6
942	registration	team_register_message		6
924	motions	enable_motions	False	6
925	motions	motion_vetoes_enabled	False	6
1820	data_entry	enable_postponements	False	1
1821	data_entry	individual_ballots	False	1
1822	data_entry	ballots_hide_motions	False	1
1823	public_features	search_engine_indexing	all	1
1824	public_features	public_participants	False	1
1825	public_features	public_institutions_list	False	1
1826	public_features	public_diversity	False	1
1827	public_features	public_checkins	False	1
1828	public_features	public_break_categories	False	1
1829	public_features	public_side_allocations	False	1
1830	public_features	public_draw	off	1
1831	public_features	public_motions	False	1
1832	public_features	public_team_standings	False	1
1833	public_features	public_record	True	1
1834	public_features	public_breaking_teams	False	1
1835	public_features	public_breaking_adjs	False	1
1836	public_features	feedback_progress	False	1
1837	public_features	public_schedule	False	1
1838	public_features	tournament_staff		1
1839	public_features	welcome_message		1
1840	ui_options	show_splitting_adjudicators	False	1
1841	ui_options	team_code_names	off	1
1842	ui_options	participant_code_names	off	1
1843	ui_options	show_emoji	True	1
1844	ui_options	show_team_institutions	True	1
1845	ui_options	show_adjudicator_institutions	True	1
1846	ui_options	show_speakers_in_draw	True	1
1847	ui_options	show_seed_in_importer	off	1
1848	email	reply_to_name	Tabulation Team	1
1849	email	reply_to_address		1
1850	email	email_hook_key		1
1851	email	enable_ballot_receipts	False	1
1852	email	ballot_email_subject	Your ballot for {{ DEBATE }} has been received	1
1853	email	ballot_email_message	<p>Hi {{ USER }},</p><p>Your ballot for {{ DEBATE }} has been successfully received, with these scores:</p>{{ SCORES }}<p>If there are any problems, please contact the tab team.</p>	1
1854	\N	team_points_email_subject	{{ TEAM }}'s current wins after {{ ROUND }}: {{ POINTS }}	1
1855	\N	team_points_email_message	<p>Hi {{ USER }},</p>After {{ ROUND }}, your team ({{ TEAM }}) currently has <strong>{{ POINTS }}</strong> wins in the {{ TOURN }}.</p><p>Current Standings: {{ URL }}</p>	1
1856	\N	adj_email_subject	Your assigned debate for {{ ROUND }}: {{ VENUE }}	1
1857	\N	adj_email_message	<p>Hi {{ USER }},</p><p>You have been assigned as <strong>{{ POSITION }}</strong> adjudicator for {{ ROUND }} in <strong>{{ VENUE }}</strong> with the following panel: {{ PANEL }}</p><p>The debate is between these teams: {{ DRAW }}</p>	1
1858	\N	team_draw_email_subject	Your assigned debate for {{ ROUND }}: {{ VENUE }}	1
1859	\N	team_draw_email_message	<p>Hi {{ USER }},</p><p>You have been assigned as <strong>{{ SIDE }}</strong> for {{ ROUND }} in <strong>{{ VENUE }}</strong> with the following panel: {{ PANEL }}</p><p>The debate is between: {{ DRAW }}</p>	1
1860	\N	url_email_subject	Your personal private URL for {{ TOURN }}	1
1861	\N	url_email_message	<p>Hi {{ USER }},</p><p>At {{ TOURN }}, we are using an online tabulation system. You can submit your ballots and/or feedback at the following URL. This URL is unique to you  do not share it with anyone, as anyone who knows it can submit forms on your behalf. This URL will not change throughout this tournament, so we suggest bookmarking it.</p><p>Your personal private URL is:<br />{{ URL }}</p>	1
1862	\N	motion_email_subject	Motions for {{ ROUND }}	1
1863	\N	motion_email_message	<p>The motion(s) for {{ ROUND }} are:</p>{{ MOTIONS }}	1
1864	\N	team_email_subject	Registration for {{ SHORT }}	1
1865	\N	team_email_message	Hi {{ USER }},\n\nYou are registered as {{ LONG }} in {{ TOURN }} with {{ SPEAKERS }}.	1
1866	motions	enable_motions	True	1
1867	motions	motion_vetoes_enabled	True	1
1868	motions	show_motions_in_results	False	1
1869	motions	public_motions_order	reverse	1
1870	motions	enable_motion_reuse	False	1
1871	registration	speakers_in_team	3	1
802	draw_rules	avoid_same_institution	False	6
803	draw_rules	avoid_team_history	False	6
1872	registration	team_name_generator	user	1
1873	registration	reg_team_fields	emoji,use_institution_prefix	1
1874	registration	reg_speaker_fields	email	1
1875	registration	reg_adjudicator_fields	email	1
1876	registration	institution_registration	False	1
1877	registration	institution_participant_registration	False	1
1878	registration	reg_institution_slots	False	1
1879	registration	open_team_registration	False	1
1880	registration	open_adj_registration	False	1
1881	registration	code_name_generator	emoji	1
1882	registration	institution_register_message		1
1883	registration	adjudicator_register_message		1
1884	registration	team_register_message		1
2014	\N	adj_email_message	<p>Hi {{ USER }},</p><p>You have been assigned as <strong>{{ POSITION }}</strong> adjudicator for {{ ROUND }} in <strong>{{ VENUE }}</strong> with the following panel: {{ PANEL }}</p><p>The debate is between these teams: {{ DRAW }}</p>	12
2015	\N	team_draw_email_subject	Your assigned debate for {{ ROUND }}: {{ VENUE }}	12
2016	\N	team_draw_email_message	<p>Hi {{ USER }},</p><p>You have been assigned as <strong>{{ SIDE }}</strong> for {{ ROUND }} in <strong>{{ VENUE }}</strong> with the following panel: {{ PANEL }}</p><p>The debate is between: {{ DRAW }}</p>	12
2017	\N	url_email_subject	Your personal private URL for {{ TOURN }}	12
2018	\N	url_email_message	<p>Hi {{ USER }},</p><p>At {{ TOURN }}, we are using an online tabulation system. You can submit your ballots and/or feedback at the following URL. This URL is unique to you  do not share it with anyone, as anyone who knows it can submit forms on your behalf. This URL will not change throughout this tournament, so we suggest bookmarking it.</p><p>Your personal private URL is:<br />{{ URL }}</p>	12
2019	\N	motion_email_subject	Motions for {{ ROUND }}	12
2020	\N	motion_email_message	<p>The motion(s) for {{ ROUND }} are:</p>{{ MOTIONS }}	12
2021	\N	team_email_subject	Registration for {{ SHORT }}	12
2022	\N	team_email_message	Hi {{ USER }},\n\nYou are registered as {{ LONG }} in {{ TOURN }} with {{ SPEAKERS }}.	12
2025	motions	show_motions_in_results	False	12
2026	motions	public_motions_order	reverse	12
2027	motions	enable_motion_reuse	False	12
2028	registration	speakers_in_team	3	12
2029	registration	team_name_generator	user	12
2030	registration	reg_team_fields	emoji,use_institution_prefix	12
2031	registration	reg_speaker_fields	email	12
2032	registration	reg_adjudicator_fields	email	12
2033	registration	institution_registration	False	12
2034	registration	institution_participant_registration	False	12
2035	registration	reg_institution_slots	False	12
2036	registration	open_team_registration	False	12
2037	registration	open_adj_registration	False	12
2038	registration	code_name_generator	emoji	12
2039	registration	institution_register_message		12
2040	registration	adjudicator_register_message		12
2041	registration	team_register_message		12
1917	draw_rules	bp_assignment_method	hungarian_preshuffled	12
2023	motions	enable_motions	False	12
2024	motions	motion_vetoes_enabled	False	12
1886	scoring	score_max	99	12
1948	standings	speaker_standings_extra_metrics	average//stdev	12
1964	data_entry	participant_feedback	off	12
728	public_features	public_break_categories	False	5
1949	tab_release	team_tab_released	True	12
1580	scoring	teamscore_includes_ghosts	True	11
1631	standings	team_standings_precedence	points//speaks_sum//firsts//seconds//draw_strength	11
1645	tab_release	adjudicators_tab_shows	final	11
1575	scoring	reply_score_min	34.0	11
1576	scoring	reply_score_max	41.0	11
1577	scoring	reply_score_step	0.5	11
1578	scoring	margin_includes_dissenters	False	11
1579	scoring	ballot_introduction		11
1581	draw_rules	adj_min_voting_score	1.5	11
1582	draw_rules	adj_conflict_penalty	1000000	11
1583	draw_rules	adj_history_penalty	10000	11
1584	draw_rules	preformed_panel_mismatch_penalty	10000000	11
1585	draw_rules	team_institution_penalty	1	11
1586	draw_rules	team_history_penalty	1000	11
1589	draw_rules	pullup_debates_penalty	0	11
1590	draw_rules	side_penalty	0	11
1591	draw_rules	pairing_penalty	0	11
1592	draw_rules	max_times_per_side	5	11
1593	draw_rules	draw_odd_bracket	intermediate_bubble_up_down	11
1594	draw_rules	draw_side_allocations	balance	11
1595	draw_rules	draw_pairing_method	slide	11
1596	draw_rules	draw_avoid_conflicts	one_up_one_down	11
1597	draw_rules	draw_pullup_restriction	none	11
1598	draw_rules	draw_pullup_penalty	0	11
1604	draw_rules	draw_skip_adj_checkins	False	11
1605	draw_rules	no_panellist_position	False	11
1606	draw_rules	no_trainee_position	False	11
1607	draw_rules	bye_team_results	none	11
1608	draw_rules	bye_team_selection	off	11
1609	draw_rules	max_times_on_one_side	0	11
1610	feedback	adj_min_score	0.0	11
1612	feedback	feedback_paths	with-p-on-c	11
1613	feedback	feedback_from_teams	orallist	11
1614	feedback	show_unexpected_feedback	True	11
1615	feedback	show_unaccredited	False	11
1616	feedback	feedback_introduction		11
1620	debate_rules	winners_in_ballots	none	11
1625	debate_rules	require_substantive_for_reply	True	11
1626	debate_rules	speaker_ranks	none	11
1628	debate_rules	enable_forfeits	False	11
1630	standings	standings_missed_replies	-1	11
1885	scoring	score_min	50	12
1632	standings	team_standings_extra_metrics	\N	11
1651	data_entry	public_use_password	False	11
1652	data_entry	public_password		11
1653	data_entry	disable_ballot_confirms	False	11
1654	data_entry	enable_blind_checks	False	11
1655	data_entry	assistant_access	all_areas	11
1656	data_entry	public_checkins_submit	False	11
1657	data_entry	checkin_window_people	12.0	11
1658	data_entry	checkin_window_venues	2.0	11
1659	data_entry	ballots_confirm_digits	True	11
1660	data_entry	score_return_location	TBA	11
1661	data_entry	feedback_return_location	TBA	11
1662	data_entry	enable_postponements	False	11
1663	data_entry	individual_ballots	False	11
1664	data_entry	ballots_hide_motions	False	11
1618	debate_rules	ballots_per_debate_prelim	per-debate	11
1627	debate_rules	preparation_time	15	11
1624	debate_rules	reply_scores_enabled	False	11
1623	debate_rules	side_names	gov-opp	11
1621	debate_rules	speakers_in_ballots	prelim	11
1622	debate_rules	substantive_speakers	2	11
1617	debate_rules	teams_in_debate	4	11
1587	draw_rules	avoid_same_institution	False	11
1588	draw_rules	avoid_team_history	False	11
1603	draw_rules	bp_assignment_method	hungarian_preshuffled	11
1600	draw_rules	bp_position_cost	entropy	11
1602	draw_rules	bp_position_cost_exponent	4.0	11
1599	draw_rules	bp_pullup_distribution	anywhere	11
1601	draw_rules	bp_renyi_order	1.0	11
1611	feedback	adj_max_score	10.0	11
1574	scoring	maximum_margin	0.0	11
1572	scoring	score_max	99	11
1571	scoring	score_min	50	11
1573	scoring	score_step	1	11
1634	standings	speaker_standings_extra_metrics	average//stdev	11
1633	standings	speaker_standings_precedence	total	11
1629	standings	standings_missed_debates	-1	11
1675	public_features	public_team_standings	False	11
1647	tab_release	all_results_released	True	11
1676	public_features	public_record	True	11
1665	public_features	search_engine_indexing	all	11
1649	data_entry	participant_ballots	private-urls	11
1650	data_entry	participant_feedback	private-urls	11
1667	public_features	public_institutions_list	False	11
1672	public_features	public_draw	off	11
1668	public_features	public_diversity	True	11
1669	public_features	public_checkins	False	11
1671	public_features	public_side_allocations	False	11
1673	public_features	public_results	True	11
1674	public_features	public_motions	True	11
1666	public_features	public_participants	False	11
1636	tab_release	team_tab_limit	0	11
1635	tab_release	team_tab_released	True	11
1638	tab_release	speaker_tab_limit	0	11
1639	tab_release	replies_tab_released	False	11
1640	tab_release	replies_tab_limit	0	11
1641	tab_release	break_category_tabs_released	False	11
1642	tab_release	speaker_category_tabs_released	False	11
1637	tab_release	speaker_tab_released	True	11
1644	tab_release	adjudicators_tab_released	False	11
1643	tab_release	motion_tab_released	True	11
1646	tab_release	ballots_released	True	11
1648	tab_release	private_ballots_released	False	11
1670	public_features	public_break_categories	False	11
1683	ui_options	show_splitting_adjudicators	False	11
1684	ui_options	team_code_names	off	11
1685	ui_options	participant_code_names	off	11
1686	ui_options	show_emoji	True	11
1689	ui_options	show_speakers_in_draw	True	11
1690	ui_options	show_seed_in_importer	off	11
1691	email	reply_to_name	Tabulation Team	11
1692	email	reply_to_address		11
1693	email	email_hook_key		11
1694	email	enable_ballot_receipts	False	11
1695	email	ballot_email_subject	Your ballot for {{ DEBATE }} has been received	11
1696	email	ballot_email_message	<p>Hi {{ USER }},</p><p>Your ballot for {{ DEBATE }} has been successfully received, with these scores:</p>{{ SCORES }}<p>If there are any problems, please contact the tab team.</p>	11
1697	\N	team_points_email_subject	{{ TEAM }}'s current wins after {{ ROUND }}: {{ POINTS }}	11
1698	\N	team_points_email_message	<p>Hi {{ USER }},</p>After {{ ROUND }}, your team ({{ TEAM }}) currently has <strong>{{ POINTS }}</strong> wins in the {{ TOURN }}.</p><p>Current Standings: {{ URL }}</p>	11
1699	\N	adj_email_subject	Your assigned debate for {{ ROUND }}: {{ VENUE }}	11
1700	\N	adj_email_message	<p>Hi {{ USER }},</p><p>You have been assigned as <strong>{{ POSITION }}</strong> adjudicator for {{ ROUND }} in <strong>{{ VENUE }}</strong> with the following panel: {{ PANEL }}</p><p>The debate is between these teams: {{ DRAW }}</p>	11
1701	\N	team_draw_email_subject	Your assigned debate for {{ ROUND }}: {{ VENUE }}	11
1702	\N	team_draw_email_message	<p>Hi {{ USER }},</p><p>You have been assigned as <strong>{{ SIDE }}</strong> for {{ ROUND }} in <strong>{{ VENUE }}</strong> with the following panel: {{ PANEL }}</p><p>The debate is between: {{ DRAW }}</p>	11
1703	\N	url_email_subject	Your personal private URL for {{ TOURN }}	11
1704	\N	url_email_message	<p>Hi {{ USER }},</p><p>At {{ TOURN }}, we are using an online tabulation system. You can submit your ballots and/or feedback at the following URL. This URL is unique to you  do not share it with anyone, as anyone who knows it can submit forms on your behalf. This URL will not change throughout this tournament, so we suggest bookmarking it.</p><p>Your personal private URL is:<br />{{ URL }}</p>	11
1705	\N	motion_email_subject	Motions for {{ ROUND }}	11
1706	\N	motion_email_message	<p>The motion(s) for {{ ROUND }} are:</p>{{ MOTIONS }}	11
1707	\N	team_email_subject	Registration for {{ SHORT }}	11
1708	\N	team_email_message	Hi {{ USER }},\n\nYou are registered as {{ LONG }} in {{ TOURN }} with {{ SPEAKERS }}.	11
1711	motions	show_motions_in_results	False	11
1712	motions	public_motions_order	reverse	11
1713	motions	enable_motion_reuse	False	11
1714	registration	speakers_in_team	3	11
1715	registration	team_name_generator	user	11
1716	registration	reg_team_fields	emoji,use_institution_prefix	11
1717	registration	reg_speaker_fields	email	11
1718	registration	reg_adjudicator_fields	email	11
1719	registration	institution_registration	False	11
1720	registration	institution_participant_registration	False	11
1721	registration	reg_institution_slots	False	11
1722	registration	open_team_registration	False	11
1723	registration	open_adj_registration	False	11
1724	registration	code_name_generator	emoji	11
1725	registration	institution_register_message		11
1726	registration	adjudicator_register_message		11
1727	registration	team_register_message		11
796	draw_rules	adj_min_voting_score	1.5	6
808	draw_rules	draw_odd_bracket	intermediate_bubble_up_down	6
833	debate_rules	ballots_per_debate_prelim	per-debate	6
896	public_features	tournament_staff		6
1709	motions	enable_motions	False	11
1710	motions	motion_vetoes_enabled	False	11
1688	ui_options	show_adjudicator_institutions	True	11
1687	ui_options	show_team_institutions	False	11
1680	public_features	public_schedule	False	11
1681	public_features	tournament_staff	<br>	11
1682	public_features	welcome_message		11
1678	public_features	public_breaking_adjs	True	11
1677	public_features	public_breaking_teams	True	11
699	tab_release	break_category_tabs_released	False	5
1889	scoring	reply_score_min	34.0	12
1890	scoring	reply_score_max	41.0	12
1891	scoring	reply_score_step	0.5	12
1892	scoring	margin_includes_dissenters	False	12
1893	scoring	ballot_introduction		12
1895	draw_rules	adj_min_voting_score	1.5	12
1896	draw_rules	adj_conflict_penalty	1000000	12
1679	public_features	feedback_progress	False	11
1897	draw_rules	adj_history_penalty	10000	12
1898	draw_rules	preformed_panel_mismatch_penalty	10000000	12
1899	draw_rules	team_institution_penalty	1	12
1900	draw_rules	team_history_penalty	1000	12
1903	draw_rules	pullup_debates_penalty	0	12
1904	draw_rules	side_penalty	0	12
1905	draw_rules	pairing_penalty	0	12
1906	draw_rules	max_times_per_side	5	12
1907	draw_rules	draw_odd_bracket	intermediate_bubble_up_down	12
1908	draw_rules	draw_side_allocations	balance	12
1909	draw_rules	draw_pairing_method	slide	12
1910	draw_rules	draw_avoid_conflicts	one_up_one_down	12
1911	draw_rules	draw_pullup_restriction	none	12
1912	draw_rules	draw_pullup_penalty	0	12
1902	draw_rules	avoid_team_history	False	12
1914	draw_rules	bp_position_cost	entropy	12
1916	draw_rules	bp_position_cost_exponent	4.0	12
1913	draw_rules	bp_pullup_distribution	anywhere	12
1915	draw_rules	bp_renyi_order	1.0	12
1888	scoring	maximum_margin	0.0	12
1887	scoring	score_step	1	12
1894	scoring	teamscore_includes_ghosts	True	12
\.


--
-- Data for Name: participants_adjudicator; Type: TABLE DATA; Schema: public; Owner: tabbycat
--

COPY public.participants_adjudicator (person_ptr_id, base_score, trainee, breaking, independent, adj_core, institution_id, tournament_id) FROM stdin;
1	5	f	f	f	f	\N	1
2	5	f	f	f	f	\N	1
3	5	f	f	f	f	\N	1
4	5	f	f	f	f	\N	1
5	5	f	f	f	f	\N	1
6	5	f	f	f	f	\N	1
7	5	f	f	f	f	\N	1
120	5	f	f	f	f	\N	2
121	5	f	f	f	f	\N	2
122	5	f	f	f	f	\N	2
123	5	f	f	f	f	\N	2
124	5	f	f	f	f	\N	2
125	5	f	f	f	f	\N	2
126	5	f	f	f	f	\N	2
127	5	f	f	f	f	\N	2
128	5	f	f	f	f	\N	2
129	5	f	f	f	f	\N	2
130	5	f	f	f	f	\N	2
131	5	f	f	f	f	\N	2
132	5	f	f	f	f	\N	2
133	5	f	f	f	f	\N	2
134	3	f	f	f	f	\N	2
135	3	f	f	f	f	\N	2
136	3	f	f	f	f	\N	2
137	3	f	f	f	f	\N	2
138	3	f	f	f	f	\N	2
139	3	f	f	f	f	\N	2
140	3	f	f	f	f	\N	2
141	3	f	f	f	f	\N	2
142	9	f	f	f	f	\N	2
143	9	f	f	f	f	\N	2
144	9	f	f	f	f	\N	2
145	9	f	f	f	f	\N	2
146	9	f	f	f	f	\N	2
147	9	f	f	f	f	\N	2
148	9	f	f	f	f	\N	2
149	9	f	f	f	f	\N	2
198	5	f	f	f	f	\N	3
199	5	f	f	f	f	\N	3
200	5	f	f	f	f	\N	3
201	5	f	f	f	f	\N	3
202	5	f	f	f	f	\N	3
203	5	f	f	f	f	\N	3
204	5	f	f	f	f	\N	3
205	5	f	f	f	f	\N	3
222	5	f	f	f	f	\N	4
223	5	f	f	f	f	\N	4
224	3	f	f	f	f	\N	3
225	3	f	f	f	f	\N	3
226	3	f	f	f	f	\N	3
227	3	f	f	f	f	\N	3
228	3	f	f	f	f	\N	3
229	3	f	f	f	f	\N	3
230	3	f	f	f	f	\N	3
231	3	f	f	f	f	\N	3
232	3	f	f	f	f	\N	3
233	3	f	f	f	f	\N	3
234	3	f	f	f	f	\N	3
235	3	f	f	f	f	\N	3
236	3	f	f	f	f	\N	3
237	3	f	f	f	f	\N	3
238	1	f	f	f	f	\N	3
239	1	f	f	f	f	\N	3
240	1	f	f	f	f	\N	3
241	1	f	f	f	f	\N	3
242	1	f	f	f	f	\N	3
243	1	f	f	f	f	\N	3
244	1	f	f	f	f	\N	3
245	1	f	f	f	f	\N	3
366	9	f	f	f	f	\N	5
367	9	f	f	f	f	\N	5
368	9	f	f	f	f	\N	5
369	9	f	f	f	f	\N	5
370	8	f	f	f	f	\N	5
371	7	f	f	f	f	\N	5
372	7	f	f	f	f	\N	5
373	7	f	f	f	f	\N	5
374	6	f	f	f	f	\N	5
375	6.5	f	f	f	f	\N	5
376	6	f	f	f	f	\N	5
377	6	f	f	f	f	\N	5
378	5	f	f	f	f	\N	5
379	5	f	f	f	f	\N	5
380	5	f	f	f	f	\N	5
381	4	f	f	f	f	\N	5
382	4	f	f	f	f	\N	5
488	3.5	f	f	f	f	\N	6
489	3.5	f	f	f	f	\N	6
490	3.5	f	f	f	f	\N	6
491	3.5	f	f	f	f	\N	6
492	3.5	f	f	f	f	\N	6
493	2.5	f	f	f	f	\N	6
494	3	f	f	f	f	\N	6
495	3	f	f	f	f	\N	6
496	2.5	f	f	f	f	\N	6
497	2.5	f	f	f	f	\N	6
498	2.5	f	f	f	f	\N	6
499	2	f	f	f	f	\N	6
500	3	f	f	f	f	\N	6
501	2	f	f	f	f	\N	6
505	3.5	f	f	f	f	\N	6
834	5	f	f	f	f	\N	11
835	5	f	f	f	f	\N	11
836	5	f	f	f	f	\N	11
837	5	f	f	f	f	\N	11
838	5	f	f	f	f	\N	11
839	7	f	f	f	f	\N	11
840	5	f	f	f	f	\N	11
841	8	f	f	f	f	\N	11
842	8	f	f	f	f	\N	11
843	5	f	f	f	f	\N	11
844	9	f	f	f	f	\N	11
845	6	f	f	f	f	\N	11
846	7	f	f	f	f	\N	11
847	8	f	f	f	f	\N	11
848	4	f	f	f	f	\N	11
849	4	f	f	f	f	\N	11
850	9	f	f	f	f	\N	11
851	6	f	f	f	f	\N	11
852	7	f	f	f	f	\N	11
853	7	f	f	f	f	\N	11
854	8	f	f	f	f	\N	11
855	9	f	f	f	f	\N	11
856	9	f	f	f	f	\N	11
857	7	f	f	f	f	\N	11
858	4	f	f	f	f	\N	11
859	9	f	f	f	f	\N	11
860	7	f	f	f	f	\N	11
861	7	f	f	f	f	\N	11
862	5	f	f	f	f	\N	11
863	5	f	f	f	f	\N	11
864	4	f	f	f	f	\N	11
865	4	f	f	f	f	\N	11
866	4	f	f	f	f	\N	11
867	4	f	f	f	f	\N	11
868	4	f	f	f	f	\N	11
869	4	f	f	f	f	\N	11
870	3	f	f	f	f	\N	11
871	3	f	f	f	f	\N	11
872	3	f	f	f	f	\N	11
873	3	f	f	f	f	\N	11
1256	5	f	f	f	f	\N	12
1257	5	f	f	f	f	\N	12
1258	5	f	f	f	f	\N	12
1259	5	f	f	f	f	\N	12
1260	5	f	f	f	f	\N	12
1261	5	f	f	f	f	\N	12
1262	5	f	f	f	f	\N	12
1263	5	f	f	f	f	\N	12
1264	5	f	f	f	f	\N	12
1265	5	f	f	f	f	\N	12
1266	5	f	f	f	f	\N	12
1267	5	f	f	f	f	\N	12
1268	5	f	f	f	f	\N	12
1269	5	f	f	f	f	\N	12
1270	5	f	f	f	f	\N	12
1271	5	f	f	f	f	\N	12
1272	5	f	f	f	f	\N	12
1273	5	f	f	f	f	\N	12
1274	5	f	f	f	f	\N	12
1275	5	f	f	f	f	\N	12
1276	5	f	f	f	f	\N	12
1277	5	f	f	f	f	\N	12
1278	5	f	f	f	f	\N	12
1279	5	f	f	f	f	\N	12
1280	5	f	f	f	f	\N	12
1281	5	f	f	f	f	\N	12
1282	5	f	f	f	f	\N	12
1283	5	f	f	f	f	\N	12
1284	5	f	f	f	f	\N	12
1285	5	f	f	f	f	\N	12
1286	5	f	f	f	f	\N	12
1287	5	f	f	f	f	\N	12
1288	5	f	f	f	f	\N	12
1289	5	f	f	f	f	\N	12
1290	5	f	f	f	f	\N	12
1291	5	f	f	f	f	\N	12
1292	5	f	f	f	f	\N	12
1293	5	f	f	f	f	\N	12
1294	5	f	f	f	f	\N	12
1295	5	f	f	f	f	\N	12
1296	5	f	f	f	f	\N	12
1297	5	f	f	f	f	\N	12
1298	5	f	f	f	f	\N	12
1301	5	f	f	f	f	\N	12
1302	5	f	f	f	f	\N	12
1309	5	f	f	f	f	\N	12
1310	5	f	f	f	f	\N	12
1311	5	f	f	f	f	\N	12
\.


--
-- Data for Name: participants_coach; Type: TABLE DATA; Schema: public; Owner: tabbycat
--

COPY public.participants_coach (person_ptr_id, tournament_institution_id) FROM stdin;
\.


--
-- Data for Name: participants_institution; Type: TABLE DATA; Schema: public; Owner: tabbycat
--

COPY public.participants_institution (id, name, code, region_id) FROM stdin;
1	Kocaeli Ali Fuat Bagil Sosyal Bilimler Lisesi	BAGL	\N
2	Bursa Ali Osman Snmez Sosyal Bilimler Lisesi	BSBL	\N
\.


--
-- Data for Name: participants_person; Type: TABLE DATA; Schema: public; Owner: tabbycat
--

COPY public.participants_person (id, name, email, phone, anonymous, gender, pronoun, url_key, code_name, last_name) FROM stdin;
64	selvi gk	\N		f			1zphwts0	97473972	\N
65	zeynep gnday	\N		f			mlqjhic1	32995937	\N
66	betl bulem saylan	\N		f			i0s2c2rb	61727875	\N
67	fadime arslan	\N		f			sknjcpeq	60402595	\N
1	mer Erkam akmak	\N		f			d52tsx9j	28189789	\N
2	Rabia Elif Sun	\N		f			upr4p5v4	94979514	\N
3	Arif Emre iftaslan	\N		f			p44hkq53	04670369	\N
4	Elif Azra Tuncer	\N		f			aipjmb64	52787353	\N
5	Remzi Tahmaz	\N		f			0h815f9r	64821825	\N
6	Hira	\N		f			85kdrkil	94511436	\N
7	Glge Jri	\N		f			om7809lg	16682303	\N
198	ehval Dilara Akgl	\N		f			8cu4tnan	17576520	\N
199	Enes Emre Karaka	\N		f			lkncqifm	62278658	\N
200	Harun Yusuf Koraltan	\N		f			8gvwxltt	06436853	\N
201	Feyza Yavuz	\N		f			i9j26ol3	69719729	\N
202	mer Erkam akmak	\N		f			23rzt3sl	50388297	\N
203	Zeki Yiit arktan	\N		f			28r4c5pk	02503514	\N
204	Ali Ahmet Tetik	\N		f			a4i86ooq	40169770	\N
205	Zeynep Hanne Kaymaz	\N		f			s8mxanj6	07656792	\N
88	Doa Su Kaynak	\N		f			bymrawqd	16881743	\N
89	Gktrk Ahmet ayrl	\N		f			vp32z24w	18381760	\N
90	Baran Kaplan	\N		f			fox8bqvq	77638636	\N
91	Hamza Ali Ban	\N		f			06m22yn1	30671813	\N
92	Emirhan Efe Batuk	\N		f			9v93qxgg	01750388	\N
93	Haktan Akl Krmac	\N		f			2ivatwgk	33632274	\N
94	Anl Tkz	\N		f			dmjtjxo5	60780867	\N
95	Baran Alako	\N		f			a68byx4j	00128935	\N
96	Belinay Eker	\N		f			44depd5i	54212607	\N
97	Talha Yasin Baskn	\N		f			uxre98hr	90052045	\N
98	Ahmet Ege Toklu	\N		f			zb1b035o	96476866	\N
100	Deniz Bilgen	\N		f			1wregsty	67549154	\N
131	Sonnur Bar	\N		f			2wzo1uji	15001609	\N
132	Salih Kpeli	\N		f			up6r9ivt	94636161	\N
108	Hamza Duruk	\N		f			tnui21ns	81622050	\N
109	zkan Iksoy	\N		f			cflbfxdg	42036557	\N
110	Melih Baha zmen	\N		f			zo1ddg71	55427350	\N
111	Aras Gayhan	\N		f			my2t14rd	40420580	\N
133	zlem ilolu	\N		f			w25ziteu	31468544	\N
134	Hseyin Koak	\N		f			sr4xyln9	03969048	\N
135	Hasan Kaya	\N		f			n1quc4za	27647475	\N
136	Yunus Emre Korkmaz	\N		f			ottjvmtr	80505427	\N
137	Muhammet Ali Ylmaz	\N		f			ypf39x1b	85595882	\N
138	Doan Coman	\N		f			vr7cv0yc	81220911	\N
139	Damla Ceylaner	\N		f			esj3yeuu	43105512	\N
140	Tlay Aktoa	\N		f			pr534iri	32559467	\N
141	Meryem Bozkurt	\N		f			xn6wk2aq	57466989	\N
142	ehval Dilara Akgl	\N		f			ctoq43ve	11216062	\N
143	Zeynep Hanne Kaymaz	\N		f			j27e6wiu	88556508	\N
144	Feyza Yavuz	\N		f			c3qwdatz	88802256	\N
145	Harun Yusuf Koraltan	\N		f			n0f9nwww	82024928	\N
1174	Zahidenur ilden	\N		f			4igwy9jt	52574337	\N
1074	Rabia Kbra Karaman	\N		f			nfmzu3f4	47260228	\N
979	Merve Akel	\N		f			hrmu62v2	45683076	\N
874	Arzu Leyla Yaln	\N		f			u0glpsgg	25698942	\N
875	Havva nida sevinkan	\N		f			8d2yywsw	12305978	\N
876	Dilanur zda	\N		f			50w22gq2	68196354	\N
877	lknur lale	\N		f			gvf0fjg4	55060547	\N
366	Harun Yusuf Koraltan	\N		f			hpv5pal5	96623231	\N
367	Ecenaz zahin	\N		f			lzoigitk	74908841	\N
816	Duru uzundere	\N		f			0wgs79uk	22105020	\N
224	Furkan TZEL	\N		f			i9bwsx2f	83737688	\N
225	Emel AYDIN	\N		f			qfme02rf	79730595	\N
8	Konumac 1	\N		f			hrpp1fwo	11051855	\N
9	Konumac 2	\N		f			2uahn16z	07508092	\N
226	Mehmet Zeki TOKGZ	\N		f			kh7ay7fh	65038414	\N
706	Ece SALAM	\N		f			gvjuwrsc	91937056	\N
606	lknur Demir	\N		f			fa93c4jc	96241673	\N
150	Zehra Kaya	\N		f			kn4nkl4d	83189257	\N
294	Kaan Bekta	\N		f			yqky5hy0	68043199	\N
257	Feyza Aykn	\N		f			a9dabqka	21751917	\N
10	Konumac 1	\N		f			69pp1wdl	07445975	\N
11	Konumac 2	\N		f			9dm59lml	31389256	\N
12	elif zeynep salam	\N		f			6505k1hj	22807637	\N
13	meryem kutlu	\N		f			3c2cmcae	08607207	\N
14	elif stn	\N		f			2bwu7f0k	03567223	\N
15	esma arvas	\N		f			s1t2jo5q	54045970	\N
16	ceren akgn	\N		f			dy33ud65	81708004	\N
17	zmra naz kara	\N		f			7isjbw85	71072783	\N
18	hatice yazarkan	\N		f			9qk7gwqm	59439874	\N
19	eflal zmra dursun	\N		f			s4p875qi	10474361	\N
20	esma bera aslana	\N		f			lmpninuu	33934339	\N
21	aye meryem zden	\N		f			5ysihd5d	57415481	\N
22	melike sapmaz	\N		f			0v5axl7d	14996485	\N
23	mediha meryem nianc	\N		f			tzwn2klt	46372062	\N
24	eyma trkmen	\N		f			otw4j9w4	11734733	\N
25	esmanur yldrm	\N		f			k4x2nvc4	31685982	\N
26	evval mani	\N		f			toiqyr89	69377457	\N
27	eslem yavuz	\N		f			90x696h1	80975676	\N
28	evval esma tapnar	\N		f			96rpqyhq	48599358	\N
31	hatice zeynep akpnar	\N		f			ood2l3nb	51991369	\N
99	Mehmet Rzgar zler	\N		f			vo1zztr1	98160399	\N
101	Nazl Topu	\N		f			zs4de5fh	44952336	\N
102	Melek Naz Saydemir	\N		f			zsfwddef	70157251	\N
103	Yusuf Yaa	\N		f			u6qexkx0	99923457	\N
104	Emre Barkn zbek	\N		f			0571oain	89540489	\N
105	mer Layk Bahtiyar	\N		f			7txzt6r0	76773686	\N
106	brahim Eren	\N		f			ce3nrcbf	80136980	\N
107	Ouz alkan	\N		f			jb45387x	84298924	\N
146	mer Erkam akmak	\N		f			dsgp0heq	40878625	\N
147	Enes Emre Karaka	\N		f			r0jqsx72	76237450	\N
148	Zeki Yiit arktan	\N		f			vxn9stne	11555328	\N
149	Ali Ahmet Tetik	\N		f			t21e0hk8	87229718	\N
29	aye zmra demir	\N		f			irogc9lt	41758333	\N
30	rmak nisa karagz	\N		f			1ogjbl7v	93050438	\N
32	elif enol	\N		f			cbhi2wzc	92174400	\N
33	glbahar elif aa	\N		f			bgk660mn	50661031	\N
34	berre uslu	\N		f			r1dfhx6m	91700308	\N
35	aye rmeysa avar	\N		f			40p1rv53	06963723	\N
36	rukiye sreyya deniz	\N		f			pfknj67a	87972899	\N
37	zehra meneke	\N		f			exeox9r2	90363427	\N
38	mervenur karakurt	\N		f			8zp1bk2b	14823064	\N
39	berra ylmaz	\N		f			fidr0oip	49449486	\N
40	lale ahsen bideci	\N		f			9q7lr429	71055938	\N
41	azra elif memiolu	\N		f			liaoixxe	97359047	\N
42	sreyya nisa korkut	\N		f			a0rqs1be	69094871	\N
43	esma akr	\N		f			1115kmy0	44209335	\N
44	zeynep karaman	\N		f			2jg9kpwb	91837907	\N
45	hayrnisa zden	\N		f			dcek4rpr	49608708	\N
46	hmeyra gl ylmaz	\N		f			6yndokv3	56323175	\N
47	zeynep serra cevahir	\N		f			8rgtw98q	63071255	\N
48	elif eslem yntem	\N		f			oiqcm57g	48028188	\N
49	smeyye erva ate	\N		f			dylyafa8	41143370	\N
50	rukiye rana kszolu	\N		f			9okf0adb	83027105	\N
51	ecem yldrm	\N		f			bhvvpxfd	76201165	\N
52	hmeyra ahin	\N		f			q0axcwzt	96576934	\N
53	glbanu esma topatan	\N		f			9svy5qcc	87315399	\N
54	zeynep serra kaykanat	\N		f			owj3ju2f	83907443	\N
55	zeynep esma memi	\N		f			f9ypu5p0	46746672	\N
56	aye berra demir	\N		f			vjojnnq6	89317394	\N
57	aye zlal mert	\N		f			jacvpq7a	41048459	\N
58	ebrar kuzu	\N		f			lze3cgzk	94701161	\N
59	hayrunisa sevgili	\N		f			8mfi9ae6	50171277	\N
60	Konumac 1	\N		f			p7eje8hm	54492138	\N
116	Salih enel	\N		f			hk5q3zcl	66309917	\N
117	Kaan Gngl	\N		f			8c25abft	86440444	\N
118	Efe Mestanolu	\N		f			6q4bayad	80037025	\N
119	Mert Eral	\N		f			8c3qzbvl	12783498	\N
68	Burak Gne	\N		f			v1fd3pu8	83371460	\N
69	Hiranur Alkan	\N		f			zefvj7fe	39332050	\N
70	Arge Alagz	\N		f			dunvhk7h	70486775	\N
71	Elif Mzrak	\N		f			gatrl2cj	24365644	\N
72	Beren Torul	\N		f			2tvrohqx	00232421	\N
73	Zeynep Yce	\N		f			4pt4a1is	42757496	\N
74	Elif Nur Aktrk	\N		f			7t54a5ed	79881264	\N
75	Hayrunnisa Kaya	\N		f			8oi81s0w	49808957	\N
76	Davut Baluken	\N		f			wdbvspue	25789214	\N
77	Muhammed Ali Karaca	\N		f			n2ze8ech	46774149	\N
78	Berrak Bengisu Kargn	\N		f			x70fpk43	96846933	\N
79	Zehra Yaren zdemir	\N		f			0m9o5m7b	38407876	\N
974	Ceylin ZCAN	\N		f			g3dbmbvp	67339062	\N
831	Emre barkn zbek	\N		f			8nkmv389	42532119	\N
722	utku Kucu	\N		f			bp7leegf	45810338	\N
623	Hayrunnisa Tan	\N		f			01zzrqw1	86850110	\N
371	Emre Sarkut	\N		f			rum9miw9	66760339	\N
460	Serra Duman	\N		f			qjx2y2fl	29752275	\N
461	Serdar Efe Duran	\N		f			hpog9tei	43846585	\N
462	Yiit Alp Kayhan	\N		f			kyz93yp9	14498061	\N
463	Ece Nuray	\N		f			pdeojsvb	76872960	\N
267	Elzem Nur SARIDUMAN	\N		f			cd81wnxl	17522413	\N
316	Salih Dadal	\N		f			t2k5lux8	36746298	\N
151	Ahmet Arda Grsoy	\N		f			okjgu07m	24287645	\N
152	Merve Evcil	\N		f			a1gfkxo4	49623354	\N
153	ilan en	\N		f			ixqi5dxm	46256064	\N
154	Sla Seyhan	\N		f			gizcw52w	45413773	\N
155	Zeynep Sude zalp	\N		f			uamtmvjx	91103356	\N
156	Aye Gl Kurtolu	\N		f			jl46clrq	52540225	\N
157	Ceyda Mordoan	\N		f			9qwv0qor	18366391	\N
158	Mehmet Emin Gegez	\N		f			funrtz2n	53480021	\N
159	Mircan Bayton	\N		f			dckdfdb5	96912100	\N
160	Muhammed Gerez	\N		f			hb9uervz	84249281	\N
161	Smeyye Karasu	\N		f			hgn6tw73	81981701	\N
399	nar Nemli	\N		f			nwtv8ttr	25950846	\N
206	Konumac 1	\N		f			zr4xhb5p	71760163	\N
207	Konumac 2	\N		f			xzje4s6s	68199173	\N
208	Konumac 1	\N		f			q4olbeo3	87610641	\N
209	Konumac 2	\N		f			2s96clr0	04199278	\N
210	Konumac 1	\N		f			j4dcx3i9	45727392	\N
211	Konumac 2	\N		f			s9gtkso0	91132921	\N
212	Konumac 1	\N		f			szczo0rv	39101274	\N
213	Konumac 2	\N		f			6c4iddaf	78632497	\N
214	Konumac 1	\N		f			ly8cescx	18099076	\N
215	Konumac 2	\N		f			035eq7ng	03823220	\N
216	Konumac 1	\N		f			sal5tzv6	10490527	\N
217	Konumac 2	\N		f			kh7r4zrj	47153016	\N
80	Baar Tra	\N		f			ln4zua1a	68745093	\N
81	brahim Eren evik	\N		f			azkwc5u7	22874170	\N
82	Ecrin Duru Turgut	\N		f			snvmxq8c	13575662	\N
83	Elif Adgzel	\N		f			oojxsuxm	97978580	\N
84	Ayhilal Sezer	\N		f			x5wsff4e	83223548	\N
85	Yamur Ece Topuz	\N		f			15a4rhpi	55702207	\N
86	Batuhan Sami Dede	\N		f			1v9dz9oe	60766454	\N
87	Emine Yldrm	\N		f			fo6zwbs0	03535011	\N
61	Konumac 2	\N		f			q3ljww9e	98787307	\N
62	Konumac 1	\N		f			ijj81i4k	04159264	\N
63	Konumac 2	\N		f			qc71pa7i	71616524	\N
164	Cengiz Durak	\N		f			1v6scwfj	70993740	\N
165	Diren zoban	\N		f			vl51ih42	27217844	\N
184	Fatma Selen Boyraz	\N		f			6pfpd7vc	76242332	\N
185	adiye Kse	\N		f			96vtz7yt	30064153	\N
186	Mahmut Domruk	\N		f			i1f8ib50	85287218	\N
187	Eda Sevin	\N		f			voxe89gp	99576845	\N
188	Berk Demirelli	\N		f			xpz2ric0	34316035	\N
189	Mehmet Fatih Trker	\N		f			b5d704rn	78761481	\N
190	Melisa elik	\N		f			atqh5w4k	55451753	\N
191	Zeynep Syler	\N		f			3bn0yuux	09095435	\N
192	Muhammet Zeybek	\N		f			ynjwghif	38329049	\N
227	Ahmet YILMAZ	\N		f			rz04habo	16821644	\N
228	Merve YILMAZ	\N		f			m0g7o17y	86416152	\N
229	Melike GR	\N		f			ot1k2e0m	51970180	\N
230	Kader TEKE	\N		f			0rues88l	55007332	\N
231	Tayyibe Nur TATAN	\N		f			ic0nfk9z	26297522	\N
368	Ali Ahmet Tetik	\N		f			b81hlqtr	75643597	\N
369	mer Erkam akmak	\N		f			nul0z1p7	39645696	\N
120	Furkan Tzel	\N		f			8700lu1q	03013385	\N
121	Emel Aydn	\N		f			lb4mbhir	55238349	\N
122	Mehmet Zeki Tokgz	\N		f			8fax5j9g	37732489	\N
123	Ahmet Ylmaz	\N		f			irl5n84l	55584837	\N
124	Merve Ylmaz	\N		f			cabilcw7	27735867	\N
125	Melike Gr	\N		f			htne1czo	66376859	\N
126	Kader Teke	\N		f			gm6qt0uy	86814714	\N
127	Tayyibe Nur Tatan	\N		f			7ez7kko4	26074979	\N
128	Can Berkay Asar	\N		f			hr8dd8l1	39629587	\N
129	Yusuf Hakan Demirci	\N		f			09wuwxaq	69300706	\N
130	Zehra Betl Tokel Arkan	\N		f			5ps31tqa	52361981	\N
218	Konumac 1	\N		f			g6sggp8v	67967475	\N
219	Konumac 2	\N		f			83kv2jo3	84223940	\N
220	Konumac 1	\N		f			3r0jq8b2	84124404	\N
221	Konumac 2	\N		f			mxkaryur	76203150	\N
370	Zeynep Hanne Kaymaz	\N		f			wf4ksq4g	22890251	\N
372	Mertcan Kadayfc	\N		f			vx2q3m55	97547783	\N
373	Enes Emre Karaka	\N		f			r3dp739h	73082356	\N
374	Rabia Elif Sun	\N		f			p8kz244k	99116541	\N
375	Sadk Durmaz	\N		f			gvddyodg	31339510	\N
376	Arif Emre iftaslan	\N		f			ne03n9x4	16540046	\N
377	yk Tabak	\N		f			ohku7fc3	69440514	\N
378	Doa Atmaca	\N		f			z1ohldo5	88226142	\N
379	Kuzey Kalyoncu	\N		f			56gx3rus	64927317	\N
232	Can Berkay ASAR	\N		f			oadkuzkq	17556207	\N
233	Yusuf Hakan DEMRC	\N		f			e0bv5uif	32350825	\N
234	Zehra Betl TOKEL ARIKAN	\N		f			xbf4c235	71928087	\N
235	Sonnur BARI	\N		f			b7d872sp	89369685	\N
236	Salih KPEL	\N		f			hq3zv6je	48747933	\N
237	zlem LOLU	\N		f			gn27jbcf	35394784	\N
238	Hseyin KOAK	\N		f			f3ixovv3	93284960	\N
239	Hasan KAYA	\N		f			0iv1v9vb	76379337	\N
240	Yunus Emre KORKMAZ	\N		f			72jlb9gl	10762525	\N
241	Muhammet Ali YILMAZ	\N		f			4g0vg3lq	26298516	\N
242	Doan COMAN	\N		f			rn5mdhfb	25753781	\N
243	Damla CEYLANER	\N		f			2io4d86m	13731509	\N
244	Tlay AKTOA	\N		f			9us6q9lz	20904234	\N
245	Meryem BOZKURT	\N		f			fbs5fwlm	66461049	\N
380	Alihan Sencer Berk	\N		f			p2seis9n	49475683	\N
878	Senanur ahin	\N		f			twlyxau3	43386544	\N
246	Zeynep Eti	\N		f			jmyw225f	89527600	\N
247	Zeynep Ece Ylmaz	\N		f			rq9qjrcw	76832997	\N
248	Ahmet Ata Yldz	\N		f			g6a4uj9j	40424063	\N
249	Atakan Yasin Ik	\N		f			adc7b73c	94572653	\N
250	mer Kayra Satc	\N		f			inz4xr8c	69226466	\N
251	Harun Tahirolu	\N		f			rtppz4e9	66643269	\N
252	Ahmed Emir Sancak	\N		f			95qqhflv	26792242	\N
253	Emir Aren ZKAN	\N		f			2ydwhayn	40072548	\N
254	Fatma Duru Snmez	\N		f			i2caix7g	98820407	\N
255	Christina Kulga	\N		f			bse4ve20	18935246	\N
256	Bengisu Kayaolu	\N		f			pbr1riba	89035726	\N
258	Bulem Dz	\N		f			pw0qyx25	18526783	\N
259	Hazal Arzu Koral	\N		f			ve2ifkl1	49160721	\N
879	Beir Yasin Kaln	\N		f			rg2ehtfz	93277129	\N
880	Esmanur DAL	\N		f			kshbwldg	10049610	\N
881	Hseyin TURAN	\N		f			vvgth391	43948346	\N
817	Ebrar bal	\N		f			szcic4jx	24645703	\N
1180	Muhammed Said YAMAN	\N		f			r3diz69f	45885150	\N
1075	Mikail pek	\N		f			rufaxxhx	68964976	\N
1076	Zeynep Koyuncu	\N		f			i3la1tsw	97932472	\N
1077	Fatma Tuana Hasipek	\N		f			wx7uxoey	46811414	\N
627	Helenur Uysal	\N		f			f023wc9h	37182317	\N
725	Zeynep layda AHN	\N		f			myo72w9k	15051282	\N
326	Fatma Zehra Erol	\N		f			zy92d48m	00950772	\N
455	Elif Nisa Aykol	\N		f			ke7krxna	76682345	\N
456	klim Duman	\N		f			nlppax26	57685423	\N
457	Yusuf zcan	\N		f			ty9i71gu	81655797	\N
222	Jri 1	\N		f			td9uo4q0	53640752	\N
223	Jri 2	\N		f			xig5gnlb	36314946	\N
458	Elif Deniz Ertandr	\N		f			10tibnl4	94841058	\N
459	Mehmet Asaf Fazlolu	\N		f			d5jo4i8d	38241700	\N
428	Miray Naz lhan	\N		f			n1wwds2h	30642265	\N
429	Cemal Sami enyuva	\N		f			b3uq5eya	32929146	\N
430	Zeynep Deniz Cantez	\N		f			pmcvs19b	75645809	\N
431	Melis zay	\N		f			n3dymzgh	44648668	\N
432	Gl Civelek	\N		f			1gtn01oq	76073286	\N
433	Tue Bekar	\N		f			gk101ies	92122378	\N
434	Mehmet Alp Kahraman	\N		f			xnj0cuot	22271766	\N
435	Arda ener	\N		f			v51df2x1	84381149	\N
436	Miray Ylmaz	\N		f			mpbn6sj0	05796773	\N
437	Aren Devletyan	\N		f			y504dkv5	02279570	\N
438	Leo Arpack	\N		f			280kkvne	70836688	\N
439	Lara Avakolu	\N		f			xglknjaz	87215780	\N
194	Batuhan Mensur	\N		f			wyl5nzfp	15015238	\N
166	Salih zkan	\N		f			tr8s48k5	60551767	\N
167	Zeynep Glsude Kse	\N		f			e1zjp4ny	14301756	\N
168	Ada Remzi Sarbay	\N		f			u196yhpn	82522811	\N
169	ener Melih Kaya	\N		f			lre6j4lw	65598248	\N
170	Azat Kandemir	\N		f			exichrlh	99732210	\N
171	Kaan Kaygusuz	\N		f			4snj1q23	15532329	\N
172	pek Fatma Akdeniz	\N		f			i6x2khgv	27188966	\N
173	Nisanur Yalman	\N		f			3zra1deq	01259232	\N
174	Mahsun Sarda	\N		f			xov33tw8	74611167	\N
175	Tayyar Trk	\N		f			cwrk8gfq	52222492	\N
176	Elif Tuba nce	\N		f			ikgpnf3o	05159325	\N
381	Elif Azra Tuncer	\N		f			gop5veb2	39556585	\N
382	mer Berk Kurban	\N		f			2ywxgzn7	58629592	\N
300	yiit emir	\N		f			ohlv3flv	52211559	\N
530	Betl Lale	\N		f			8jdcus0v	02099261	\N
531	Aysima Eker	\N		f			d0d9rfri	38682140	\N
532	Tuba Gven	\N		f			wtj7f7y1	95181336	\N
440	Ayda Eraslan	\N		f			nwsuiihr	11287271	\N
533	Elifsu Uur	\N		f			4g9r1azk	65099869	\N
534	Merve Koman	\N		f			3wl4a46n	99864971	\N
535	Reyyan Engin	\N		f			dy9ntmwz	80998019	\N
536	Elvin Can	\N		f			38u5ggyo	14292467	\N
537	Smeyye ahin	\N		f			j0pn974x	81866824	\N
260	Mride Yamur Akarsu	\N		f			oa9ry9i1	22120630	\N
261	Humeyra CAN	\N		f			w036n0xv	14953586	\N
262	Muraz Alesgerov	\N		f			4n5vgai5	34027194	\N
263	Asya Demiral	\N		f			zny4jdks	81993182	\N
264	mertcan sevin	\N		f			pxjk7dil	32257930	\N
279	Vildan Yldrm	\N		f			tkqonzd5	26840314	\N
280	Hilal Esma Kement	\N		f			gnb6idlx	85988448	\N
281	Gksu Naz Oru	\N		f			7j9gz1k4	87889779	\N
282	Ece Arslan	\N		f			5xdys0se	06380388	\N
283	Nermin Kocatepe	\N		f			1rtvmbnn	36491340	\N
284	Beril Kyak	\N		f			py6man0r	16907748	\N
285	Zmra Nur Ttnc	\N		f			szsnsnl1	39804756	\N
286	Besra Gnbeyi	\N		f			3tyqqbp6	97681131	\N
287	Melike Ocak	\N		f			plywe23e	37508283	\N
538	Rabianur Aydemir	\N		f			amh1u3t9	37955647	\N
539	mm Glsm Durmu	\N		f			8t5ogthf	54237710	\N
540	Batuhan akan	\N		f			zdgoap7w	78263942	\N
541	Muhammet Emin Sekmen	\N		f			jvgnwko2	56630679	\N
542	Sara alkhallouf	\N		f			xyx0lhnd	06144452	\N
543	Sena adna	\N		f			1h1jdg1d	16015660	\N
544	Esmanur etinkaya	\N		f			8gpa7x25	78421335	\N
883	Zeynep Kantar	\N		f			g3jmvxt3	02368732	\N
882	Marziye Nadiri	\N		f			jufrehkt	19639193	\N
818	Nil cal	\N		f			vpl6xdje	53693274	\N
819	Gke Acar	\N		f			38o7vk13	62215826	\N
820	Almina Yalnkaya	\N		f			wu2ing52	07263262	\N
821	Elif duman	\N		f			dz5u2kqm	44978991	\N
822	Azranur Demir	\N		f			1m4fg8et	39081358	\N
982	Elifsu zbilgi	\N		f			n1zr8fy6	18572441	\N
983	Aye AYDIN	\N		f			6o1ecgsa	42571860	\N
823	Beyzanur Durmu	\N		f			brzhdzz6	66191051	\N
824	Bar Ata	\N		f			hftqk23d	81392235	\N
1078	Osman Efe zkan	\N		f			drzjzxwo	30913712	\N
975	Gken ERKAN	\N		f			b1l318ep	24545594	\N
980	Zeynep enli	\N		f			5b7jnqyk	84740155	\N
1175	Vesile nur aslan	\N		f			ycjw30so	25554832	\N
1176	Yiithan iftciba	\N		f			z2yf4d2b	61074354	\N
295	Muhammed Akif Atalar	\N		f			m4xmgwwk	55933995	\N
296	Emirhan ahman	\N		f			087797i6	79397138	\N
297	Hamid Kaygsz	\N		f			pr9jo6bz	53213232	\N
298	ARAS YZBA	\N		f			dspm6395	25983765	\N
299	ELF BEREN BALABAN	\N		f			nncbl0bu	61696594	\N
301	Emir Bozyoku	\N		f			o828yhs1	34709219	\N
302	Gkhan ztrk	\N		f			wewxtgip	62860217	\N
303	Merve Hl	\N		f			3vinkxnv	68328337	\N
304	Faruk Ferhat	\N		f			bbjr50x0	97295563	\N
305	Zeynep YILMAZ	\N		f			gvtjetsb	08545347	\N
737	ura bier	\N		f			l7g3e2j4	90257352	\N
640	Ayenaz sinan	\N		f			rnx2qga2	39547979	\N
193	Halil Salih demi	\N		f			0dwvpbgw	66386690	\N
177	Melis Abralc	\N		f			10rioscv	50529333	\N
178	Fatma Eyll Kl	\N		f			eecwbsmf	40010030	\N
179	Teoman Hner	\N		f			lcrnuzrf	39357965	\N
180	Ege Sunay Songur	\N		f			81yj1r71	75120259	\N
181	mer en	\N		f			pbb15s1t	13227609	\N
182	Erdem Alsac	\N		f			u6hjeu1y	22894558	\N
183	Cemal Emre Denk	\N		f			gr469hpv	85012056	\N
162	Cemre Vatansever	\N		f			ez6hvt4h	39442476	\N
163	Rmeysa Kalkan	\N		f			nanthz99	91956178	\N
307	muhammet aan yazc	\N		f			7btu5trb	81955765	\N
274	konumac 1	\N		f			l69qvpen	34469780	\N
275	konumac 2	\N		f			3oeih1il	82241541	\N
825	Bnyamin Ta	\N		f			54091ol6	47567039	\N
826	eymen ylmaz	\N		f			6q94klm0	30451918	\N
827	enes akay	\N		f			lwqn1fjb	28963327	\N
828	Hamza Duruk	\N		f			2iesp07f	10679079	\N
829	zkan Iksoy	\N		f			c1kwmobz	93546890	\N
830	mer layk bahtiyar	\N		f			skobud79	29393069	\N
832	Yaren enay	\N		f			j9mq6ugz	12376071	\N
833	Hayrunnisa Bezir	\N		f			chr8zyx1	54190106	\N
976	Batuhan Eren ALTUNTA	\N		f			np1tjezx	22240053	\N
977	Muhammed Mirza GKALP	\N		f			y1hczo6n	25476338	\N
978	Saniye Abeserek	\N		f			g4jqo1lb	21930486	\N
981	Elif Kuyucu	\N		f			g4i8o3y2	76725280	\N
288	Sara Alhamad	\N		f			4kutjzxq	40939004	\N
289	Ecrin olak	\N		f			hd4559mg	80825959	\N
290	Furkan Erkl	\N		f			sn2bf17p	86167371	\N
265	Resul Snmez	\N		f			nsup4hzn	00154681	\N
266	Serra Erilli	\N		f			tajqqkia	41309643	\N
268	Esma Azra Akkulak	\N		f			6xsco6k7	88758165	\N
269	Hseyin Ensar Aksu	\N		f			2kgxueqf	55834510	\N
270	Zeynep Aydn	\N		f			uxyrjsgj	67027917	\N
271	Enes Efe Arsoy	\N		f			22al9frj	12883771	\N
272	Emir Cemal Kepenek	\N		f			ojzns7dy	69066859	\N
273	Emir Temelta	\N		f			q9bh0dob	50430613	\N
884	Harun Syler	\N		f			g3fdj8nl	04633279	\N
276	Zeren Tarlac	\N		f			h43hjadq	57747074	\N
277	Glnur Gnl	\N		f			2nsevmni	01754264	\N
278	Ecrin Ylmazolu	\N		f			g987h9at	54511032	\N
885	Ramazan Hen	\N		f			h6z3y340	08985046	\N
886	Ardacan koyuncu	\N		f			ejf7pm81	86088124	\N
887	Devran dlek	\N		f			6u06soag	91825580	\N
888	Mehmet ahin Avc	\N		f			5wqidpz5	47077739	\N
889	Muhammet Berat Ulu	\N		f			qdwnte3y	12926266	\N
890	Mehmet Emin nl	\N		f			zr695h5z	19878352	\N
891	Yusuf Sermisaki	\N		f			4os0i5gr	19449326	\N
892	Mkerrem Beyza sarba	\N		f			nv6uqxcz	78722348	\N
893	Esra Rkiye sabrl	\N		f			p5iu64e7	18131396	\N
306	Kayra Alp ahin	\N		f			ml3aipk2	82799460	\N
308	Reyyan nar	\N		f			zncsgdhv	63298275	\N
309	Elif Ercivan	\N		f			09dgghls	18550420	\N
310	YAMUR DEDE	\N		f			1pqrz6oj	95035256	\N
311	znur Ik Bozkurt	\N		f			2lnpeckq	62088241	\N
312	Su Karakan	\N		f			3zjvlylq	61672669	\N
313	Elif Melek Manavrac	\N		f			uv49dhs3	81009696	\N
314	Mercan Esma Yein	\N		f			jl5ude8q	89194276	\N
315	Bartu zdemir	\N		f			sbx8wi7w	20649309	\N
317	Rana Aktas	\N		f			1i4egwvn	41348062	\N
318	Tuna nel	\N		f			fzv8gkh7	47933038	\N
319	alisa zeynep eskiocak	\N		f			wbqkytux	81093993	\N
320	Mehmet Sarp Akda	\N		f			p0wpni38	00257767	\N
321	Can Kksoy	\N		f			8p8t40hl	95181153	\N
322	Ahmet Alper Btn	\N		f			gngenlz8	63800087	\N
323	Doruk Kerem Kavrut	\N		f			vvtzs54x	61446485	\N
1079	Muhammed Berkay Trkolu	\N		f			y4toc3g3	20881485	\N
1080	Enes Celal kl	\N		f			yuaj5f04	80470126	\N
1081	kr Ula enyiit	\N		f			0aswt1v3	40721054	\N
1082	Muhammed Konuralp Serin	\N		f			b6i0nf7i	65812313	\N
1083	brahim Taha Altay	\N		f			rswdi3tm	67847402	\N
559	Nisanur Topuz	\N		f			cqjknrxr	80806237	\N
511	Smeyye Karadeniz	\N		f			yvonufm2	03494984	\N
512	Hayrunnisa Zeybek	\N		f			64w8ie1g	79161314	\N
513	eymanur zkaynar	\N		f			lxgo0s8w	92258041	\N
514	Ecrin Algn	\N		f			i7x8m8g7	66521184	\N
515	Tuba Aydn	\N		f			z8b1kn09	48993065	\N
560	Eslem ORTA	\N		f			yx51j89j	60855599	\N
561	Hilal NER	\N		f			epnyppm3	85674040	\N
1179	Busenaz Onba	\N		f			1a5c8fow	59434726	\N
1181	Muhammed Mustafa KO	\N		f			mit4hjhj	28457550	\N
1182	Ali Eren BACAKSIZ	\N		f			n4f655b7	68933210	\N
1177	Mustafa Balalan	\N		f			nkqg89f6	44424961	\N
1164	Zeynep Yaren Karaca	\N		f			cyj3k8g9	54905429	\N
759	Elif Ylmaz	\N		f			tl629uvl	42800120	\N
607	Meryem elik	\N		f			zxhtmwj2	39334287	\N
608	Zeynep Koral	\N		f			6k254610	90950310	\N
609	Suna Akyol	\N		f			ljlro02j	05991213	\N
385	Nisa Atsz	\N		f			09eth5ka	84741258	\N
291	Kuzey Kartal etinkaya	\N		f			qeclrfkp	73420504	\N
292	Ula Tahir Mutlu	\N		f			0zdt4u8w	96928835	\N
293	OZAN YILMAZ	\N		f			mrhfsmgm	71180096	\N
195	Egemen Ertrk	\N		f			mtteazws	15361785	\N
196	Baran Yazgn	\N		f			u5sg6tuz	86837959	\N
197	Deniz lknur Kker	\N		f			oj6f4cd7	09537411	\N
894	Rana ikbal kul	\N		f			vphexbm5	71030985	\N
895	Elif Bykbenli	\N		f			0uwmautv	05485456	\N
896	erife Naz BOZDEMR	\N		f			o9qpx9t9	34613989	\N
488	Ecenaz zahin	\N		f			vgl6pgut	90335494	\N
489	Zeynep Hanne Kaymaz	\N		f			0vyo6d8c	82992762	\N
328	alar zten	\N		f			db14hh4c	76166819	\N
329	Batu Kurtulu	\N		f			b6ilgry4	27763671	\N
330	Emir Kerem Tuncay	\N		f			jx3oiara	36805445	\N
331	Eyll Karaday	\N		f			0sx8oj9p	33816853	\N
332	Ela Bebak	\N		f			wsaz9vug	52097438	\N
333	Melis Keiciler	\N		f			68c16w3v	90572009	\N
334	Emir Seen	\N		f			4nda5dvv	75236925	\N
335	Hseyin Arda Halc	\N		f			cfe03gpg	71038828	\N
336	Aye Defne Aykul	\N		f			8dfmve6o	53088167	\N
337	Mina Akbulut	\N		f			h3xbbeyd	09789574	\N
338	Eren Arda Koak	\N		f			ihfgsat6	47761084	\N
339	nci Burun	\N		f			fjbwh7rc	30359310	\N
340	Neva Grn	\N		f			uyrerkhc	50552594	\N
341	Gkhan Efe Yava	\N		f			szmvu6pv	07426534	\N
490	Ali Ahmet Tetik	\N		f			kwatzhxw	60259471	\N
491	Enes Emre Karaka	\N		f			vu6o2bvj	55322725	\N
492	Mertcan Kadayf	\N		f			78xb9ub9	92912373	\N
493	yk Tabak	\N		f			myisylco	35568145	\N
494	Rabia Elif Sun	\N		f			tx2jwap6	79425536	\N
495	Sadk Durmaz	\N		f			kvfpgfzz	30337437	\N
496	Kuzey Kalyoncu	\N		f			7ca7c25z	63280877	\N
497	Alihan Sencer Berk	\N		f			ttzq0gfv	00862704	\N
498	Arif Emre iftaslan	\N		f			hqu91o8m	64706676	\N
897	Nisanur Yaprak VANLI	\N		f			e50tytu5	51331610	\N
898	Ece abek	\N		f			hhr3wqmy	67084844	\N
899	Duru Gg	\N		f			q7yeijly	19958206	\N
900	Ozan Karaku	\N		f			kbsh1yjs	70665722	\N
901	Ceyda Nur Yldrm	\N		f			cuyfd85s	16748573	\N
902	Yiit ztrk	\N		f			bzkx5sn7	21192734	\N
903	Ege Kzlok	\N		f			95rfmafq	96164511	\N
1183	Mehmet AKDODU	\N		f			tpjonm7b	74586845	\N
1178	Zeynep Aylin evik	\N		f			bwl1aefr	19234740	\N
984	Sevim USUL	\N		f			8eqmnmlk	83614539	\N
985	Aye Rana TRKTEMZ	\N		f			3vdw364x	08026590	\N
986	Fatma Zehra Baolu	\N		f			jt98dpvs	82544698	\N
987	Elif Akan	\N		f			eywz9i9u	00012732	\N
988	Elif YILDIZ	\N		f			405blj3u	60590505	\N
989	Ceren ER	\N		f			5ufnquwn	48367438	\N
990	Neslihan rem Ylmaz	\N		f			rmm9r4c7	43438152	\N
991	Katre mrm Dalak	\N		f			b7503z4y	01153113	\N
992	Deva ztrk	\N		f			uvzn5ilw	15092398	\N
993	Elanur imek	\N		f			yx38lqz2	19814452	\N
1244	Ahmet Enes Kocabyk	\N		f			qjsn34ri	77188378	\N
1084	Emine Smeyye Eme	\N		f			x7lsapqm	21268665	\N
1085	Amine Erva Altn	\N		f			h1ws1yhw	81010003	\N
1086	Aye Gl Aslan	\N		f			pu22ynxb	51207080	\N
1087	Aye zdemir	\N		f			ro5yr39t	60661805	\N
707	Ecem OKUN	\N		f			4lrzvqbb	53937094	\N
708	Ezgi Diner	\N		f			x0ug02rx	19981075	\N
709	Ecrin Alfat	\N		f			jgly9mt6	01873391	\N
383	Yaz Seyit Avc	\N		f			e3xl20sn	67735828	\N
384	Elif Naz Hanta	\N		f			envm1e6a	57909463	\N
386	Uras krgz	\N		f			fz7eli2l	59964849	\N
387	Eren KAPTAN	\N		f			27z6etm4	69649241	\N
388	dil Gkaar	\N		f			ewtfeiwj	08120718	\N
389	Deniz Eren Ayba	\N		f			b4398r8w	85847365	\N
390	Irmak Ece Ergn	\N		f			frjp4ltl	05953323	\N
391	Eray Kaptan	\N		f			la6vvuez	70803099	\N
392	Selin Grsel	\N		f			06b2tf01	88191043	\N
393	Ege Erman	\N		f			7ydg87yy	29905879	\N
394	Ceyda Ayka	\N		f			tfkbqpp1	16111847	\N
395	Fatma Beyza Akda	\N		f			jeld3l0o	40427766	\N
396	Miray Soy	\N		f			aj9vyfsr	79202429	\N
397	mer Yldz	\N		f			vergimpf	53289288	\N
710	Birsu Kavas	\N		f			pocuvuks	12177733	\N
711	Ecrin Ulus	\N		f			25f2wsut	74511441	\N
712	Berra alk	\N		f			4wlp1jeq	71557803	\N
834	Akif Dereli	\N		f			ifw0iysg	57594741	\N
835	Alihan Sencer Berk	\N		f			f1iqzxbm	70437056	\N
836	Aye Demirci	\N		f			ow8yryx7	23095419	\N
837	Beyza Betl zdemir	\N		f			zafyl9db	90751858	\N
838	Can zkl	\N		f			q8huacaa	78296427	\N
839	Doa Atmaca	\N		f			epx6mweg	75861504	\N
840	Elif Azra Tuncer	\N		f			eubvdjxv	70253255	\N
841	Emre Sarkut	\N		f			ky19q05p	87171077	\N
842	Enes Emre Karaka	\N		f			i5zdetow	53797341	\N
843	Feyza Yavuz	\N		f			4bevmz4z	74385884	\N
324	mert cafer eral	\N		f			b1hdav7r	59124735	\N
516	Eslem Algn	\N		f			g2r7u8q2	63345552	\N
517	Ukbanur Eker	\N		f			65oq4arh	15814563	\N
499	Elif Azra Tuncer	\N		f			dz62s49i	17012946	\N
500	Emre Sarkut	\N		f			x05sybiv	26991988	\N
501	mer Berk Kurban	\N		f			27dgcbto	00210953	\N
345	Gkenaz ALSA	\N		f			7zckh2tf	16749948	\N
346	BAAK KARAKO	\N		f			kh86y5qo	16403340	\N
347	Gl baak erer	\N		f			x9k5swc4	34976218	\N
348	Erkut kt	\N		f			o1k9it54	91603314	\N
349	Eflatun KAHRAMAN	\N		f			r88p6t0n	44491955	\N
350	mer Faruk ubuk	\N		f			xyu8dwuu	58331942	\N
351	Deniz Arda Kahveciolu	\N		f			k6sv471n	69126774	\N
352	Rzgar Cem Maa	\N		f			qzgpx8mq	55820639	\N
353	Ali Altay Turan	\N		f			7gggje0o	65218318	\N
354	Frat AKBAL	\N		f			jdfqhpm0	86215984	\N
355	Yaz AYIR	\N		f			lt87wbnc	17472374	\N
1088	Fatma MASTAR	\N		f			54w6nwjh	14829024	\N
1089	Emine Smeyye ORHAN	\N		f			e6sspe0k	51754356	\N
1090	Aysima DNDAR	\N		f			3b4e7rnf	36713092	\N
844	Harun Yusuf Koraltan	\N		f			6j4jjanp	63532755	\N
845	Havva Uur	\N		f			24ufbalx	03776450	\N
846	Kuzey Kalyoncu	\N		f			hf45w31f	56039260	\N
556	CANSU BALCI	\N		f			p488h18k	40487910	\N
557	NSA KO	\N		f			akv7dh2o	28642213	\N
558	Hayrnnisa renci	\N		f			3eowvtgb	97638867	\N
518	Talha ifti	\N		f			ddr5vvxm	66039037	\N
519	Yusuf Ik	\N		f			gkfnv1qj	07672170	\N
520	Asel Mina Kk	\N		f			wq3m3zs6	97070597	\N
521	Azra Kadky	\N		f			3ktzlh04	53415343	\N
522	Cemre Solmazel	\N		f			u22dfg2m	45885483	\N
523	Rabia Duydu	\N		f			cjgndx8n	39861074	\N
405	Yiit Yenidoan	\N		f			3jtrlzqw	75398394	\N
406	Can Deniz Grkan	\N		f			82u2csp7	09695218	\N
407	ASYA TZEMEN	\N		f			oa84btpm	02973391	\N
409	NL DADELEN	\N		f			kltsoluk	39792448	\N
410	eyma Aydn	\N		f			qcmcs916	19814114	\N
411	Aylin zgm	\N		f			6n78vkb6	54574757	\N
412	Hira Sng	\N		f			tmrn4fln	33429036	\N
413	Almila Ylmaz	\N		f			69hm99f3	56696372	\N
414	Yusuf Erim Kara	\N		f			hbffw745	67247052	\N
415	Ata Gen	\N		f			s3u29yyc	14870469	\N
416	Uraz Karaelik	\N		f			mj6cscfo	85469940	\N
417	Bilge Mira Duman	\N		f			ssabi9dy	72460386	\N
418	Melis Yetgin	\N		f			4fkr2j4i	45591063	\N
419	mer engil	\N		f			r7g65q5u	21423410	\N
420	Leon Kaan Kurt	\N		f			ed8zlwje	24332115	\N
421	GVEN BEYAZ	\N		f			c16bsfjg	60752084	\N
422	Ela Lama	\N		f			tmru5wdx	70393151	\N
423	Sreyya Ela Arkan	\N		f			9mqoa4re	25158604	\N
424	Yiit Baydar	\N		f			sp133pc3	99409184	\N
425	Yamur Buday	\N		f			s8n8gwgx	98893910	\N
426	Aye Defne Akgz	\N		f			iph4j3j0	61551962	\N
524	Hseyin Efe Vatansever	\N		f			a51w6op1	80420357	\N
756	Alperen Gider	\N		f			xdsdwgmt	81919610	\N
755	Aytekin Necip	\N		f			sudlekxv	11287143	\N
800	Ceyda Ermi	\N		f			ifucmh6j	02889007	\N
610	Berra Dur	\N		f			gdynysd9	98459826	\N
611	Rabia Ecrin Yeildal	\N		f			6ou5icq7	04647137	\N
612	Aye Betl Klemen	\N		f			zvvgpdta	62781007	\N
613	Zeynep Zian Soylu	\N		f			pzh9c7ya	97386435	\N
614	Bora trkekul	\N		f			eexwvtx6	79948813	\N
615	Berk ali Blbl	\N		f			1mb162av	23908846	\N
616	Hayrunnisa Abdiolu	\N		f			uuay0vxn	47097592	\N
617	Cemre Bayram	\N		f			ebjstym4	51108972	\N
618	Kbra Gneler	\N		f			y6l24l1y	43661562	\N
619	Ebru Can	\N		f			iji4herq	18328520	\N
620	Berra Oglago	\N		f			q06f0r3u	74126659	\N
621	Yusuf imen	\N		f			44ul17qm	58900580	\N
622	Buket Su Koca	\N		f			hjk8m4bc	98660710	\N
624	Beyza ecrin grgn	\N		f			cp3ok9lo	58639808	\N
625	Hayrunnisa olak	\N		f			ldchboan	43668068	\N
802	Elif Ktk	\N		f			6ujol7v9	26533448	\N
904	Mehmet Kerem Aydodu	\N		f			6divy5ef	33481492	\N
905	evval zkstebeki	\N		f			awj3db0a	52030147	\N
906	Elif Esen	\N		f			ib2r4v2w	70129836	\N
907	Emine idem Nohutcu	\N		f			fljzswr7	44573575	\N
908	Fatmanaz can	\N		f			18htm4ot	83451099	\N
909	Haticenur yagci	\N		f			irqp1852	92040176	\N
910	Hira Nur KEKLK	\N		f			m30pc4l6	38262126	\N
911	Melike SELV	\N		f			pv8zacod	16667798	\N
912	Emine Bayr	\N		f			jslhmgj1	99802731	\N
913	Ayegl Erdoan	\N		f			4zabo13r	74709254	\N
1184	Burak Mahi Yaar	\N		f			ai1bmbhc	77876269	\N
994	aatay Trksayar	\N		f			jdczucio	40890047	\N
995	smail Can Bykhan	\N		f			imj1oiua	39580903	\N
996	Bilal Ekrem z	\N		f			xhbukf77	77795804	\N
997	Mehmet Tunay Kfteci	\N		f			3ggv5s0j	03408986	\N
998	Rana Mungan	\N		f			sivdlaob	03865632	\N
999	Aye Zeliha Kandemir	\N		f			4ezw2nwx	15602635	\N
1000	Elif KTK	\N		f			osomev5p	13458000	\N
325	Il Eyll Klten	\N		f			cb3mnii0	30468737	\N
327	Utku Cem Demirciolu	\N		f			r1n0s98r	49744716	\N
342	Eren Samsunlu	\N		f			l9ec5n0g	69795115	\N
343	Yazhan Al	\N		f			h6x5813h	93413421	\N
344	Melis TUNA	\N		f			x6cawdgd	82561237	\N
356	Erkan Erdem	\N		f			xbna7jpn	30481743	\N
357	brahim avulolu	\N		f			tus9x4s9	59393855	\N
358	Efe Deniz Can	\N		f			sa4rmb14	51475756	\N
359	Doruk Ylmaz	\N		f			cniyeu63	34963567	\N
360	Duru DOAN	\N		f			xzidtw70	01035966	\N
361	Mahmut Bozda	\N		f			axw0bijx	79685882	\N
362	Kaan Cengiz	\N		f			krvkcp9u	56962661	\N
363	Can Diler	\N		f			wrvj8hce	90498893	\N
364	Konumac 1	\N		f			keh50do6	01570549	\N
365	Konumac 2	\N		f			3288etn9	61073045	\N
502	Konumac 1	\N		f			v6qx2mog	50731874	\N
503	Konumac 2	\N		f			gdzo821u	23724308	\N
504	Konumac 3	\N		f			j0s1gnei	52773517	\N
400	Nil Aya Acar	\N		f			vwm61e9f	01661936	\N
408	ALYA KARAOLAN	\N		f			lktddng5	21074050	\N
401	Deniz Arslan	\N		f			t2k0ta1n	52898521	\N
402	Elif Naz Baal	\N		f			fxpkeixk	63142823	\N
403	Kuzey eril	\N		f			28eptebs	83056636	\N
404	Eymen Akyz	\N		f			znzdb7te	62551020	\N
427	Selim Baar	\N		f			gs35cpxr	24989545	\N
441	Ali Fuat Demirkol	\N		f			1n5k9ipg	82542026	\N
442	Ece Ertemr	\N		f			8dmp8yg6	03937855	\N
443	Yusuf Samed Yldrm	\N		f			floiiwb8	25558991	\N
444	Berkalp Berk	\N		f			sw1dlrzs	88755355	\N
445	Fehime clal Kaya	\N		f			wrld3t6x	89517709	\N
446	Atahan Blent atalba	\N		f			caw3ot2q	31801770	\N
447	ifanur Ylmaz	\N		f			90bq3g50	47657005	\N
448	Ege Kse	\N		f			n2dpeizx	20835405	\N
449	Cemre Karaku	\N		f			uyy24v8r	65095608	\N
450	mer Sar	\N		f			tqziwn6w	59747347	\N
451	Azra Derin Dursun	\N		f			yvghjilw	49094355	\N
452	Ela Kl	\N		f			s7ot88ws	82790695	\N
453	Tanem en	\N		f			45mg4c1o	89059405	\N
1001	Zeynep GNE	\N		f			qxpzbb6x	83933956	\N
1002	Yusuf Emre Demir	\N		f			soplq7pk	39946449	\N
1003	Ahnet Bcek	\N		f			eswavfje	71391764	\N
1091	Fatma Betl BAL	\N		f			kv01eutf	98024893	\N
1092	Duygu Baak Ik	\N		f			yzfgsdq3	04423109	\N
1093	Ecrin Gndz	\N		f			6ecbe40x	68906870	\N
914	Elmira zkan	\N		f			8hacxb2o	20662197	\N
915	Glseren Karakaya	\N		f			uzm2pbu9	79645415	\N
916	Berra zdoan	\N		f			hqoygblo	61057243	\N
917	Zeynep sare Uluocak	\N		f			brrq1luc	30017382	\N
918	Yaz Umut Dnmez	\N		f			w9wnzc3m	48060723	\N
847	Mertcan Kadayfc	\N		f			vuwtkhmk	16430785	\N
848	Mevlt Sami Yldran	\N		f			2kxhs7tr	37978043	\N
849	mer Berk Kurban	\N		f			3h8n6skx	47643218	\N
850	mer Erkam akmak	\N		f			x4pki4d9	67612200	\N
851	Rabia Elif Sun	\N		f			5thtaau8	60787819	\N
852	Remzi Tahmaz	\N		f			bw3z2c7z	25744902	\N
853	Sadk Durmaz	\N		f			44clxw98	10723890	\N
854	Sergen Gayretli	\N		f			4wszmsmp	54216887	\N
713	pek Ataj	\N		f			p9ebxbw4	46769456	\N
714	Almina akan	\N		f			ro84ja57	15648490	\N
715	Mge Sezer	\N		f			ya4m2cwv	89571094	\N
716	Melisa L	\N		f			9qy0t4zq	59873243	\N
717	evval ZCAN	\N		f			tltq4v2d	00073760	\N
718	Ahsen Nur ALICI	\N		f			dz3m69ih	10658197	\N
719	Zeynep Ece ALP	\N		f			v15mzymn	42539882	\N
720	Melika Kohandelnezhad	\N		f			2vkvafzp	76327842	\N
919	brahim Kerem Polat	\N		f			mtle1x4w	07599172	\N
920	EFSA BALAK	\N		f			cp997k1z	22703400	\N
921	NEVA ZDEMR	\N		f			3k4ed7aa	12674159	\N
922	Azra Emi Ktk	\N		f			u8swx0m1	51747243	\N
923	Nisa Karakaya	\N		f			lrjw6lin	03346934	\N
1165	Ecrin Bade Aydn	\N		f			fqb3twdr	26158949	\N
585	Yamur Gez	\N		f			perq5iyj	28474025	\N
586	Tuna Kaan EKER	\N		f			w2ie51xk	92794295	\N
587	Ferhat Eymen YILDIRIM	\N		f			qpxtgvqk	99770877	\N
588	Belinay Akku	\N		f			f0jzuats	31325297	\N
589	Ecrin Damla Alagz	\N		f			zop8irm0	80973153	\N
590	Rana Okay	\N		f			p7kjo0qm	12011872	\N
546	Rabia duydu	\N		f			ciqvcm5b	33844145	\N
547	Cemre solmazel	\N		f			9k6wefeb	11270480	\N
548	Eyll Cokun	\N		f			2u1tj8q2	11825395	\N
549	Nisanur Ekinci	\N		f			kl2nut0x	46723366	\N
550	Taha Ball	\N		f			x57dn4vw	32376173	\N
551	Uur Kahraman	\N		f			k78yydq8	25852153	\N
552	Elif Eyll Uysal	\N		f			679hg8b7	01756880	\N
553	Rumeysa ztemir	\N		f			dxy0an77	48158620	\N
554	Tuana Azra Dalg	\N		f			wjjl34n2	47475374	\N
555	Meryem Ece Avar	\N		f			wd33w8re	98317920	\N
562	Ate Sarbal	\N		f			bqvydfsa	84545286	\N
563	Abdurrahman Alahmad	\N		f			jp7xqpg4	27875948	\N
564	Begm Feride Bakr	\N		f			w95xyfb4	69398066	\N
1185	Ramazan Uurlu	\N		f			z3ykxgx5	52729211	\N
505	Rveyda Ocak	\N		f			8psi0um3	14928109	\N
855	ehval Dilara Akgl	\N		f			spfg0ili	65523307	\N
856	Taha brahim Pekta	\N		f			8k1bxg6m	80400943	\N
857	Zeki Yiit arktan	\N		f			96ak3i6n	92409573	\N
858	evval Doruk	\N		f			hobzf05n	03655544	\N
859	Zeynep Hanne Kaymaz	\N		f			otlhix5b	25348657	\N
860	Ada Sarbay	\N		f			5i27lhw9	09431401	\N
861	rem Sena Arslan	\N		f			gj18zxmt	28639135	\N
454	aan Aydnz	\N		f			c26p5c14	85463795	\N
398	Alya Dilay Yldrm	\N		f			kqruwtg1	22818211	\N
862	Buket Kl	\N		f			s5jdvvgm	12913647	\N
863	Tayyar Trk	\N		f			ha3mew12	65465654	\N
864	Bahar zmener	\N		f			ni6yjs39	43905497	\N
865	Cemal Ucatl	\N		f			qqwmj6sa	38298028	\N
866	Zehra Sultan Kapuci	\N		f			xuexqqd8	04904635	\N
924	Hsn boyac	\N		f			e9b1cg6g	88918997	\N
925	Tuana ahin	\N		f			5vmgw71e	85833581	\N
926	lk Korkmaz	\N		f			u82a2sfh	97593265	\N
927	Taha Grgen	\N		f			ylcquupz	15368149	\N
928	songl naseri	\N		f			spgz3rxv	12204406	\N
630	Ceylin ULUSOY	\N		f			5nixbzmo	38431962	\N
631	Hatice hma ERGENER	\N		f			k7z8mop1	78637594	\N
632	Ecem Kalem	\N		f			4u0myh07	95254032	\N
633	Arda Eymen Elmas	\N		f			p8e0k8v9	54689487	\N
634	Ceren sir	\N		f			sgog7rn0	89867934	\N
635	Tuana haimolu	\N		f			wssa2ttf	66432206	\N
636	Fatma Glseren zkan	\N		f			ppc882sr	48211496	\N
637	Asl Neda Bircan	\N		f			1jqbufeg	10067663	\N
638	Berra Naz Ceylan	\N		f			y27slvf0	20653966	\N
639	Zeynep Aksu	\N		f			58hrker8	33616575	\N
641	Gken pirik	\N		f			s55wzgc3	55245430	\N
642	Semanur Atay	\N		f			3b8whmg0	90201355	\N
643	Irmak Rukiye tosun	\N		f			16khyi2r	46359037	\N
644	Can Vardar	\N		f			xbp3kjzg	55284873	\N
645	Yamur imek	\N		f			cqbvschu	20821861	\N
646	Ahmet Yasin akr	\N		f			x5m44k1a	06620038	\N
647	Temim Acar	\N		f			p4j0hnz4	80801870	\N
648	Arda mer ALTA	\N		f			etwrjc28	78172879	\N
649	Ali Krad BOZOLU	\N		f			izd1l6a1	28646041	\N
650	Ceyda Sdka zaltay	\N		f			5cszzneb	34111544	\N
651	Efsa Eyll Bozdoan	\N		f			q8pj8ocn	52748257	\N
652	Zeynep Nisa Demiryrek	\N		f			2ygrs8lu	68840494	\N
653	Smeyye Seher Akkaya	\N		f			46n57tkh	52536062	\N
654	Murat yiit sayar	\N		f			ig0kbiyu	09386068	\N
655	Yusuf enes altanlar	\N		f			hjrlqclo	49736708	\N
656	Hafsa Buran	\N		f			xo0iwvuj	13462221	\N
525	Esmanur Yiit	\N		f			jbsqpmeg	33959887	\N
526	Aycesu Naz Kavanoz	\N		f			iaunexts	10060179	\N
527	Nisanur Aydemir	\N		f			zffup2pa	12405253	\N
528	Bedirhan Dzenli	\N		f			u26m50mr	25548834	\N
529	Selin Ay	\N		f			0sfu6yv6	16832850	\N
545	akire ykm yaman	\N		f			tylp1aii	79828062	\N
566	Tuana Korur	\N		f			jq4qq9pb	48310655	\N
567	Sla elik	\N		f			dkl7qn4l	41757492	\N
568	Hiranur Kurt	\N		f			xpeg4fbd	63054260	\N
569	Gizem abanoz	\N		f			j3dg0aq2	68096729	\N
570	Lamia elebi	\N		f			3zcs9hth	43534255	\N
571	Ebrar akr	\N		f			5ab1pf0g	05782543	\N
929	irem dagstan	\N		f			8p4viab5	70247604	\N
930	Melahat eryldrm	\N		f			hamefy2f	02247596	\N
931	Elanur yorganc	\N		f			p4hcerg7	09445214	\N
721	Ece Erkaya	\N		f			r2ds5pm7	85911236	\N
723	Mehmet Eymen Dadelen	\N		f			lmdkhn0m	78979508	\N
724	Mustafa AVCI	\N		f			ne9c59fr	19336825	\N
726	Nihle Su AKTRK	\N		f			hl6677uc	06941998	\N
727	Bra Ceylin AKBULUT	\N		f			vl95ohtr	53417623	\N
728	Ceyda FIRTINA	\N		f			qsj99czs	04192069	\N
729	Hayrunnisa ZEL	\N		f			huuzbzps	57099191	\N
730	Emine ztrk	\N		f			jxkgviu5	56974167	\N
731	Yamur z	\N		f			lslintk1	34127664	\N
732	Nevra Kaya	\N		f			pc2u2spr	68629664	\N
733	Mustafa Ali Gl	\N		f			iu2ydwfo	39684807	\N
932	Zlal serra cokun	\N		f			ek0rlxeb	80789683	\N
933	Sinem karadoan	\N		f			bqa2sbd0	52590365	\N
1186	Yasin Arda Uzel	\N		f			88gmfo7z	75861477	\N
1187	Eymen akr	\N		f			bk5xfz7r	33337962	\N
1004	Elif Su zdemir	\N		f			0nsk6a4s	11821902	\N
1005	Zeynep Azra Aktu	\N		f			han2nj21	62439501	\N
1006	Eymen AYDIN	\N		f			ltkwrcvm	51552655	\N
1007	Selim Mete EKER	\N		f			i1x9xuea	78082989	\N
1008	Grkem Sezgin Pezek	\N		f			nverjpkv	60114450	\N
1009	Hasan Arslan	\N		f			7mlybv6u	13781841	\N
1010	Hamza Sarda	\N		f			0dcyly7r	65724841	\N
1011	Ozan Kerem Temelli	\N		f			8eo7qoi0	27643246	\N
1012	Ecrin Hacer Kuzey	\N		f			7jtqqd3e	93645748	\N
1013	Zeliha Uygun	\N		f			rcj46r39	70458823	\N
1094	rem sena Ayka	\N		f			4mzr92h3	57312225	\N
1095	Hlya yegen	\N		f			k9m15fu1	31713132	\N
867	Yunus ahin	\N		f			cuouk59t	61418684	\N
868	rem Akkalay	\N		f			5b45b29c	27641869	\N
869	Esma Gler Bedir	\N		f			obi1ngvk	32888986	\N
870	Enes Cokun	\N		f			4k6mzkdb	31469669	\N
871	Hseyin Gler	\N		f			2eezeape	22722612	\N
872	Melike Mayda	\N		f			ya82s65b	47158079	\N
873	Emine Yldrm	\N		f			vz7lbgab	28131301	\N
1171	Melike Hazal calan	\N		f			s8lihjp6	58976785	\N
1172	Yamur Sena Demir	\N		f			6pzw2vk5	83872455	\N
1173	Neziha Gl Byketin	\N		f			bhrru692	21670278	\N
1166	Saliha Mercan	\N		f			dqrlhe1k	13598733	\N
934	brahim ekmen	\N		f			g86243ve	98775213	\N
935	Furkan Burak toksz	\N		f			v3mlufbe	84238595	\N
936	Aye Nur Yldrm	\N		f			6viflkwi	07324741	\N
937	Zeynep Beparmak	\N		f			2d6op0fv	22661756	\N
938	Ebrar Tue imek	\N		f			nbtc3sc4	45345857	\N
939	Hatice kbra atal	\N		f			mow5qyva	26270489	\N
940	Cemal Temurta	\N		f			r9p2jgvd	37168587	\N
941	Elvin B.Cavlak	\N		f			2y73rv9k	61970905	\N
942	Safiye Gden	\N		f			zic8kek0	88413335	\N
943	mer Faruk Akbulut	\N		f			8simcwux	56800533	\N
1014	Onur Umut Kaya	\N		f			u7eo8v4w	70675567	\N
1015	Cansu Trkmen	\N		f			q8y32bmo	34331253	\N
629	Zilan zkul	\N		f			pks7iwk2	69337531	\N
661	Cevahir Ecrin erefler	\N		f			evixpvj9	97309251	\N
663	Ecrin Bozkurt	\N		f			mnn2ev9c	78467961	\N
664	Ahmet Umut Atik	\N		f			7titlzmx	24188762	\N
665	Emine Sude Kse	\N		f			r96kyjjo	12598368	\N
666	Z. Nisa Ak	\N		f			6tl9ocib	59247663	\N
667	Ediz Kaan Ermez	\N		f			pcgj1mt9	54286057	\N
668	Emir Furkan Esen	\N		f			vrjomep3	31749232	\N
669	Enes Kam	\N		f			6tfbw0sk	82232897	\N
670	Kerem Derince	\N		f			rr7rnn55	38877444	\N
671	Talha Dicle	\N		f			jqle9vf7	69314469	\N
672	Utku Tuberk Gzelgl	\N		f			3eevfm4r	78899448	\N
673	Yusuf Mail	\N		f			yodtaerz	02084124	\N
674	Hira parlt	\N		f			xbtpchq9	82973138	\N
675	yk turan	\N		f			gk7adwfv	77077386	\N
676	Ayenur Delikta	\N		f			k5v1hmyt	38560607	\N
677	Elif Yaren Akda	\N		f			r1p4gz3r	77451041	\N
678	Alperen Gke	\N		f			wbxh87bv	09254176	\N
679	Enes Akarsu	\N		f			d2y9xr4y	20389304	\N
680	Hseyin El Recep	\N		f			827r8jwm	96843328	\N
681	Ezgisu Tosun	\N		f			aokwzpqh	50722073	\N
1016	Hseyin Utku Irmak	\N		f			4dw88pbq	66481287	\N
1017	Mehmet aan Datl	\N		f			u31qnvt8	73080171	\N
1018	mit Batuhan Karaaa	\N		f			frrbzk5o	97534130	\N
1019	Benan Bertiz Kendirlik	\N		f			hqjgyv99	72605320	\N
1020	Aleyna ilhan	\N		f			2prvq7uy	42274063	\N
1021	Ceren kaya	\N		f			pq28h2zv	60358180	\N
1022	Smeyye Yldz	\N		f			2sowogiz	26778199	\N
1023	Ecrin Su Emlik	\N		f			s8y2lcqf	78553694	\N
1167	Glen rem Tatekin	\N		f			7qrigaux	02573902	\N
1168	Zeynep Livanur Akpnar	\N		f			tne69drv	08688433	\N
1169	Glizar Gkta	\N		f			s8rxxh1a	72893717	\N
1170	Yamur Sena Darci	\N		f			2ludnfqf	42439116	\N
1096	Efe Abdullah Yavuz	\N		f			7iyuvfbi	47304675	\N
1097	mer Tark Kuruu	\N		f			vo5ar0dl	08948318	\N
1098	Sami uzunhisarckl	\N		f			4xd48rs9	39434381	\N
1099	sra cemalolu	\N		f			faxobwwf	06271990	\N
1100	Azra Dilad Timur	\N		f			d07nj707	64282678	\N
1101	Betl kmr	\N		f			j8h6ip8r	14004893	\N
1102	Muhammet Ali Polat	\N		f			pekdtcgi	15526137	\N
1103	Zeynep Rana Aydn	\N		f			mxzmo81f	09664062	\N
734	Gke Berra akaku	\N		f			sx1z9p7x	88582647	\N
735	Zeynep glla	\N		f			zxox0lhs	72487236	\N
1188	Fatmagl Ba	\N		f			wkboqvrl	25172012	\N
1189	Nilfer A	\N		f			eg1bfhll	20478605	\N
1190	Fahrettin Buyukapan	\N		f			rp3opgjy	83787385	\N
1191	Ahmet Safa uguz	\N		f			itm0f565	42596888	\N
1192	Bilge Naz HANG	\N		f			f5jm6h59	01977547	\N
1193	rem YILMAZ	\N		f			nexq8u2r	89413002	\N
1250	Gkay Safa Eren	\N		f			v4b6hxd5	90800740	\N
1251	Eyp Eren St	\N		f			0trzwzea	78708474	\N
1252	Ula Utkan nalan	\N		f			2uhv4bnj	31445369	\N
1253	Memduh Yiit cal	\N		f			kmn7vpai	79637125	\N
506	Seniha Yldz	\N		f			4dqr9f7r	07865470	\N
507	Muhammed Celil St	\N		f			95aqjxdf	77203537	\N
508	Osman Bertu etinkaya	\N		f			et1h51hj	31901706	\N
509	Hasan Binali Yldz	\N		f			3u7w14k0	95462864	\N
510	Kerem erif Chasan	\N		f			g87t2uvk	97830765	\N
572	Fahriye Gl Kl	\N		f			30fxdfoa	11388999	\N
573	Adla Deyazada	\N		f			ilblnadb	57079352	\N
574	Meryem Medine leri	\N		f			4lxy1jmt	10383046	\N
575	Zeynep kaddur	\N		f			kx0tdx1g	41251025	\N
576	Edanur Aydemir	\N		f			wd50eop8	13115702	\N
577	Nazl Gnebakan	\N		f			iy3vucos	84315748	\N
578	Hiranur Erolu	\N		f			70mnvy32	33523688	\N
579	Hiba Elomar	\N		f			irpqreuj	15670194	\N
580	Zeynep Azra Acar	\N		f			ep8ogenv	74795522	\N
581	Rukiye Rabia Temuin	\N		f			y0d253dw	94619278	\N
582	Ravzagl zeytun	\N		f			gzd8m0c1	08747242	\N
583	Saliha erbay	\N		f			z96o56ew	45130904	\N
584	Sayra Subai	\N		f			ubrggyb9	64515495	\N
591	dil Knk	\N		f			aotrympk	83344373	\N
592	Esmanur ahin	\N		f			8tsga2mn	71967981	\N
593	Fatma Zehra Yeilyurt	\N		f			f83mncb7	64475035	\N
594	Gkalp bilgay	\N		f			g4r784gz	45551923	\N
595	Hseyin Enes Ylmaz	\N		f			h854t4wf	40167988	\N
596	Belenay zengin	\N		f			81da44h4	68089095	\N
597	rem naz gl	\N		f			0wqjs775	98758669	\N
598	Uras Cinemre	\N		f			ig0w2yrb	25900859	\N
599	Yaz Dayolu	\N		f			oolw2vsu	19482191	\N
600	Gkhan Topuz	\N		f			idp813nm	16252596	\N
601	Elif Gz	\N		f			g25wwjqr	37281943	\N
683	Merve adbelli	\N		f			rv38vifp	62502939	\N
684	Hseyin Kaan Atalay	\N		f			o7fxjef6	47432435	\N
685	Musa eker	\N		f			4ueqvasd	47638473	\N
686	Hiranur yeil	\N		f			8kfyp3d3	01715839	\N
687	Rabia elam	\N		f			i2ngijdx	07799766	\N
688	Derin tavukcuoglu	\N		f			dugwl2l7	27055289	\N
689	Aye nil i	\N		f			v0uodsxb	16737508	\N
690	Melih Kseolu	\N		f			101k8lzt	02039592	\N
691	Merve Haksever	\N		f			s61qz9om	67335171	\N
692	Eslem sobac	\N		f			t3meh864	60530370	\N
693	Damla ipliki	\N		f			6xek97m2	51566685	\N
694	Sahra Nur Yavuz	\N		f			sw2c7k0g	12765349	\N
695	Hira Bozkurtaca	\N		f			c4cjizk0	69048858	\N
696	Kubilay Karabiber	\N		f			g8s8y31g	92246221	\N
697	Kerem Tosun	\N		f			1l2df1cf	86031490	\N
658	Nisa Gngr	\N		f			3ubf9kna	11013361	\N
659	Melis Hiranur ahin	\N		f			5mn5gv5k	24399562	\N
660	Bnyamin Sezer	\N		f			vkmjqj0u	02001010	\N
662	Masal Sng	\N		f			822o85sm	89765132	\N
698	Zehra Naz Olgun	\N		f			a83xxet6	62025000	\N
699	Emine Betl Sargn	\N		f			4su0top6	20152097	\N
700	Asya ONAT	\N		f			ovvr30ig	77116405	\N
701	Betl BEYAZ	\N		f			kmuxuan1	71943896	\N
702	Feyza Nur Ertrk	\N		f			tj8airpd	38051726	\N
944	Aybke Eflal elik	\N		f			vuywv6ye	62729532	\N
945	Ecem Metin	\N		f			6ov06lnv	92218523	\N
946	Duran Berat Geer	\N		f			ogas475u	15620008	\N
947	Fahri Ayberk zdemir	\N		f			5d6agcoc	59378069	\N
948	Zlal Ylmaz	\N		f			2h74eqid	07817634	\N
949	Adanur ceylan	\N		f			puqyjpy3	45177276	\N
950	Esra yavanl	\N		f			3l8n6n5f	37472894	\N
951	Dilem berra diner	\N		f			zxec2gx5	73279754	\N
952	Asude naz Glcan	\N		f			6az8ubyc	83287348	\N
953	enay nur arlak	\N		f			ndnowxbj	22460239	\N
1024	Bahadr Alp Ktkde	\N		f			etik2nvv	04859486	\N
1025	Rabia Deniz Aygl	\N		f			bdsyyeep	94985286	\N
1026	Yusuf Arslan	\N		f			u2cisyju	59251330	\N
1027	Ela	\N		f			5a28xjud	10404808	\N
1028	eyda Altunta	\N		f			k1pq6bhr	31966435	\N
1029	eyma Altunta	\N		f			xf7ftjw0	97232767	\N
1030	Sla karagz	\N		f			zt4k8n4v	94307538	\N
1031	Ravza nur harmanc	\N		f			m9n1s2mj	56950787	\N
1032	Yusuf efe Stl	\N		f			3fv0iii1	15276172	\N
1033	Celal Alperen Gndodu	\N		f			qsq6jw7p	55872708	\N
1104	Ahmet Cafer Trkolu	\N		f			u3g2wjqz	40491783	\N
1105	Hmeyra Ceren	\N		f			qrlag5z6	03539407	\N
1106	Muhammed Emir Nohutcu	\N		f			fdqncemp	34556303	\N
1107	Kayra Kuzu	\N		f			fdu10q1x	73018173	\N
1108	Zeynep Berra Alpu	\N		f			fs4ztcf1	11217255	\N
1109	Mehmet Sami Doan	\N		f			kv6uock0	74284183	\N
1110	mer Kaan Sargn	\N		f			fcr1koqq	07167013	\N
1111	Hatice Kbra Kmrc	\N		f			jh8q21cd	37917886	\N
1112	Fethi Efe Gksun	\N		f			p1y0fhlm	46470738	\N
1113	Halil Akan	\N		f			ih3jww6a	19060754	\N
1194	Begm Tarhan	\N		f			suqvb1aw	96666926	\N
1195	Kvan Yldztepe	\N		f			on5u5vbp	19638720	\N
1196	erife Tusem Kaya	\N		f			bb8334ev	75431540	\N
1197	Ayegl Soydan	\N		f			4ubt4so2	51373800	\N
1198	Enes Beler	\N		f			3341r1pw	38114727	\N
1199	Necati Ceran	\N		f			v9kteyte	95092183	\N
1200	Elif Ulusoy	\N		f			1g771574	60758589	\N
1201	Ezgi Kaval	\N		f			eudyesz3	73336989	\N
703	nar ifti	\N		f			smcxs99h	77721734	\N
704	Miray doa demir	\N		f			h9z740sr	06098729	\N
682	Pnar yetgin	\N		f			ncqf45qc	96526998	\N
705	Berna kymaz	\N		f			r7aq4ylz	39860643	\N
657	Berra Gle	\N		f			4clk69sp	06024355	\N
626	Azra Mayil	\N		f			4prl65d6	21659713	\N
602	Feyzi Macuncuolu	\N		f			tgrb319i	02757736	\N
603	Arda Halil Kyc	\N		f			j4zhbtef	79874536	\N
565	Ela Nur Aydodu	\N		f			3um7fo7v	85078390	\N
605	ECRN TRKAN	\N		f			y19mj5t0	72723657	\N
604	INAR YILDIZ	\N		f			nl20yzac	96206273	\N
628	Yazgl mm krkn	\N		f			f014c5lj	44882547	\N
1034	Kemal tahir zeli	\N		f			adwmxb2n	90793617	\N
1035	Furkan gle	\N		f			9qv28bj6	82282665	\N
1036	Saliha Kbra eker	\N		f			sgxys28e	27095514	\N
1037	Erva Kar	\N		f			kkkw86q0	90683386	\N
1038	Helin Yaran	\N		f			w4nmyyad	15251867	\N
1039	Melike Taden	\N		f			bo4bj9u9	78813349	\N
1040	Nuran Kaplan	\N		f			u24ibscj	02563644	\N
1041	Bahar afak	\N		f			vr2mplao	41742692	\N
1042	Belks Emine anlolu	\N		f			mglhstc7	13402641	\N
1043	Enes Emre 	\N		f			he0lzwoi	99536502	\N
1203	Belinay lge	\N		f			8l14zdfv	94178955	\N
1202	Rya Naz Trker	\N		f			o0rh97qo	53990650	\N
1296	zehra sultan kapuci	\N		f			gudelvdy	39288565	\N
1297	Zeki Yiit arktan	\N		f			1actlmxc	09515937	\N
1271	Emre Sarkut	\N		f			zgriq9ez	69266204	\N
1272	Enes Emre Karaka	\N		f			cwq99nk4	45745054	\N
1273	esma gler bedir	\N		f			vpol10ic	11362485	\N
1274	feyza yavuz	\N		f			pxq619rp	11745870	\N
1275	hanne kaymaz	\N		f			3bt9inex	46258137	\N
1298	Enes Cokun	\N		f			lia8h65e	54062062	\N
954	Irmak etin	\N		f			882n82sz	01481187	\N
955	Zeynep Ravza Ege	\N		f			tlefmev4	26122478	\N
956	Aybke aga	\N		f			lztseaz3	57756809	\N
957	Helin zeynep erten	\N		f			eyj7685c	22463688	\N
958	Selin Dogan	\N		f			4pwhaov8	18418881	\N
959	Beste Palabiyik	\N		f			g1ky950n	38599188	\N
960	Melek Naz Saydemir	\N		f			qrru1hi7	78023246	\N
961	Yusuf Yaa	\N		f			ibmz01r6	22386803	\N
962	Ahmet aatay Glen	\N		f			spcrp5la	46332162	\N
963	Ada Bada	\N		f			t9mgp8bf	83895872	\N
1114	Zeynep Beyza nl	\N		f			vkdisn1l	93517813	\N
1115	Hatice Kbra Kalay	\N		f			hv7bnxf4	92025317	\N
1116	Hac Burak zcan	\N		f			xe8ge5z3	03405796	\N
736	Erva Ylmaz	\N		f			fc2ip8dq	55061657	\N
738	Belinay Oru	\N		f			bg75hytq	58148998	\N
739	Esmanur Kunduz	\N		f			i91grlse	21308473	\N
740	Zeynep Naz Topu	\N		f			g5d21h6w	95763521	\N
741	Fatma Betl Ganiolu	\N		f			r8mas91i	05822696	\N
742	Asrn Nur elik	\N		f			tf0922rx	90924197	\N
743	Ecem Boz	\N		f			9t89h1tc	67612982	\N
744	Fatma Cesur	\N		f			2er3vfha	82775888	\N
745	Seval Aydoan	\N		f			dfanyd1e	61995425	\N
746	Berfin dagbay	\N		f			jv6oysvp	01652314	\N
747	Fatma Zehra baylan	\N		f			ciq8df0z	98496658	\N
748	Esin Yamur Demir	\N		f			9wso46xm	30673629	\N
749	Bulem Nur zden	\N		f			xksd3fnn	79415663	\N
750	Zeynep iren	\N		f			x0x5fxvx	12807488	\N
751	ecrin yldrmkaraman	\N		f			jkdr9gdx	47728157	\N
752	Erdem Ertrk	\N		f			cr1la5w6	24564314	\N
1117	Said Taha Eran	\N		f			4ykgbzx5	61285250	\N
1118	Eslem Didar Sargn	\N		f			f6ejgvvd	55477380	\N
1119	Yusuf Fndk	\N		f			btt6iw7f	71164943	\N
1120	Ela Nur Demir	\N		f			eaxbg114	35674192	\N
1121	Fadime Sena Dayan	\N		f			ctskdvul	98272775	\N
1122	Yusuf Agah Doan	\N		f			g11t7lix	63410590	\N
1123	Ahmet Selim Aka	\N		f			ts6q96iz	14211695	\N
1245	Mehmet Akif Acar	\N		f			dixzt8s3	56091358	\N
1246	Zeynep Avc	\N		f			ujjt7utq	81698917	\N
1247	Zeynep Firuze ztrk	\N		f			a47891qe	15446006	\N
1248	smail Mirza Baykal	\N		f			xyl83zr4	82889002	\N
1249	Abdlhalik Benda	\N		f			fazruigj	08817379	\N
1309	Alihan Sencer Berk	\N		f			7xsqxjk9	80453578	\N
1310	Erdem Uyan	\N		f			bpky2ltg	05647509	\N
964	Ecrinnaz ztrk	\N		f			fghtu59u	81743350	\N
965	hsan ztrk	\N		f			e941fky8	27444848	\N
966	Esma nur ERUL	\N		f			umdf2lrt	22625103	\N
967	rmak AHN	\N		f			twpegqwi	58705505	\N
968	Elifnaz INAR	\N		f			0m8nybtz	25588245	\N
969	Elif Duru AYDOAN	\N		f			0t5vq2fy	44064608	\N
970	Hacer Arslan	\N		f			7a5wiz9o	91145533	\N
971	lke Eyll Kse	\N		f			8jphfw7p	64281501	\N
972	Elif Gne ZCAN	\N		f			4bihag1d	65099358	\N
973	Mustafa Emre KAYIKI	\N		f			wcsrmy9g	16256824	\N
1124	Ecrin GNE	\N		f			zmw93k4e	82034918	\N
1125	Elmas Hira DELL	\N		f			sbm94wxy	67254130	\N
1126	Berra Topakta	\N		f			1bji6kl6	07719264	\N
1127	Feyza Telek	\N		f			0adcck0n	11501107	\N
1128	Yamur okta	\N		f			welpdkye	67073196	\N
1129	Glen deniz zmen	\N		f			0qxmjfd2	84817319	\N
1130	Ceylin Yrk	\N		f			b9ny1n8j	52505613	\N
1131	Latife Ravza zahin	\N		f			3ofxi2h7	11633754	\N
1132	Mehlika Zeynep BLGN	\N		f			kji530v4	32704366	\N
1133	evval PASTUTMAZ	\N		f			y3i5s66l	10166065	\N
1299	Asl daylan	\N		f			5gf1izlg	35790691	\N
1300	Emine deniz Devrez	\N		f			tj9w7nfy	64362209	\N
1204	Muhsin ayr	\N		f			jd3gsj10	65280732	\N
1205	Ali Cihat Kalabak	\N		f			dm32s1hp	37080759	\N
1206	Muhammet Ali amc	\N		f			3xpklvi2	87842048	\N
1207	Tayyip Kelkit	\N		f			afqekc3e	87738849	\N
1208	mer Tuna Kler	\N		f			eysvhnxv	48239840	\N
1209	Ali Yldz	\N		f			z72kgnzb	88119880	\N
1210	Elif ahbaz	\N		f			ck1qunee	83040298	\N
1211	Arzu erba	\N		f			2cyvqsqk	06250686	\N
1212	Anl DUMAN	\N		f			ra2881qg	82592114	\N
1213	Haktan UYLAR	\N		f			174rfl6w	85728019	\N
1044	Hatice Elif Kkbezirci	\N		f			6sehpknq	71809592	\N
1045	Suheda Odabas	\N		f			njmqhvww	23502773	\N
1046	Ahmet rfan Ylmaz	\N		f			b85hz6g0	53958607	\N
1047	Mehmet Faik Takesen	\N		f			m0vqfymr	16121995	\N
1048	layda okun	\N		f			p5upjfig	00714612	\N
1049	Asya Gne	\N		f			kw5jf07d	83615361	\N
1050	Fatma KOYUNCU	\N		f			h1cdjy62	98288102	\N
1051	Emine KLAHLI	\N		f			kclraq0i	52968678	\N
1052	Zeynep Dibudak	\N		f			hv17ogp8	21924035	\N
1053	Esma Deniz Algen	\N		f			5ma53ojh	41597131	\N
801	Zeynep Smeyye Cankurt	\N		f			sfpo5h58	97047913	\N
803	Zeynep Ktk	\N		f			lphfufnj	33564458	\N
804	Zeynep Nida Aktrk	\N		f			757k1qhj	00491762	\N
757	Efehan Uyar	\N		f			3qv2mkcv	13037044	\N
758	Hilal Kuleli	\N		f			dk386wt5	06646476	\N
760	Efnan Sarteke	\N		f			vk8c10cl	91705531	\N
761	Zeynep Sakarya	\N		f			sb5aswd3	77522613	\N
762	Ali aan Ferhat	\N		f			xh78jbv0	88977515	\N
763	Ensar Muhammed Ik	\N		f			3b7ehwlp	67441577	\N
764	Bade Zeynep Sarper	\N		f			di7aaq72	86340373	\N
765	Zeynep Sude Can	\N		f			jm0adun9	28869007	\N
766	Ecrin yce	\N		f			m49kw57f	15518335	\N
767	Emin glen	\N		f			e76tbe5t	54392344	\N
768	Berke Azim AIKKOL	\N		f			j0k3gw2i	75944931	\N
1254	Muhammet Ali Polat	\N		f			4bbrd35n	40062269	\N
1255	Zeynep Rana Aydn	\N		f			nfrfq1l6	63419700	\N
1311	Doa Atmaca	\N		f			ffiuqdy3	10003585	\N
1276	Harun Yusuf Koraltan	\N		f			o6ffsj1f	13511152	\N
1277	Havva Uur	\N		f			4hdplhh1	97357053	\N
1278	Hma Yldrm	\N		f			mgc83wcx	93966472	\N
1279	rem Akkalay	\N		f			29bwieyp	80367504	\N
1280	rem Sena Arslan	\N		f			pzkfw9ek	76843960	\N
770	Mehmet Kran	\N		f			3crgstwi	81070836	\N
771	Kerem Karagl	\N		f			sv1jq295	72743904	\N
772	Zeynep GK	\N		f			motgz9ye	28787571	\N
773	Arzu ceyin en	\N		f			260ehg9y	39933753	\N
774	Hatice ukun	\N		f			pcs9cowi	29769963	\N
775	Enes Eren zm	\N		f			ic051iio	74861224	\N
776	remsu Demirdal	\N		f			9nfiseg6	60701392	\N
777	Yakup Yaz imek	\N		f			1i0j2hhs	29094381	\N
778	Muhammed Resul Bulut	\N		f			oo044ksu	72597909	\N
779	Caner ztrk	\N		f			j112cuet	95298320	\N
780	Ahmet Sait avu	\N		f			4d7pnrep	17010363	\N
781	Omar Mahmalat	\N		f			zhdo074y	30324708	\N
782	Mehmet mer olak	\N		f			qyqavlpn	83162011	\N
783	Kerem Ramazan Muti	\N		f			qgnhwdoz	75557790	\N
784	mer Durmu Padak	\N		f			uylsh8is	63073019	\N
1054	Elif Koak	\N		f			eujp0kzo	43644600	\N
1055	Aylin Yusuf	\N		f			c3rfyts8	52732552	\N
1056	Ecem Simay YILDIZ	\N		f			8n7gep6c	65020454	\N
1057	Beyza GNEYL	\N		f			bejqaqsz	02530694	\N
1058	Alper Duman	\N		f			cge93h9w	96704510	\N
1059	Salih Karaca	\N		f			pblcknqa	27499915	\N
1060	Atiye Arik	\N		f			8eg63ju3	59981048	\N
1061	Ravza Douta	\N		f			xln87mau	42475157	\N
1062	TUBA PARACI	\N		f			7v04ivoi	45259157	\N
1063	ZUHAL ZARE	\N		f			4y7j1ths	70792575	\N
1214	Doruk ener bicer	\N		f			3o6j689b	08448065	\N
1215	Yusuf boyraz	\N		f			n3kl0lmt	28571326	\N
1216	Zekiye Assaf	\N		f			ur1in202	94264298	\N
1217	Canan Elif Bilge	\N		f			r8k1abzg	60290526	\N
1218	MELH ENSAR ITIR	\N		f			kjqr8byi	89541530	\N
1219	SEFA MEK	\N		f			w98z3wat	04888837	\N
1220	Hatice Gl Der	\N		f			c83lfkvc	57794639	\N
1221	Fatma Feyza Sevin	\N		f			1jy4ahhw	29704618	\N
1222	heda krkc	\N		f			qx0frnco	11406115	\N
1223	Rmeysa aydn	\N		f			c44anonz	37287366	\N
1134	Fatma Filiz ETN	\N		f			nc6i6m60	07319626	\N
1135	Zeynep Sude DEMR	\N		f			12xr0bbf	35526130	\N
1136	Elif Tademir	\N		f			bt1119fn	29053881	\N
1137	Hatice Kayac	\N		f			ficxw5vb	58941401	\N
1138	Ezel Ecrin Cesurdura	\N		f			y413k2tu	69405785	\N
1139	Mervenas Ylmaz	\N		f			kyx6ijvz	02010625	\N
1140	Beray Ku	\N		f			65ajikns	70834096	\N
1141	Zeynep ztrk	\N		f			50czoeao	15246672	\N
1142	Zeynep Sena Acar	\N		f			7rxqboor	05298031	\N
1143	Ayegl z	\N		f			llftn5o6	88160191	\N
1256	Ada Sarbay	\N		f			16lu8r00	19066247	\N
1257	Akif Dereli	\N		f			u63y0qlf	85564975	\N
1258	Ata Saydam	\N		f			taqxgimt	41740702	\N
1259	Aye Demirci	\N		f			n1vbht34	69202483	\N
1260	Bahar zmener	\N		f			6xdew06e	29650144	\N
1281	Kuzey Kalyoncu	\N		f			f4lba5dd	71713056	\N
1282	Melike Mayda	\N		f			mgji68ep	03704841	\N
1283	Mertcan Kadayfc	\N		f			d42qwilg	26364777	\N
1284	Mevlt Sami Yldran	\N		f			r3uatf1t	79907582	\N
1285	mer Berk Kurban	\N		f			cu4gmq9j	30390095	\N
1301	Cemal Ucatl	\N		f			naux5iya	77809473	\N
787	Cemre Yldrm	\N		f			rl5zzmh3	64032935	\N
788	Esmanur Ercan	\N		f			ieneo283	66800852	\N
789	pek ahin	\N		f			h10brfmb	89978805	\N
790	HASAN Hseyin Toltar	\N		f			g7hshuva	03318541	\N
791	Rzgar Kocabay	\N		f			m1aq56de	31521459	\N
792	Ekin Su Biray	\N		f			6693esh6	42115754	\N
793	Zehra Bacak	\N		f			17b5uriy	06551784	\N
794	Berfin Seskr	\N		f			72rfu8sa	56340205	\N
795	Aye Neva akr	\N		f			lbxgy1k7	35983053	\N
796	Muhammed Mustafa zgn	\N		f			5j2fgtz8	97376788	\N
797	Ecrin Tuana Tunal	\N		f			hc6lll42	43870433	\N
798	SUBH HAMDOUSH	\N		f			iouckoa6	70800801	\N
1064	Esma TRKAN	\N		f			gnrylsu5	45322059	\N
1065	Nurettin Kerem KIRA	\N		f			p88btejd	39055537	\N
1066	Mert efe yaln	\N		f			yks3qmna	41826724	\N
1067	Talha anl gl	\N		f			o0q5g3mb	77784904	\N
1068	Mehmet Efe Karata	\N		f			83vfbnja	82783451	\N
1069	Mehmet Akif Aras	\N		f			i2zkliwf	85911137	\N
1070	Gne Yeenolu	\N		f			ifhoix7w	46202455	\N
1071	Elif Meral Doan	\N		f			h0hh0aum	90290211	\N
1072	Elif Nur Gzel	\N		f			plytt8yo	80561913	\N
1073	Yamur Erdoan	\N		f			saaxhkcs	37634475	\N
1144	Rana Bekta	\N		f			4h72ecrv	12139023	\N
1145	Efe Berk Kul	\N		f			dhnlm4oi	32947135	\N
1146	Birsen Nur Glda	\N		f			3g8qeshx	39899948	\N
1147	Gks alk	\N		f			bt0phj86	98187650	\N
1148	Branur ahin	\N		f			fii7iive	63564614	\N
1149	Munise Yaren ncekara	\N		f			q8q087h4	09812723	\N
1150	Merve Aslam	\N		f			n4shm2r8	38277651	\N
1151	Nisa Akgz	\N		f			laq9hz2q	28284685	\N
1152	Mehmet Ali Budak	\N		f			j2rey7nu	47017707	\N
1153	zgenaz Glcan	\N		f			gh2lf5am	32652798	\N
1286	mer Erkam akmak	\N		f			csf63q34	30957829	\N
1287	yk Tabak	\N		f			vlidqqvu	74050090	\N
1288	Rabia Elif Sun	\N		f			ilrav86f	88123917	\N
1289	Remzi Tahmaz	\N		f			agkrwn4j	33366354	\N
1290	Sadk Durmaz	\N		f			np4rcdam	05998519	\N
1261	Batuhan Yldrm	\N		f			g6bn4tat	51577809	\N
1262	Berra Eren	\N		f			sjyueuhi	14390493	\N
1263	Buket Kl	\N		f			n6115vhu	09425039	\N
1264	Can zkl	\N		f			6268zzu3	94530618	\N
1265	Beyza Betl zdemir	\N		f			3sicmj95	11645079	\N
1224	Ecrin KARLI	\N		f			x50y6rya	26165235	\N
1225	Su eda KANBUR	\N		f			q5hv2j6y	40907858	\N
1226	Ecrin Erba	\N		f			sggyl2dd	15996349	\N
1227	Merve Atalay	\N		f			v08jw9fx	02391623	\N
1228	EFE BERK ERBL	\N		f			8g48q8sg	74165269	\N
1229	MEHMET EMN BOZKURT	\N		f			48h4f717	28869921	\N
1230	Hiranur Hatice erkekli	\N		f			lgurdcx8	84470209	\N
1231	Manolya korkmaz	\N		f			7sdh1f5u	94004989	\N
1232	Efecan Aydoan	\N		f			og8mzkyw	56885032	\N
1233	Meryem akbaba	\N		f			j8c8d93i	04664114	\N
1302	Cemal Ucatl	\N		f			6up2hct9	18369567	\N
806	Aynur Doan	\N		f			0wvj1lt2	01276991	\N
807	Zehra Yardm	\N		f			bdbjp9p7	56865671	\N
808	Hseyin Barancan Bayburtlu	\N		f			j2x2lo5a	71902750	\N
809	Ahmet Erdem zsoy	\N		f			jh3v42u9	23975283	\N
810	Konumac 1	\N		f			px30hok1	95755936	\N
811	Konumac 2	\N		f			2zsvgdv0	35387185	\N
812	Konumac 1	\N		f			5k37mxvk	49459029	\N
813	Konumac 2	\N		f			1ihzcqal	94807589	\N
814	Konumac 1	\N		f			936yb8u5	40719220	\N
815	Konumac 2	\N		f			a2iw3evy	74172601	\N
1291	Sergen Gayretli	\N		f			oqrvw627	61940637	\N
1292	ehval Dilara Akgl	\N		f			zubasnwo	44528291	\N
1293	evval Doruk	\N		f			b3e0iddf	57540654	\N
1294	Taha brahim Pekta	\N		f			yww5mfpp	54563472	\N
1295	Tayyar Trk	\N		f			wv9ub26x	90614509	\N
1154	Halil brahim Ar	\N		f			zxrlmt5u	41535145	\N
1155	Ahmet Nebi nvar	\N		f			9o7wa2z4	71798281	\N
1156	Mustafa Emre zdemir	\N		f			rc25kdza	72623001	\N
799	OUZHAN KAYA	\N		f			plsf5nn4	15024718	\N
805	Safiye Ildak	\N		f			3aqp2k4g	64775137	\N
754	Damla aylan	\N		f			qmptye9e	16229675	\N
753	Hatice Bayram	\N		f			4jq3s8fb	91576730	\N
769	Yusuf Talha KAYA	\N		f			5li7zfgj	72396279	\N
785	Mehmet Emin eki	\N		f			vowdojn8	71492449	\N
786	Havvanur Duru	\N		f			xdd2mcnd	00349749	\N
1157	Ahmet Utku Baskan	\N		f			j56xl93y	36423346	\N
1158	Ali Efe zdemir	\N		f			mq46wd3c	39970599	\N
1159	Nihal Yldrm	\N		f			3zniivmd	95909457	\N
1160	Ali Taha AHN	\N		f			aoj2ywn7	44867784	\N
1161	Kadriye Erva TGN	\N		f			9shyxj29	94371459	\N
1162	Dursun Devrim Demirta	\N		f			4cri1ix1	41294603	\N
1163	Kazm Emre Keldal	\N		f			fj5anndq	46752412	\N
1266	Ecenaz zahin	\N		f			bu8g1cz5	89681562	\N
1267	Efe uz	\N		f			wakbzmf1	24878867	\N
1268	ela akyol	\N		f			fnymlpyc	21909456	\N
1269	Elif Azra Tuncer	\N		f			1ijxmbx1	56237393	\N
1270	Emine yldrm	\N		f			yzug76lc	20833812	\N
1303	Konumac 1	\N		f			mo5bidk7	97433506	\N
1304	Konumac 2	\N		f			fnzbusbs	12446470	\N
1305	Konumac 1	\N		f			670v9lq0	04361178	\N
1306	Konumac 2	\N		f			e0pbqm3j	32881489	\N
1307	Konumac 1	\N		f			mhqi0238	61185185	\N
1234	Murat demiray	\N		f			q7pwon8r	80767196	\N
1235	Hanifi keskin	\N		f			ombxyuav	77963560	\N
1236	Burhan Alperen Kankurdan	\N		f			q1a437v0	82351354	\N
1237	mer Faruk Cayvaz	\N		f			zv9n25fh	81619535	\N
1238	GKDENZ ZTRK	\N		f			nn1xf42b	96491337	\N
1239	TRKER TUNAHAN AKSU	\N		f			kg303n1h	12066498	\N
1240	Elif ecrin krboa	\N		f			z7t04yua	06769470	\N
1241	Zeliha arslan	\N		f			89r9ngdo	12706044	\N
1242	Muhammed Enes YILDIZ	\N		f			cxq5i7f8	22730408	\N
1243	Ahmet Nuri Yurdanur	\N		f			ypgg8b0e	69567036	\N
1308	Konumac 2	\N		f			axfool66	89609749	\N
\.


--
-- Data for Name: participants_region; Type: TABLE DATA; Schema: public; Owner: tabbycat
--

COPY public.participants_region (id, name) FROM stdin;
\.


--
-- Data for Name: participants_speaker; Type: TABLE DATA; Schema: public; Owner: tabbycat
--

COPY public.participants_speaker (person_ptr_id, team_id) FROM stdin;
8	1
9	1
10	2
11	2
12	3
13	3
14	4
15	4
16	5
17	5
18	6
19	6
20	7
21	7
22	8
23	8
24	9
25	9
26	10
27	10
28	11
29	11
30	12
32	13
33	13
34	14
35	14
36	15
37	15
38	16
39	16
40	17
41	17
42	18
43	18
44	19
45	19
46	20
47	20
48	21
49	21
50	22
51	22
52	23
53	23
54	24
55	24
56	25
57	25
58	26
59	26
60	27
61	27
62	28
63	28
64	29
65	29
66	30
67	30
31	12
68	31
69	31
70	32
71	32
72	33
73	33
74	34
75	34
76	35
77	35
78	36
79	36
80	37
81	37
82	38
83	38
84	39
85	39
86	40
87	40
88	41
89	41
90	42
91	42
92	43
93	43
94	44
95	44
96	45
97	45
98	46
99	46
100	47
101	47
102	48
103	48
104	49
105	49
106	50
107	50
108	51
109	51
110	52
111	52
116	55
117	55
118	56
119	56
150	57
151	57
152	58
153	58
154	59
155	59
156	60
157	60
158	61
159	61
160	62
161	62
162	63
163	63
164	64
165	64
166	65
167	65
168	66
169	66
170	67
171	67
172	68
173	68
174	69
175	69
176	70
177	70
178	71
179	71
180	72
181	72
182	73
183	73
184	74
185	74
186	75
187	75
188	76
189	76
190	77
191	77
192	78
193	78
194	79
195	79
196	80
197	80
206	81
207	81
208	82
209	82
210	83
211	83
212	84
213	84
214	85
215	85
216	86
217	86
218	87
219	87
220	88
221	88
246	89
247	89
248	90
249	90
250	91
251	91
252	92
253	92
254	93
255	93
256	94
257	94
258	95
259	95
260	96
261	96
262	97
263	97
264	98
265	98
266	99
267	99
268	100
269	100
270	101
271	101
272	102
273	102
276	104
277	104
278	105
279	105
280	106
281	106
282	107
283	107
284	108
285	108
286	109
287	109
288	110
289	110
290	111
291	111
292	112
293	112
294	113
295	113
296	114
297	114
298	115
299	115
301	116
302	117
303	117
304	118
305	118
306	119
308	120
309	120
310	121
311	121
312	122
313	122
314	123
315	123
316	124
317	124
318	125
319	125
320	126
321	126
322	127
323	127
325	128
326	129
327	129
328	130
329	130
330	131
331	131
332	132
333	132
334	133
335	133
336	134
337	134
338	135
339	135
340	136
341	136
342	137
343	137
344	138
345	138
346	139
347	139
348	140
349	140
350	141
351	141
352	142
353	142
354	143
355	143
356	144
357	144
358	145
359	145
360	146
361	146
362	147
363	147
364	148
365	148
324	128
307	119
300	116
274	103
275	103
383	149
384	149
385	149
386	150
387	150
388	150
389	151
390	151
391	151
392	152
393	152
394	152
395	153
396	153
397	153
398	154
399	154
400	154
401	155
402	155
403	155
404	156
405	156
406	156
407	157
408	157
409	157
410	158
411	158
412	158
413	159
414	159
415	159
416	160
417	160
418	160
419	161
420	161
421	161
422	162
423	162
424	162
425	163
426	163
427	163
428	164
429	164
430	164
431	165
432	165
433	165
434	166
435	166
436	166
437	167
438	167
439	167
440	168
441	168
442	168
443	169
444	169
445	169
446	170
447	170
448	170
449	171
450	171
451	171
452	172
453	172
454	172
455	173
456	173
457	173
458	174
459	174
460	174
461	175
462	175
463	175
502	181
503	181
504	181
506	182
507	182
508	183
509	183
510	184
511	184
512	185
513	185
514	186
515	186
516	187
517	187
518	188
519	188
520	189
521	189
522	190
523	190
524	191
525	191
526	192
527	192
528	193
529	193
530	194
531	194
532	195
533	195
534	196
535	196
536	197
537	197
538	198
539	198
540	199
541	199
542	200
543	200
544	201
545	201
546	202
547	202
548	203
549	203
550	204
551	204
552	205
553	205
554	206
555	206
556	207
557	207
558	208
559	208
560	209
561	209
562	210
563	210
564	211
565	211
566	212
567	212
568	213
569	213
570	214
571	214
572	215
573	215
574	216
575	216
576	217
577	217
578	218
579	218
580	219
581	219
582	220
583	220
584	221
585	221
586	222
587	222
588	223
589	223
590	224
591	224
592	225
593	225
594	226
595	226
596	227
597	227
598	228
599	228
600	229
601	229
602	230
603	230
604	231
605	231
606	232
607	232
608	233
609	233
610	234
611	234
612	235
613	235
614	236
615	236
616	237
617	237
618	238
619	238
620	239
621	239
622	240
623	240
624	241
625	241
626	242
627	242
628	243
629	243
630	244
631	244
632	245
633	245
634	246
635	246
636	247
637	247
638	248
639	248
640	249
641	249
642	250
643	250
644	251
645	251
646	252
647	252
648	253
649	253
650	254
651	254
652	255
653	255
654	256
655	256
656	257
657	257
658	258
659	258
660	259
661	259
662	260
663	260
664	261
665	261
666	262
667	262
668	263
669	263
670	264
671	264
672	265
673	265
674	266
675	266
676	267
677	267
678	268
679	268
680	269
681	269
682	270
683	270
684	271
685	271
686	272
687	272
688	273
689	273
690	274
691	274
692	275
693	275
694	276
695	276
696	277
697	277
698	278
699	278
700	279
701	279
702	280
703	280
704	281
705	281
706	282
707	282
708	283
709	283
710	284
711	284
712	285
713	285
714	286
715	286
716	287
717	287
718	288
719	288
720	289
721	289
722	290
723	290
724	291
725	291
726	292
727	292
728	293
729	293
730	294
731	294
732	295
733	295
734	296
735	296
736	297
737	297
738	298
739	298
740	299
741	299
742	300
743	300
744	301
745	301
746	302
747	302
748	303
749	303
750	304
751	304
752	305
753	305
754	306
755	306
756	307
757	307
758	308
759	308
760	309
761	309
762	310
763	310
764	311
765	311
766	312
767	312
768	313
769	313
770	314
771	314
772	315
773	315
774	316
775	316
776	317
777	317
778	318
779	318
780	319
781	319
782	320
783	320
784	321
785	321
786	322
787	322
788	323
789	323
790	324
791	324
792	325
793	325
794	326
795	326
796	327
797	327
798	328
799	328
800	329
801	329
802	330
803	330
804	331
805	331
806	332
807	332
808	333
809	333
810	334
811	334
812	335
813	335
814	336
815	336
816	337
817	337
818	338
819	338
820	339
821	339
822	340
823	340
824	341
825	341
826	342
827	342
828	343
829	343
830	344
831	344
832	345
833	345
874	346
875	346
876	347
877	347
878	348
879	348
880	349
881	349
882	350
883	350
884	351
885	351
886	352
887	352
888	353
889	353
890	354
891	354
892	355
893	355
894	356
895	356
896	357
897	357
898	358
899	358
900	359
901	359
902	360
903	360
904	361
905	361
906	362
907	362
908	363
909	363
910	364
911	364
912	365
913	365
914	366
915	366
916	367
917	367
918	368
919	368
920	369
921	369
922	370
923	370
924	371
925	371
926	372
927	372
928	373
929	373
930	374
931	374
932	375
933	375
934	376
935	376
936	377
937	377
938	378
939	378
940	379
941	379
942	380
943	380
944	381
945	381
946	382
947	382
948	383
949	383
950	384
951	384
952	385
953	385
954	386
955	386
956	387
957	387
958	388
959	388
960	389
961	389
962	390
963	390
964	391
965	391
966	392
967	392
968	393
969	393
970	394
971	394
972	395
973	395
974	396
975	396
976	397
977	397
978	398
979	398
980	399
981	399
982	400
983	400
984	401
985	401
986	402
987	402
988	403
989	403
990	404
991	404
992	405
993	405
994	406
995	406
996	407
997	407
998	408
999	408
1000	409
1001	409
1002	410
1003	410
1004	411
1005	411
1006	412
1007	412
1008	413
1009	413
1010	414
1011	414
1012	415
1013	415
1014	416
1015	416
1016	417
1017	417
1018	418
1019	418
1020	419
1021	419
1022	420
1023	420
1024	421
1025	421
1026	422
1027	422
1028	423
1029	423
1030	424
1031	424
1032	425
1033	425
1034	426
1035	426
1036	427
1037	427
1038	428
1039	428
1040	429
1041	429
1042	430
1043	430
1044	431
1045	431
1046	432
1047	432
1048	433
1049	433
1050	434
1051	434
1052	435
1053	435
1054	436
1055	436
1056	437
1057	437
1058	438
1059	438
1060	439
1061	439
1062	440
1063	440
1064	441
1065	441
1066	442
1067	442
1068	443
1069	443
1070	444
1071	444
1072	445
1073	445
1074	446
1075	446
1076	447
1077	447
1078	448
1079	448
1080	449
1081	449
1082	450
1083	450
1084	451
1085	451
1086	452
1087	452
1088	453
1089	453
1090	454
1091	454
1092	455
1093	455
1094	456
1095	456
1096	457
1097	457
1098	458
1099	458
1100	459
1101	459
1102	460
1103	460
1104	461
1105	461
1106	462
1107	462
1108	463
1109	463
1110	464
1111	464
1112	465
1113	465
1114	466
1115	466
1116	467
1117	467
1118	468
1119	468
1120	469
1121	469
1122	470
1123	470
1124	471
1125	471
1126	472
1127	472
1128	473
1129	473
1130	474
1131	474
1132	475
1133	475
1134	476
1135	476
1136	477
1137	477
1138	478
1139	478
1140	479
1141	479
1142	480
1143	480
1144	481
1145	481
1146	482
1147	482
1148	483
1149	483
1150	484
1151	484
1152	485
1153	485
1154	486
1155	486
1156	487
1157	487
1158	488
1159	488
1160	489
1161	489
1162	490
1163	490
1164	491
1165	491
1166	492
1167	492
1168	493
1169	493
1170	494
1171	494
1172	495
1173	495
1174	496
1175	496
1176	497
1177	497
1178	498
1179	498
1180	499
1181	499
1182	500
1183	500
1184	501
1185	501
1186	502
1187	502
1188	503
1189	503
1190	504
1191	504
1192	505
1193	505
1194	506
1195	506
1196	507
1197	507
1198	508
1199	508
1200	509
1201	509
1202	510
1203	510
1204	511
1205	511
1206	512
1207	512
1208	513
1209	513
1210	514
1211	514
1212	515
1213	515
1214	516
1215	516
1216	517
1217	517
1218	518
1219	518
1220	519
1221	519
1222	520
1223	520
1224	521
1225	521
1226	522
1227	522
1228	523
1229	523
1230	524
1231	524
1232	525
1233	525
1234	526
1235	526
1236	527
1237	527
1238	528
1239	528
1240	529
1241	529
1242	530
1243	530
1244	531
1245	531
1246	532
1247	532
1248	533
1249	533
1250	534
1251	534
1252	535
1253	535
1254	536
1255	536
1299	537
1300	537
1303	538
1304	538
1305	539
1306	539
1307	540
1308	540
\.


--
-- Data for Name: participants_speaker_categories; Type: TABLE DATA; Schema: public; Owner: tabbycat
--

COPY public.participants_speaker_categories (id, speaker_id, speakercategory_id) FROM stdin;
\.


--
-- Data for Name: participants_speakercategory; Type: TABLE DATA; Schema: public; Owner: tabbycat
--

COPY public.participants_speakercategory (id, name, slug, seq, "limit", public, tournament_id) FROM stdin;
\.


--
-- Data for Name: participants_team; Type: TABLE DATA; Schema: public; Owner: tabbycat
--

COPY public.participants_team (id, reference, short_reference, short_name, long_name, use_institution_prefix, type, emoji, institution_id, tournament_id, code_name, seed) FROM stdin;
82	b	b	b	b	f	N		\N	4	Palm Hand	\N
1	Glge A	Glge A	Glge A	Glge A	f	N		\N	1	Biting Lip	\N
2	Glge B	Glge B	Glge B	Glge B	f	N		\N	1	Sakura	\N
3	Bozkurtlar	Bozkurtlar	Bozkurtlar	Bozkurtlar	f	N		\N	1	No Entry	\N
4	Ekonomi fanta	Ekonomi fanta	Ekonomi fanta	Ekonomi fanta	f	N		\N	1	Clappy Hands	\N
5	itirazm var	itirazm var	itirazm var	itirazm var	f	N		\N	1	Jeans	\N
6	dnge	dnge	dnge	dnge	f	N		\N	1	Fearful	\N
7	iek koleksiyoncusu	iek koleksiyoncusu	iek koleksiyoncusu	iek koleksiyoncusu	f	N		\N	1	Cowboy	\N
8	sosi'nin diyalektii	sosi'nin diyalektii	sosi'nin diyalektii	sosi'nin diyalektii	f	N		\N	1	Mouse	\N
9	setare	setare	setare	setare	f	N		\N	1	Spider	\N
10	mnazara avclar	mnazara avclar	mnazara avclar	mnazara avclar	f	N		\N	1	Chestnut	\N
11	dexter	dexter	dexter	dexter	f	N		\N	1	Drooling	\N
13	uzun oraplar	uzun oraplar	uzun oraplar	uzun oraplar	f	N		\N	1	Hook	\N
14	anne ben mnazr olucam	anne ben mnazr olucam	anne ben mnazr olucam	anne ben mnazr olucam	f	N		\N	1	Crab	\N
15	ura ve dirayet	ura ve dirayet	ura ve dirayet	ura ve dirayet	f	N		\N	1	Grapes	\N
16	grup	grup	grup	grup	f	N		\N	1	Violin	\N
17	yazamayanlar	yazamayanlar	yazamayanlar	yazamayanlar	f	N		\N	1	Hugging	\N
18	metin girin	metin girin	metin girin	metin girin	f	N		\N	1	Facepalm	\N
19	sknt yok sorun yok	sknt yok sorun yok	sknt yok sorun yok	sknt yok sorun yok	f	N		\N	1	Slide	\N
20	ampuanlar	ampuanlar	ampuanlar	ampuanlar	f	N		\N	1	Recycling	\N
21	belagat	belagat	belagat	belagat	f	N		\N	1	Bat and Ball	\N
22	yaynda myz u an	yaynda myz u an	yaynda myz u an	yaynda myz u an	f	N		\N	1	Pineapple	\N
23	logos	logos	logos	logos	f	N		\N	1	Chilli	\N
24	kelam kibar	kelam kibar	kelam kibar	kelam kibar	f	N		\N	1	Bug	\N
25	di fras ve misvak	di fras ve misvak	di fras ve misvak	di fras ve misvak	f	N		\N	1	Airplane	\N
26	gelincik	gelincik	gelincik	gelincik	f	N		\N	1	Baby	\N
27	ikna es	ikna es	ikna es	ikna es	f	N		\N	1	Tap Water	\N
29	ikna ekspresi	ikna ekspresi	ikna ekspresi	ikna ekspresi	f	N		\N	1	Compact Disc	\N
30	iki deli	iki deli	iki deli	iki deli	f	N		\N	1	Bone	\N
28	glge c	glge c	glge c	glge c	f	N		\N	1	Bell	\N
12	hydrangea	hydrangea	hydrangea	hydrangea	f	N		\N	1	Oyster	\N
31	Batman 2	Batman 2	Batman 2	Batman 2	f	N		\N	2	Cupid Arrow	\N
32	anlurfa 1	anlurfa 1	anlurfa 1	anlurfa 1	f	N		\N	2	Internet Phone	\N
33	Batman 1	Batman 1	Batman 1	Batman 1	f	N		\N	2	Safety Pin	\N
34	Erzurum 3	Erzurum 3	Erzurum 3	Erzurum 3	f	N		\N	2	Worried	\N
35	Bingl 2	Bingl 2	Bingl 2	Bingl 2	f	N		\N	2	Space Invader	\N
36	Erzurum 1	Erzurum 1	Erzurum 1	Erzurum 1	f	N		\N	2	Beans	\N
37	Antalya 3	Antalya 3	Antalya 3	Antalya 3	f	N		\N	2	Rock On	\N
38	Adana 1	Adana 1	Adana 1	Adana 1	f	N		\N	2	Shark	\N
39	Mersin 3	Mersin 3	Mersin 3	Mersin 3	f	N		\N	2	Mantelpiece	\N
40	Denizli 3	Denizli 3	Denizli 3	Denizli 3	f	N		\N	2	Coin	\N
41	Manisa 1	Manisa 1	Manisa 1	Manisa 1	f	N		\N	2	Panda	\N
42	Denizli 1	Denizli 1	Denizli 1	Denizli 1	f	N		\N	2	Vampire	\N
43	Samsun 1	Samsun 1	Samsun 1	Samsun 1	f	N		\N	2	Tiger	\N
44	orum 2	orum 2	orum 2	orum 2	f	N		\N	2	Hundred Points	\N
45	Samsun 3	Samsun 3	Samsun 3	Samsun 3	f	N		\N	2	Dash	\N
46	Ankara 3	Ankara 3	Ankara 3	Ankara 3	f	N		\N	2	Ghost	\N
47	Eskiehir 2	Eskiehir 2	Eskiehir 2	Eskiehir 2	f	N		\N	2	Monorail	\N
48	Eskiehir 1	Eskiehir 1	Eskiehir 1	Eskiehir 1	f	N		\N	2	Ribbon	\N
49	Kocaeli 2	Kocaeli 2	Kocaeli 2	Kocaeli 2	f	N		\N	2	Pouting	\N
50	Tekirda 2	Tekirda 2	Tekirda 2	Tekirda 2	f	N		\N	2	Unicorn	\N
51	Kocaeli 1	Kocaeli 1	Kocaeli 1	Kocaeli 1	f	N		\N	2	Dumpling	\N
52	stanbul 1	stanbul 1	stanbul 1	stanbul 1	f	N		\N	2	Blowing	\N
55	stanbul 2	stanbul 2	stanbul 2	stanbul 2	f	N		\N	2	Potted Plant	\N
56	stanbul 3	stanbul 3	stanbul 3	stanbul 3	f	N		\N	2	Hazard Sign	\N
58	SRT 1	SRT 1	SRT 1	SRT 1	f	N		\N	3	Airplane	\N
60	TUNCEL 1	TUNCEL 1	TUNCEL 1	TUNCEL 1	f	N		\N	3	Guide Dog	\N
61	VAN 2	VAN 2	VAN 2	VAN 2	f	N		\N	3	Space Invader	\N
62	ARI 1	ARI 1	ARI 1	ARI 1	f	N		\N	3	Doughnut	\N
63	ANTALYA 1	ANTALYA 1	ANTALYA 1	ANTALYA 1	f	N		\N	3	Crowned	\N
64	HATAY 1	HATAY 1	HATAY 1	HATAY 1	f	N		\N	3	Eggplant	\N
65	ANTALYA 2	ANTALYA 2	ANTALYA 2	ANTALYA 2	f	N		\N	3	Big Brain	\N
67	ZMR 3	ZMR 3	ZMR 3	ZMR 3	f	N		\N	3	Rescue Hat	\N
68	ZMR 1	ZMR 1	ZMR 1	ZMR 1	f	N		\N	3	Knot	\N
69	KASTAMONU 1	KASTAMONU 1	KASTAMONU 1	KASTAMONU 1	f	N		\N	3	Ladder	\N
70	GRESUN 1	GRESUN 1	GRESUN 1	GRESUN 1	f	N		\N	3	Splashing	\N
71	DZCE 1	DZCE 1	DZCE 1	DZCE 1	f	N		\N	3	Peacock	\N
73	ESKEHR 2	ESKEHR 2	ESKEHR 2	ESKEHR 2	f	N		\N	3	Beach	\N
74	ANKARA 2	ANKARA 2	ANKARA 2	ANKARA 2	f	N		\N	3	Lazy Tree Dog	\N
75	KOCAEL 1	KOCAEL 1	KOCAEL 1	KOCAEL 1	f	N		\N	3	Running Shoe	\N
119	Kurtlar Sofras	Kurtlar Sofras	Kurtlar Sofras	Kurtlar Sofras	f	N		\N	5	Baggage	\N
128	Sabanc A	Sabanc A	Sabanc A	Sabanc A	f	N		\N	5	Splashing	\N
116	VAKA	VAKA	VAKA	VAKA	f	N		\N	5	Peekaboo	\N
103	glge b	glge b	glge b	glge b	f	N		\N	5	Bouquet	\N
57	ADIYAMAN 1	ADIYAMAN 1	ADIYAMAN 1	ADIYAMAN 1	f	N		\N	3	Television	\N
59	DYARBAKIR 1	DYARBAKIR 1	DYARBAKIR 1	DYARBAKIR 1	f	N		\N	3	Spikehog	\N
66	ZMR 2	ZMR 2	ZMR 2	ZMR 2	f	N		\N	3	Tornado	\N
72	ESKEHR 1	ESKEHR 1	ESKEHR 1	ESKEHR 1	f	N		\N	3	Snowflake	\N
76	TEKRDA 2	TEKRDA 2	TEKRDA 2	TEKRDA 2	f	N		\N	3	Baggage	\N
77	TEKRDA 1	TEKRDA 1	TEKRDA 1	TEKRDA 1	f	N		\N	3	Puzzle Piece	\N
78	STANBUL 1	STANBUL 1	STANBUL 1	STANBUL 1	f	N		\N	3	Waffle	\N
79	STANBUL 2	STANBUL 2	STANBUL 2	STANBUL 2	f	N		\N	3	Overcast	\N
80	STANBUL 3	STANBUL 3	STANBUL 3	STANBUL 3	f	N		\N	3	Cactus	\N
81	a	a	a	a	f	N		\N	4	Flat Shoe	\N
83	c	c	c	c	f	N		\N	4	Smooch	\N
84	d	d	d	d	f	N		\N	4	Monorail	\N
85	e	e	e	e	f	N		\N	4	Jellyfish	\N
86	f	f	f	f	f	N		\N	4	Turkey	\N
87	g	g	g	g	f	N		\N	4	Long Drum	\N
88	h	h	h	h	f	N		\N	4	Sweet Potato	\N
89	Dnce kmaz	Dnce kmaz	Dnce kmaz	Dnce kmaz	f	N		\N	5	Mailbox	\N
90	Ferferi	Ferferi	Ferferi	Ferferi	f	N		\N	5	Honeybee	\N
91	Frtna	Frtna	Frtna	Frtna	f	N		\N	5	Invisible Face	\N
92	Fikir Meclisi	Fikir Meclisi	Fikir Meclisi	Fikir Meclisi	f	N		\N	5	Anguish Face	\N
93	figenya	figenya	figenya	figenya	f	N		\N	5	Kiwifruit	\N
94	Logos	Logos	Logos	Logos	f	N		\N	5	Film	\N
95	Ophelia	Ophelia	Ophelia	Ophelia	f	N		\N	5	Pinching Hand	\N
96	Origo	Origo	Origo	Origo	f	N		\N	5	OK Square	\N
97	Sorgulayanlar	Sorgulayanlar	Sorgulayanlar	Sorgulayanlar	f	N		\N	5	Flute	\N
98	Dncenin Gc 1	Dncenin Gc 1	Dncenin Gc 1	Dncenin Gc 1	f	N		\N	5	Floppy	\N
99	Dncenin Gc 2	Dncenin Gc 2	Dncenin Gc 2	Dncenin Gc 2	f	N		\N	5	Bison	\N
100	Dncenin Gc 3	Dncenin Gc 3	Dncenin Gc 3	Dncenin Gc 3	f	N		\N	5	Closed Book	\N
101	Dncenin Gc 4	Dncenin Gc 4	Dncenin Gc 4	Dncenin Gc 4	f	N		\N	5	Eagle	\N
102	Beikta A	Beikta A	Beikta A	Beikta A	f	N		\N	5	Safety Vest	\N
104	Baal-a	Baal-a	Baal-a	Baal-a	f	N		\N	5	Chef Knife	\N
105	BAAL-B	BAAL-B	BAAL-B	BAAL-B	f	N		\N	5	Hair Pick	\N
106	Tillan	Tillan	Tillan	Tillan	f	N		\N	5	Mushroom	\N
107	Abdul-Basit adamlar	Abdul-Basit adamlar	Abdul-Basit adamlar	Abdul-Basit adamlar	f	N		\N	5	Fun sponge	\N
108	Berzm	Berzm	Berzm	Berzm	f	N		\N	5	Headphone	\N
109	Birikim	Birikim	Birikim	Birikim	f	N		\N	5	Boom Box	\N
110	Tezahr	Tezahr	Tezahr	Tezahr	f	N		\N	5	Beans	\N
111	BEALFELLAS	BEALFELLAS	BEALFELLAS	BEALFELLAS	f	N		\N	5	Shorts	\N
112	SOV	SOV	SOV	SOV	f	N		\N	5	Rowboat	\N
113	SOVLULAR B	SOVLULAR B	SOVLULAR B	SOVLULAR B	f	N		\N	5	Trumpet	\N
114	SOV C	SOV C	SOV C	SOV C	f	N		\N	5	Teapot	\N
115	ATANUR OUZ 1	ATANUR OUZ 1	ATANUR OUZ 1	ATANUR OUZ 1	f	N		\N	5	Ballet Shoes	\N
118	Bebeler Mnazara	Bebeler Mnazara	Bebeler Mnazara	Bebeler Mnazara	f	N		\N	5	Shooting Star	\N
120	SATTAS	SATTAS	SATTAS	SATTAS	f	N		\N	5	Lotus	\N
121	MEFTUN	MEFTUN	MEFTUN	MEFTUN	f	N		\N	5	Baby Bottle	\N
122	Elevin Mealeleri 1	Elevin Mealeleri 1	Elevin Mealeleri 1	Elevin Mealeleri 1	f	N		\N	5	Spider	\N
123	Elevin Mealeleri 2	Elevin Mealeleri 2	Elevin Mealeleri 2	Elevin Mealeleri 2	f	N		\N	5	Pushpin	\N
124	Robert A	Robert A	Robert A	Robert A	f	N		\N	5	Paw Prints	\N
125	Robert B	Robert B	Robert B	Robert B	f	N		\N	5	Mantelpiece	\N
126	Robert C	Robert C	Robert C	Robert C	f	N		\N	5	Saxophone	\N
127	Robert D	Robert D	Robert D	Robert D	f	N		\N	5	Whale	\N
129	Sabanc B	Sabanc B	Sabanc B	Sabanc B	f	N		\N	5	Wireless	\N
131	Sabanc D	Sabanc D	Sabanc D	Sabanc D	f	N		\N	5	Black Flag	\N
132	Sabanc E	Sabanc E	Sabanc E	Sabanc E	f	N		\N	5	Bubble Tea	\N
133	Sabanc F	Sabanc F	Sabanc F	Sabanc F	f	N		\N	5	Love Gesture	\N
134	Sz Birlii	Sz Birlii	Sz Birlii	Sz Birlii	f	N		\N	5	Peanuts	\N
135	YLAL-A	YLAL-A	YLAL-A	YLAL-A	f	N		\N	5	Old Phone	\N
136	YLAL-B	YLAL-B	YLAL-B	YLAL-B	f	N		\N	5	Thermometer	\N
137	YLAL-D	YLAL-D	YLAL-D	YLAL-D	f	N		\N	5	Lobster	\N
138	YLAL-C	YLAL-C	YLAL-C	YLAL-C	f	N		\N	5	Water Dog	\N
140	Demir palet	Demir palet	Demir palet	Demir palet	f	N		\N	5	Truck	\N
141	Efendi Gverte	Efendi Gverte	Efendi Gverte	Efendi Gverte	f	N		\N	5	Warning Sign	\N
142	Frtna	Frtna	Frtna	Frtna	f	N		\N	5	Cloudy Face	\N
143	Kral Makina	Kral Makina	Kral Makina	Kral Makina	f	N		\N	5	Bus	\N
144	Preveze	Preveze	Preveze	Preveze	f	N		\N	5	Pill	\N
145	Pruva	Pruva	Pruva	Pruva	f	N		\N	5	Traffic Light	\N
147	Denizciler	Denizciler	Denizciler	Denizciler	f	N		\N	5	Vampire	\N
148	GLGE A	GLGE A	GLGE A	GLGE A	f	N		\N	5	Medical Mask	\N
117	Sz Cambazlar	Sz Cambazlar	Sz Cambazlar	Sz Cambazlar	f	N		\N	5	Identification Card	\N
130	Sabanc C	Sabanc C	Sabanc C	Sabanc C	f	N		\N	5	Nail Polish	\N
139	Basak Marine	Basak Marine	Basak Marine	Basak Marine	f	N		\N	5	Blowing	\N
146	Pusula	Pusula	Pusula	Pusula	f	N		\N	5	Snowflake	\N
149	BAYO	BAYO	BAYO	BAYO	f	N		\N	6	Mango	\N
150	Cumhuriyet 1	Cumhuriyet 1	Cumhuriyet 1	Cumhuriyet 1	f	N		\N	6	Sakura	\N
151	Cumhuriyet 2	Cumhuriyet 2	Cumhuriyet 2	Cumhuriyet 2	f	N		\N	6	Identification Card	\N
152	Red Dragons	Red Dragons	Red Dragons	Red Dragons	f	N		\N	6	Lazy Tree Dog	\N
153	Kelimelerin I	Kelimelerin I	Kelimelerin I	Kelimelerin I	f	N		\N	6	Dated	\N
154	Szn I	Szn I	Szn I	Szn I	f	N		\N	6	Tiny Tree	\N
155	Szn Gc	Szn Gc	Szn Gc	Szn Gc	f	N		\N	6	Cupid Arrow	\N
156	Kelimelerin Efendisi	Kelimelerin Efendisi	Kelimelerin Efendisi	Kelimelerin Efendisi	f	N		\N	6	Hook	\N
157	Atanur Ouz Ortaokulu	Atanur Ouz Ortaokulu	Atanur Ouz Ortaokulu	Atanur Ouz Ortaokulu	f	N		\N	6	Chicken	\N
158	Lba 1	Lba 1	Lba 1	Lba 1	f	N		\N	6	America Ball	\N
159	Lba 2	Lba 2	Lba 2	Lba 2	f	N		\N	6	Stunned	\N
160	Lba 3	Lba 3	Lba 3	Lba 3	f	N		\N	6	Badger	\N
161	Delil 101	Delil 101	Delil 101	Delil 101	f	N		\N	6	Sun	\N
162	Ulu Mnazrlar A	Ulu Mnazrlar A	Ulu Mnazrlar A	Ulu Mnazrlar A	f	N		\N	6	Llama	\N
163	Ulu Mnazrlar B	Ulu Mnazrlar B	Ulu Mnazrlar B	Ulu Mnazrlar B	f	N		\N	6	Bug	\N
164	Ulu Mnazrlar C	Ulu Mnazrlar C	Ulu Mnazrlar C	Ulu Mnazrlar C	f	N		\N	6	Carpentry Saw	\N
165	Elevliler 1	Elevliler 1	Elevliler 1	Elevliler 1	f	N		\N	6	Closed Book	\N
166	Elevliler 2	Elevliler 2	Elevliler 2	Elevliler 2	f	N		\N	6	Chipmunk	\N
167	Ekipe	Ekipe	Ekipe	Ekipe	f	N		\N	6	Loud Phone	\N
168	Yldzlar	Yldzlar	Yldzlar	Yldzlar	f	N		\N	6	Shorts	\N
169	Yenilmezler	Yenilmezler	Yenilmezler	Yenilmezler	f	N		\N	6	Car Sick Face	\N
170	Yanlmazlar	Yanlmazlar	Yanlmazlar	Yanlmazlar	f	N		\N	6	Martial Arts	\N
171	Yklmazlar	Yklmazlar	Yklmazlar	Yklmazlar	f	N		\N	6	Mage	\N
172	Yorulmazlar	Yorulmazlar	Yorulmazlar	Yorulmazlar	f	N		\N	6	Cartwheel	\N
173	Sz Savalar A	Sz Savalar A	Sz Savalar A	Sz Savalar A	f	N		\N	6	Phoenix	\N
174	Sz Savalar B	Sz Savalar B	Sz Savalar B	Sz Savalar B	f	N		\N	6	Hair Pick	\N
175	Sz Savalar C	Sz Savalar C	Sz Savalar C	Sz Savalar C	f	N		\N	6	Lightning	\N
181	Glge A	Glge A	Glge A	Glge A	f	N		\N	6	Toothbrush	\N
183	Avpal-F	Avpal-F	Avpal-F	Avpal-F	f	N		\N	11	Proposal	\N
185	Avpal A	Avpal A	Avpal A	Avpal A	f	N		\N	11	Cloudy Face	\N
186	AVPAL E	AVPAL E	AVPAL E	AVPAL E	f	N		\N	11	Rose	\N
187	Avpal C	Avpal C	Avpal C	Avpal C	f	N		\N	11	Carpentry Saw	\N
189	BYSSAL A	BYSSAL A	BYSSAL A	BYSSAL A	f	N		\N	11	Leafy Green	\N
190	CAL B	CAL B	CAL B	CAL B	f	N		\N	11	Big Brain	\N
191	BEL B	BEL B	BEL B	BEL B	f	N		\N	11	Drum Roll	\N
192	Bel c	Bel c	Bel c	Bel c	f	N		\N	11	DNA	\N
193	Bel-A	Bel-A	Bel-A	Bel-A	f	N		\N	11	Baby	\N
194	Bursa Kz Lisesi A	Bursa Kz Lisesi A	Bursa Kz Lisesi A	Bursa Kz Lisesi A	f	N		\N	11	Grapes	\N
196	Bursa Kz Lisesi B	Bursa Kz Lisesi B	Bursa Kz Lisesi B	Bursa Kz Lisesi B	f	N		\N	11	Upside Down	\N
197	DHBKAHL D	DHBKAHL D	DHBKAHL D	DHBKAHL D	f	N		\N	11	Chair	\N
198	CSAHL B	CSAHL B	CSAHL B	CSAHL B	f	N		\N	11	Closed Book	\N
199	CSAHL C	CSAHL C	CSAHL C	CSAHL C	f	N		\N	11	Desktop	\N
200	CSAHL A	CSAHL A	CSAHL A	CSAHL A	f	N		\N	11	Bread Sword	\N
201	CMSBL F	CMSBL F	CMSBL F	CMSBL F	f	N		\N	11	Sari	\N
202	CAL E	CAL E	CAL E	CAL E	f	N		\N	11	Kangaroo	\N
203	CAL G	CAL G	CAL G	CAL G	f	N		\N	11	Grateful Face	\N
204	CAL D	CAL D	CAL D	CAL D	f	N		\N	11	Volcano	\N
205	CAl A	CAl A	CAl A	CAl A	f	N		\N	11	Cool Square	\N
207	BAL A	BAL A	BAL A	BAL A	f	N		\N	11	Candle	\N
208	AHL A	AHL A	AHL A	AHL A	f	N		\N	11	Wilted	\N
209	al c	al c	al c	al c	f	N		\N	11	Biting Lip	\N
210	MAL A	MAL A	MAL A	MAL A	f	N		\N	11	Neck Hider	\N
211	MAL B	MAL B	MAL B	MAL B	f	N		\N	11	Boomerang	\N
212	MAL C	MAL C	MAL C	MAL C	f	N		\N	11	Wing	\N
214	DHBKAHL C	DHBKAHL C	DHBKAHL C	DHBKAHL C	f	N		\N	11	Dolphin	\N
215	DHBKAHL A	DHBKAHL A	DHBKAHL A	DHBKAHL A	f	N		\N	11	Airplane	\N
216	DHBKAHL P	DHBKAHL P	DHBKAHL P	DHBKAHL P	f	N		\N	11	Car Sick Face	\N
218	DHBKAIHL E	DHBKAIHL E	DHBKAIHL E	DHBKAIHL E	f	N		\N	11	Anguish Face	\N
219	DHBKAHL H	DHBKAHL H	DHBKAHL H	DHBKAHL H	f	N		\N	11	Droplet	\N
220	DHBKHAL F	DHBKHAL F	DHBKHAL F	DHBKHAL F	f	N		\N	11	Lock	\N
221	DHBKAHL B	DHBKAHL B	DHBKAHL B	DHBKAHL B	f	N		\N	11	Fearful	\N
222	EGAL B	EGAL B	EGAL B	EGAL B	f	N		\N	11	Long Neck	\N
223	EGAL C	EGAL C	EGAL C	EGAL C	f	N		\N	11	Unexpected Face	\N
224	EGAL D	EGAL D	EGAL D	EGAL D	f	N		\N	11	Business Casual	\N
225	FAHLC	FAHLC	FAHLC	FAHLC	f	N		\N	11	Video Game	\N
182	AVPAL-B	AVPAL-B	AVPAL-B	AVPAL-B	f	N		\N	11	Traffic Light	\N
184	Avpal D	Avpal D	Avpal D	Avpal D	f	N		\N	11	Confounded	\N
188	Ali Kucu-G	Ali Kucu-G	Ali Kucu-G	Ali Kucu-G	f	N		\N	11	Sailboat	\N
195	Bursa Kz Lisesi C	Bursa Kz Lisesi C	Bursa Kz Lisesi C	Bursa Kz Lisesi C	f	N		\N	11	Splashing	\N
206	ibal C	ibal C	ibal C	ibal C	f	N		\N	11	Printer	\N
213	MAL D	MAL D	MAL D	MAL D	f	N		\N	11	Toothbrush	\N
217	DHBKAHL G	DHBKAHL G	DHBKAHL G	DHBKAHL G	f	N		\N	11	Screwdriver	\N
226	FAHL D	FAHL D	FAHL D	FAHL D	f	N		\N	11	Swan	\N
227	GAHL	GAHL	GAHL	GAHL	f	N		\N	11	Dagger	\N
228	GAL A	GAL A	GAL A	GAL A	f	N		\N	11	Hugging	\N
229	GAL B	GAL B	GAL B	GAL B	f	N		\N	11	Selfie	\N
230	GSFL A	GSFL A	GSFL A	GSFL A	f	N		\N	11	Accordion	\N
231	GSFL B	GSFL B	GSFL B	GSFL B	f	N		\N	11	Slide	\N
232	GLEK B	GLEK B	GLEK B	GLEK B	f	N		\N	11	Cloud	\N
233	GLEK A	GLEK A	GLEK A	GLEK A	f	N		\N	11	Bear	\N
234	HEKAHL A	HEKAHL A	HEKAHL A	HEKAHL A	f	N		\N	11	Stunned	\N
235	HEKAHL B	HEKAHL B	HEKAHL B	HEKAHL B	f	N		\N	11	Bullseye	\N
236	HTMTAL D	HTMTAL D	HTMTAL D	HTMTAL D	f	N		\N	11	Fun sponge	\N
237	HTMTAL A	HTMTAL A	HTMTAL A	HTMTAL A	f	N		\N	11	Turtle	\N
238	HTMTAL C	HTMTAL C	HTMTAL C	HTMTAL C	f	N		\N	11	Grimace	\N
239	HMTAL B	HMTAL B	HMTAL B	HMTAL B	f	N		\N	11	People Hugging	\N
240	HTTMTAL	HTTMTAL	HTTMTAL	HTTMTAL	f	N		\N	11	Hashtag Goals	\N
241	TOKAMAN D	TOKAMAN D	TOKAMAN D	TOKAMAN D	f	N		\N	11	Panda	\N
242	DHBKHAL K	DHBKHAL K	DHBKHAL K	DHBKHAL K	f	N		\N	11	Hot Beverage	\N
243	KAAL A	KAAL A	KAAL A	KAAL A	f	N		\N	11	Smooch	\N
244	MAEAL A	MAEAL A	MAEAL A	MAEAL A	f	N		\N	11	Mouth	\N
245	MAEAL B	MAEAL B	MAEAL B	MAEAL B	f	N		\N	11	Pager	\N
246	MHBAL- A	MHBAL- A	MHBAL- A	MHBAL- A	f	N		\N	11	Peach	\N
247	MAL-B	MAL-B	MAL-B	MAL-B	f	N		\N	11	Bigger Glass	\N
248	MTAHL	MTAHL	MTAHL	MTAHL	f	N		\N	11	Snail	\N
249	Mmin Canbaz B	Mmin Canbaz B	Mmin Canbaz B	Mmin Canbaz B	f	N		\N	11	Hamburger	\N
250	Mmin Cambaz C	Mmin Cambaz C	Mmin Cambaz C	Mmin Cambaz C	f	N		\N	11	Spaghetti	\N
251	Mmin Cambaz A	Mmin Cambaz A	Mmin Cambaz A	Mmin Cambaz A	f	N		\N	11	Ferris Wheel	\N
252	NEAHL	NEAHL	NEAHL	NEAHL	f	N		\N	11	Sweet Potato	\N
253	Nilfer Borsa B	Nilfer Borsa B	Nilfer Borsa B	Nilfer Borsa B	f	N		\N	11	Wastebasket	\N
254	Nilfer Borsa A	Nilfer Borsa A	Nilfer Borsa A	Nilfer Borsa A	f	N		\N	11	Boat	\N
255	Nilfer Borsa E	Nilfer Borsa E	Nilfer Borsa E	Nilfer Borsa E	f	N		\N	11	Medal	\N
256	Nilfer Borsa C	Nilfer Borsa C	Nilfer Borsa C	Nilfer Borsa C	f	N		\N	11	Lifting	\N
257	Nizam Karasu A	Nizam Karasu A	Nizam Karasu A	Nizam Karasu A	f	N		\N	11	Yarn Ball	\N
258	Nilfer Borsa F	Nilfer Borsa F	Nilfer Borsa F	Nilfer Borsa F	f	N		\N	11	Low Battery	\N
259	Nizam Karasu D	Nizam Karasu D	Nizam Karasu D	Nizam Karasu D	f	N		\N	11	Hundred Points	\N
260	Neal C	Neal C	Neal C	Neal C	f	N		\N	11	Medical Mask	\N
261	Neal B	Neal B	Neal B	Neal B	f	N		\N	11	The Goggles	\N
262	NEAL D	NEAL D	NEAL D	NEAL D	f	N		\N	11	Plug	\N
263	NEAL L	NEAL L	NEAL L	NEAL L	f	N		\N	11	Mind Blown	\N
264	NEAL K	NEAL K	NEAL K	NEAL K	f	N		\N	11	Spider Web	\N
265	NEAL E	NEAL E	NEAL E	NEAL E	f	N		\N	11	Presents Tree	\N
266	Aslanoba 2	Aslanoba 2	Aslanoba 2	Aslanoba 2	f	N		\N	11	Chef Knife	\N
267	Aslanoba 6	Aslanoba 6	Aslanoba 6	Aslanoba 6	f	N		\N	11	Twisty Bread	\N
268	Aslanoba 3	Aslanoba 3	Aslanoba 3	Aslanoba 3	f	N		\N	11	OK Square	\N
269	Aslanoba 7	Aslanoba 7	Aslanoba 7	Aslanoba 7	f	N		\N	11	Police Car	\N
270	Aslanoba 5	Aslanoba 5	Aslanoba 5	Aslanoba 5	f	N		\N	11	Puzzle Piece	\N
271	Aslanoba 1	Aslanoba 1	Aslanoba 1	Aslanoba 1	f	N		\N	11	Lipstick	\N
272	NEAL A	NEAL A	NEAL A	NEAL A	f	N		\N	11	Cookie	\N
273	Ogal A	Ogal A	Ogal A	Ogal A	f	N		\N	11	Ghost	\N
274	OGAL-B	OGAL-B	OGAL-B	OGAL-B	f	N		\N	11	Spoon	\N
275	Otal B	Otal B	Otal B	Otal B	f	N		\N	11	Gear	\N
276	OTAL C	OTAL C	OTAL C	OTAL C	f	N		\N	11	Trumpet	\N
277	OTAL A	OTAL A	OTAL A	OTAL A	f	N		\N	11	Cupid Arrow	\N
278	NTKAHL A	NTKAHL A	NTKAHL A	NTKAHL A	f	N		\N	11	Kissy	\N
279	Fuat Sezgin B	Fuat Sezgin B	Fuat Sezgin B	Fuat Sezgin B	f	N		\N	11	Headphone	\N
280	Fuat Sezgin C	Fuat Sezgin C	Fuat Sezgin C	Fuat Sezgin C	f	N		\N	11	No Mouth	\N
281	RKAL- l	RKAL- l	RKAL- l	RKAL- l	f	N		\N	11	Jack-O-Lantern	\N
284	RKAL F	RKAL F	RKAL F	RKAL F	f	N		\N	11	Backpack	\N
285	RKAL-M	RKAL-M	RKAL-M	RKAL-M	f	N		\N	11	Safety Pin	\N
286	RKAL-A	RKAL-A	RKAL-A	RKAL-A	f	N		\N	11	Shaded Eyes	\N
287	RKAL-G	RKAL-G	RKAL-G	RKAL-G	f	N		\N	11	Shrugging	\N
288	RKAL-K	RKAL-K	RKAL-K	RKAL-K	f	N		\N	11	Pink Dog	\N
290	Rkal-H	Rkal-H	Rkal-H	Rkal-H	f	N		\N	11	Musical Score	\N
291	SCMSBL A	SCMSBL A	SCMSBL A	SCMSBL A	f	N		\N	11	Closed Eyes	\N
292	SCMSBL B	SCMSBL B	SCMSBL B	SCMSBL B	f	N		\N	11	Foot	\N
293	SCMSBL C	SCMSBL C	SCMSBL C	SCMSBL C	f	N		\N	11	Parrot	\N
294	SCMSBL D	SCMSBL D	SCMSBL D	SCMSBL D	f	N		\N	11	Love Gesture	\N
295	SSAL	SSAL	SSAL	SSAL	f	N		\N	11	Soccer	\N
473	NESBL B	NESBL B	NESBL B	NESBL B	f	N		\N	12	Tent	\N
474	NFL A	NFL A	NFL A	NFL A	f	N		\N	12	Hospital	\N
337	E	E	BSBL E	Bursa Ali Osman Snmez Sosyal Bilimler Lisesi E	t	N		2	11	Tamale	\N
338	A	A	BSBL A	Bursa Ali Osman Snmez Sosyal Bilimler Lisesi A	t	N		2	11	Mango	\N
339	D	D	BSBL D	Bursa Ali Osman Snmez Sosyal Bilimler Lisesi D	t	N		2	11	Tiger	\N
340	C	C	BSBL C	Bursa Ali Osman Snmez Sosyal Bilimler Lisesi C	t	N		2	11	Pouting	\N
341	B	B	BSBL B	Bursa Ali Osman Snmez Sosyal Bilimler Lisesi B	t	N		2	11	Rowboat	\N
342	E	E	BAGL E	Kocaeli Ali Fuat Bagil Sosyal Bilimler Lisesi E	t	N		1	11	Eggplant	\N
343	A	A	BAGL A	Kocaeli Ali Fuat Bagil Sosyal Bilimler Lisesi A	t	N		1	11	Clown	\N
344	B	B	BAGL B	Kocaeli Ali Fuat Bagil Sosyal Bilimler Lisesi B	t	N		1	11	Camera	\N
345	C	C	BAGL C	Kocaeli Ali Fuat Bagil Sosyal Bilimler Lisesi C	t	N		1	11	Penguin	\N
346	15 Temmuz I	15 Temmuz I	15 Temmuz I	15 Temmuz I	f	N		\N	12	Hundred Points	\N
347	15 Temmuz J	15 Temmuz J	15 Temmuz J	15 Temmuz J	f	N		\N	12	Petri Dish	\N
348	Dedeman A	Dedeman A	Dedeman A	Dedeman A	f	N		\N	12	Carpentry Saw	\N
349	75.CAL	75.CAL	75.CAL	75.CAL	f	N		\N	12	Magic Wand	\N
350	ASBAL B	ASBAL B	ASBAL B	ASBAL B	f	N		\N	12	Stinky dog	\N
351	AAHL A	AAHL A	AAHL A	AAHL A	f	N		\N	12	Closed Eyes	\N
352	AAHL  B	AAHL  B	AAHL  B	AAHL  B	f	N		\N	12	Peekaboo	\N
353	Aksaray  B	Aksaray  B	Aksaray  B	Aksaray  B	f	N		\N	12	Dated	\N
354	Aksaray  D	Aksaray  D	Aksaray  D	Aksaray  D	f	N		\N	12	Lotus	\N
282	RKAL-B	RKAL-B	RKAL-B	RKAL-B	f	N		\N	11	Razor	\N
283	RKAL-E	RKAL-E	RKAL-E	RKAL-E	f	N		\N	11	Ballet Shoes	\N
289	RKAL-C	RKAL-C	RKAL-C	RKAL-C	f	N		\N	11	Doughnut	\N
296	CBKAHL A	CBKAHL A	CBKAHL A	CBKAHL A	f	N		\N	11	Up Trend	\N
297	CBKAHL B	CBKAHL B	CBKAHL B	CBKAHL B	f	N		\N	11	Straight Line	\N
298	Samet Sara A	Samet Sara A	Samet Sara A	Samet Sara A	f	N		\N	11	America Ball	\N
299	MTAHL E	MTAHL E	MTAHL E	MTAHL E	f	N		\N	11	Banjo	\N
300	MTAHL D	MTAHL D	MTAHL D	MTAHL D	f	N		\N	11	Saxophone	\N
301	MTAHL	MTAHL	MTAHL	MTAHL	f	N		\N	11	Chilli	\N
302	MTAHL F	MTAHL F	MTAHL F	MTAHL F	f	N		\N	11	Persevering	\N
303	OHYAL B	OHYAL B	OHYAL B	OHYAL B	f	N		\N	11	Black Flag	\N
304	OHYAL A	OHYAL A	OHYAL A	OHYAL A	f	N		\N	11	Cartwheel	\N
305	OHYAL C	OHYAL C	OHYAL C	OHYAL C	f	N		\N	11	Potted Plant	\N
306	OHYAL D	OHYAL D	OHYAL D	OHYAL D	f	N		\N	11	Potato	\N
307	Turgut Solak C	Turgut Solak C	Turgut Solak C	Turgut Solak C	f	N		\N	11	Feather	\N
308	Turgut Solak N	Turgut Solak N	Turgut Solak N	Turgut Solak N	f	N		\N	11	Clapper	\N
309	Turgut Solak - F	Turgut Solak - F	Turgut Solak - F	Turgut Solak - F	f	N		\N	11	Scoot Scoot	\N
310	Turgut Solak-A	Turgut Solak-A	Turgut Solak-A	Turgut Solak-A	f	N		\N	11	Bridgekeeper	\N
311	TOKAMAN D	TOKAMAN D	TOKAMAN D	TOKAMAN D	f	N		\N	11	Long Drum	\N
312	Tokaman G	Tokaman G	Tokaman G	Tokaman G	f	N		\N	11	Beans	\N
313	TFL A	TFL A	TFL A	TFL A	f	N		\N	11	Get Set Go	\N
314	TBTAK B	TBTAK B	TBTAK B	TBTAK B	f	N		\N	11	Hear No Evil	\N
315	TOKAMAN A	TOKAMAN A	TOKAMAN A	TOKAMAN A	f	N		\N	11	Winky	\N
316	UHAL A	UHAL A	UHAL A	UHAL A	f	N		\N	11	Pinching Hand	\N
317	UHAL B	UHAL B	UHAL B	UHAL B	f	N		\N	11	Lotion	\N
318	UMHAHL A	UMHAHL A	UMHAHL A	UMHAHL A	f	N		\N	11	Guitar	\N
319	UMHAHL E	UMHAHL E	UMHAHL E	UMHAHL E	f	N		\N	11	Fireworks	\N
320	UMHAHL D	UMHAHL D	UMHAHL D	UMHAHL D	f	N		\N	11	Petri Dish	\N
321	Veysel Karani	Veysel Karani	Veysel Karani	Veysel Karani	f	N		\N	11	Bath	\N
322	DYKAL B	DYKAL B	DYKAL B	DYKAL B	f	N		\N	11	Cosplay	\N
323	DYKAL A	DYKAL A	DYKAL A	DYKAL A	f	N		\N	11	Speech Bubble	\N
324	DYKAL C	DYKAL C	DYKAL C	DYKAL C	f	N		\N	11	Fiery Heart	\N
325	BYSSAL C	BYSSAL C	BYSSAL C	BYSSAL C	f	N		\N	11	High Voltage	\N
326	Yeniceabat E	Yeniceabat E	Yeniceabat E	Yeniceabat E	f	N		\N	11	Ninja	\N
327	Yeniceabat A	Yeniceabat A	Yeniceabat A	Yeniceabat A	f	N		\N	11	Food Ute	\N
328	Yeniceabat B	Yeniceabat B	Yeniceabat B	Yeniceabat B	f	N		\N	11	Eagle	\N
329	Yeniceabat F	Yeniceabat F	Yeniceabat F	Yeniceabat F	f	N		\N	11	Baby Bottle	\N
330	Yeil C	Yeil C	Yeil C	Yeil C	f	N		\N	11	Bird	\N
331	Yeil A	Yeil A	Yeil A	Yeil A	f	N		\N	11	Popcorn	\N
355	AETAL  B	AETAL  B	AETAL  B	AETAL  B	f	N		\N	12	Baby Bottle	\N
332	YBFL C	YBFL C	YBFL C	YBFL C	f	N		\N	11	Lazy Tree Dog	\N
333	YBFL A	YBFL A	YBFL A	YBFL A	f	N		\N	11	Palm Hand	\N
334	GLGE A	GLGE A	GLGE A	GLGE A	f	N		\N	11	Castle	\N
335	GLGE B	GLGE B	GLGE B	GLGE B	f	N		\N	11	Taco	\N
336	GLGE C	GLGE C	GLGE C	GLGE C	f	N		\N	11	Bat and Ball	\N
356	ARAHL B	ARAHL B	ARAHL B	ARAHL B	f	N		\N	12	Waffle	\N
357	ARAHL PROJE A	ARAHL PROJE A	ARAHL PROJE A	ARAHL PROJE A	f	N		\N	12	Telescope	\N
358	AL A Takm	AL A Takm	AL A Takm	AL A Takm	f	N		\N	12	Full Moon	\N
359	AL B Takm	AL B Takm	AL B Takm	AL B Takm	f	N		\N	12	Big Brain	\N
360	AMTAL  B	AMTAL  B	AMTAL  B	AMTAL  B	f	N		\N	12	Flute	\N
362	BVKAHL D	BVKAHL D	BVKAHL D	BVKAHL D	f	N		\N	12	Pricey Fruit	\N
363	BVKAHL H	BVKAHL H	BVKAHL H	BVKAHL H	f	N		\N	12	Abacus	\N
361	AMTAL  C	AMTAL  C	AMTAL  C	AMTAL  C	f	N		\N	12	Bell	\N
364	Cumhuriyet Anadolu A	Cumhuriyet Anadolu A	Cumhuriyet Anadolu A	Cumhuriyet Anadolu A	f	N		\N	12	Neutral	\N
365	CKAHL A	CKAHL A	CKAHL A	CKAHL A	f	N		\N	12	Badger	\N
366	CKAHL H	CKAHL H	CKAHL H	CKAHL H	f	N		\N	12	Hole in One	\N
367	Cumhuriyet C	Cumhuriyet C	Cumhuriyet C	Cumhuriyet C	f	N		\N	12	Nail Polish	\N
368	Cumhuriyet E	Cumhuriyet E	Cumhuriyet E	Cumhuriyet E	f	N		\N	12	Dumpling	\N
369	amard Anadolu A	amard Anadolu A	amard Anadolu A	amard Anadolu A	f	N		\N	12	Smooch	\N
370	L  C	L  C	L  C	L  C	f	N		\N	12	Airplane	\N
371	L A	L A	L A	L A	f	N		\N	12	Sweet Potato	\N
372	L E	L E	L E	L E	f	N		\N	12	Lock	\N
373	NASBL A	NASBL A	NASBL A	NASBL A	f	N		\N	12	Thumbs Up	\N
374	KAHL  A	KAHL  A	KAHL  A	KAHL  A	f	N		\N	12	Accordion	\N
375	KAHL B	KAHL B	KAHL B	KAHL B	f	N		\N	12	Palm Tree	\N
376	MMTAL A	MMTAL A	MMTAL A	MMTAL A	f	N		\N	12	Anti-fire Can	\N
377	DEVAL  A	DEVAL  A	DEVAL  A	DEVAL  A	f	N		\N	12	Cupcake	\N
378	DKHL A	DKHL A	DKHL A	DKHL A	f	N		\N	12	Shrugging	\N
379	DAL B	DAL B	DAL B	DAL B	f	N		\N	12	Top Hat	\N
380	Dal D	Dal D	Dal D	Dal D	f	N		\N	12	Diving Mask	\N
381	DAL E	DAL E	DAL E	DAL E	f	N		\N	12	Wilted	\N
382	EL A	EL A	EL A	EL A	f	N		\N	12	Car Sick Face	\N
383	EHKFL A	EHKFL A	EHKFL A	EHKFL A	f	N		\N	12	Pink Dog	\N
384	EHKFL C	EHKFL C	EHKFL C	EHKFL C	f	N		\N	12	Drooling	\N
385	EHKFL E	EHKFL E	EHKFL E	EHKFL E	f	N		\N	12	Label	\N
386	ESKAHL-B	ESKAHL-B	ESKAHL-B	ESKAHL-B	f	N		\N	12	Bridgekeeper	\N
387	ESKIHL- A	ESKIHL- A	ESKIHL- A	ESKIHL- A	f	N		\N	12	Robot	\N
388	AALES26	AALES26	AALES26	AALES26	f	N		\N	12	Scorpion	\N
389	EAL-A	EAL-A	EAL-A	EAL-A	f	N		\N	12	Mango	\N
390	EAL-B	EAL-B	EAL-B	EAL-B	f	N		\N	12	Spy	\N
391	ESBL-A	ESBL-A	ESBL-A	ESBL-A	f	N		\N	12	Diagonal Mouth	\N
392	Fskaihl A	Fskaihl A	Fskaihl A	Fskaihl A	f	N		\N	12	Confounded	\N
393	FDFL A	FDFL A	FDFL A	FDFL A	f	N		\N	12	Rainbow	\N
394	HSKAL A	HSKAL A	HSKAL A	HSKAL A	f	N		\N	12	Power Hand	\N
395	Hadim PAL A	Hadim PAL A	Hadim PAL A	Hadim PAL A	f	N		\N	12	Zany Face	\N
396	HFKFL A	HFKFL A	HFKFL A	HFKFL A	f	N		\N	12	Candle	\N
397	AHL A	AHL A	AHL A	AHL A	f	N		\N	12	Plunger	\N
398	ncesu Anadolu A	ncesu Anadolu A	ncesu Anadolu A	ncesu Anadolu A	f	N		\N	12	Nose	\N
399	Karatay A	Karatay A	Karatay A	Karatay A	f	N		\N	12	Brown Mushroom	\N
400	KTAL A	KTAL A	KTAL A	KTAL A	f	N		\N	12	Hook	\N
401	KTAL B	KTAL B	KTAL B	KTAL B	f	N		\N	12	Mantelpiece	\N
402	Kayseri Kz  A	Kayseri Kz  A	Kayseri Kz  A	Kayseri Kz  A	f	N		\N	12	Boomerang	\N
403	KSBL C	KSBL C	KSBL C	KSBL C	f	N		\N	12	Grateful Face	\N
404	KSBL F	KSBL F	KSBL F	KSBL F	f	N		\N	12	Shell	\N
405	KMKAHL A	KMKAHL A	KMKAHL A	KMKAHL A	f	N		\N	12	Mage	\N
406	KAL A	KAL A	KAL A	KAL A	f	N		\N	12	Lizard	\N
407	KTEK A	KTEK A	KTEK A	KTEK A	f	N		\N	12	Space Invader	\N
408	KTEK B	KTEK B	KTEK B	KTEK B	f	N		\N	12	Low Battery	\N
409	KFL -I	KFL -I	KFL -I	KFL -I	f	N		\N	12	Tasty Future	\N
410	KFL A	KFL A	KFL A	KFL A	f	N		\N	12	Hypnotised	\N
411	KFL G	KFL G	KFL G	KFL G	f	N		\N	12	Fiery Heart	\N
412	KFL-F	KFL-F	KFL-F	KFL-F	f	N		\N	12	Banjo	\N
413	KFL-C	KFL-C	KFL-C	KFL-C	f	N		\N	12	Whale	\N
414	Kilim  A	Kilim  A	Kilim  A	Kilim  A	f	N		\N	12	House	\N
415	Kilim  B	Kilim  B	Kilim  B	Kilim  B	f	N		\N	12	Tulip	\N
416	Kilim D	Kilim D	Kilim D	Kilim D	f	N		\N	12	Pointing Hand	\N
417	Kilim E	Kilim E	Kilim E	Kilim E	f	N		\N	12	Spider	\N
418	Kilim C	Kilim C	Kilim C	Kilim C	f	N		\N	12	Music Notes	\N
419	KYPAL  A	KYPAL  A	KYPAL  A	KYPAL  A	f	N		\N	12	Sari	\N
420	Kongre A	Kongre A	Kongre A	Kongre A	f	N		\N	12	Bed	\N
421	Kongre D	Kongre D	Kongre D	Kongre D	f	N		\N	12	White Flag	\N
422	Kongre H	Kongre H	Kongre H	Kongre H	f	N		\N	12	Ginger	\N
423	Konya AHL A	Konya AHL A	Konya AHL A	Konya AHL A	f	N		\N	12	Dolphin	\N
424	Konya AHL C	Konya AHL C	Konya AHL C	Konya AHL C	f	N		\N	12	Cow Juice	\N
425	Konya AHL D	Konya AHL D	Konya AHL D	Konya AHL D	f	N		\N	12	Leafy Green	\N
426	Konya AHL E	Konya AHL E	Konya AHL E	Konya AHL E	f	N		\N	12	Get Set Go	\N
427	KBVAHL A	KBVAHL A	KBVAHL A	KBVAHL A	f	N		\N	12	OK Hand	\N
428	KEAL C	KEAL C	KEAL C	KEAL C	f	N		\N	12	Star Struck	\N
429	KEAL A	KEAL A	KEAL A	KEAL A	f	N		\N	12	Test Tube	\N
430	KEAL E	KEAL E	KEAL E	KEAL E	f	N		\N	12	Pistol	\N
431	KTTSBL-A	KTTSBL-A	KTTSBL-A	KTTSBL-A	f	N		\N	12	Rock On	\N
432	KTTSBL-B	KTTSBL-B	KTTSBL-B	KTTSBL-B	f	N		\N	12	Maple Leaf	\N
433	Kulu MTAL A	Kulu MTAL A	Kulu MTAL A	Kulu MTAL A	f	N		\N	12	Carousel Horse	\N
434	LAHAHL A	LAHAHL A	LAHAHL A	LAHAHL A	f	N		\N	12	Phoenix	\N
435	Mahmut Sami A	Mahmut Sami A	Mahmut Sami A	Mahmut Sami A	f	N		\N	12	Wing	\N
437	Mahmut Sami B	Mahmut Sami B	Mahmut Sami B	Mahmut Sami B	f	N		\N	12	Rock	\N
438	MHYAL A	MHYAL A	MHYAL A	MHYAL A	f	N		\N	12	Canned Good	\N
471	NASBL A	NASBL A	NASBL A	NASBL A	f	N		\N	12	Boar	\N
472	NESBL A	NESBL A	NESBL A	NESBL A	f	N		\N	12	Cloud	\N
436	MSRAHL A	MSRAHL A	MSRAHL A	MSRAHL A	f	N		\N	12	Lion	\N
439	MHYAL B	MHYAL B	MHYAL B	MHYAL B	f	N		\N	12	Puzzle Piece	\N
440	MZKKAHL	MZKKAHL	MZKKAHL	MZKKAHL	f	N		\N	12	Camera	\N
475	NFL C	NFL C	NFL C	NFL C	f	N		\N	12	Hyacinth	\N
441	amard A	amard A	amard A	amard A	f	N		\N	12	Floppy	\N
442	SSAL F	SSAL F	SSAL F	SSAL F	f	N		\N	12	Safety Vest	\N
443	Sema B	Sema B	Sema B	Sema B	f	N		\N	12	Alert Light	\N
444	Konya AHL B	Konya AHL B	Konya AHL B	Konya AHL B	f	N		\N	12	Truck	\N
445	YFL  C	YFL  C	YFL  C	YFL  C	f	N		\N	12	Ninja	\N
476	NFL D	NFL D	NFL D	NFL D	f	N		\N	12	Basketball	\N
477	NDZHL A	NDZHL A	NDZHL A	NDZHL A	f	N		\N	12	Sled	\N
478	NEVZAT B	NEVZAT B	NEVZAT B	NEVZAT B	f	N		\N	12	Food Ute	\N
479	NEVZAT C	NEVZAT C	NEVZAT C	NEVZAT C	f	N		\N	12	Volcano	\N
446	YFL B	YFL B	YFL B	YFL B	f	N		\N	12	Bus	\N
447	YFL A	YFL A	YFL A	YFL A	f	N		\N	12	Guide Dog	\N
448	YAHL B	YAHL B	YAHL B	YAHL B	f	N		\N	12	High Voltage	\N
449	YAHL A	YAHL A	YAHL A	YAHL A	f	N		\N	12	Bat and Ball	\N
450	Uluslararas Rmi Klam A	Uluslararas Rmi Klam A	Uluslararas Rmi Klam A	Uluslararas Rmi Klam A	f	N		\N	12	Hushed	\N
480	Nide B	Nide B	Nide B	Nide B	f	N		\N	12	Wastebasket	\N
451	TAVHKAHL A	TAVHKAHL A	TAVHKAHL A	TAVHKAHL A	f	N		\N	12	Spanner	\N
452	TCKAHL J	TCKAHL J	TCKAHL J	TCKAHL J	f	N		\N	12	Rose	\N
453	TCKAHL G	TCKAHL G	TCKAHL G	TCKAHL G	f	N		\N	12	Wolf	\N
454	TCKAHL  B	TCKAHL  B	TCKAHL  B	TCKAHL  B	f	N		\N	12	ZZZ	\N
455	TCKAHL  A	TCKAHL  A	TCKAHL  A	TCKAHL  A	f	N		\N	12	Block Gesture	\N
481	ONHAL A	ONHAL A	ONHAL A	ONHAL A	f	N		\N	12	Panda	\N
482	ONHAL B	ONHAL B	ONHAL B	ONHAL B	f	N		\N	12	Cosplay	\N
483	ONHAL C	ONHAL C	ONHAL C	ONHAL C	f	N		\N	12	Hot Air	\N
484	ONHAL D	ONHAL D	ONHAL D	ONHAL D	f	N		\N	12	Video Game	\N
456	BKMTAL A	BKMTAL A	BKMTAL A	BKMTAL A	f	N		\N	12	Jeans	\N
457	AL I	AL I	AL I	AL I	f	N		\N	12	Toothbrush	\N
458	AL H	AL H	AL H	AL H	f	N		\N	12	Carrot	\N
459	AL F	AL F	AL F	AL F	f	N		\N	12	Hair Pick	\N
460	YFL F	YFL F	YFL F	YFL F	f	N		\N	12	Fast Train	\N
485	OUAL B	OUAL B	OUAL B	OUAL B	f	N		\N	12	Traffic Light	\N
461	MERAM B	MERAM B	MERAM B	MERAM B	f	N		\N	12	Squid	\N
462	MERAM C	MERAM C	MERAM C	MERAM C	f	N		\N	12	Scales	\N
463	MERAM D	MERAM D	MERAM D	MERAM D	f	N		\N	12	Broken Chain	\N
464	MERAM E	MERAM E	MERAM E	MERAM E	f	N		\N	12	Sparkly Heart	\N
465	MFL B	MFL B	MFL B	MFL B	f	N		\N	12	Sun	\N
486	DAHL A	DAHL A	DAHL A	DAHL A	f	N		\N	12	Newspaper	\N
487	DAHL B	DAHL B	DAHL B	DAHL B	f	N		\N	12	ROFL Face	\N
488	AFL A	AFL A	AFL A	AFL A	f	N		\N	12	Feather	\N
489	EFL A	EFL A	EFL A	EFL A	f	N		\N	12	Ferris Wheel	\N
466	MFL C	MFL C	MFL C	MFL C	f	N		\N	12	Bouquet	\N
467	MFL G	MFL G	MFL G	MFL G	f	N		\N	12	Teapot	\N
468	MFL H	MFL H	MFL H	MFL H	f	N		\N	12	Deciduous Tree	\N
469	MFL I	MFL I	MFL I	MFL I	f	N		\N	12	Bell Pepper	\N
470	MSRAHL Z	MSRAHL Z	MSRAHL Z	MSRAHL Z	f	N		\N	12	Ballet Shoes	\N
490	NESBL E	NESBL E	NESBL E	NESBL E	f	N		\N	12	Seedling	\N
491	NESBL G	NESBL G	NESBL G	NESBL G	f	N		\N	12	Scissors	\N
492	mer  B	mer  B	mer  B	mer  B	f	N		\N	12	Swimmer	\N
493	DKAHL A	DKAHL A	DKAHL A	DKAHL A	f	N		\N	12	Headphone	\N
494	PNES A	PNES A	PNES A	PNES A	f	N		\N	12	Spikehog	\N
495	DHL A	DHL A	DHL A	DHL A	f	N		\N	12	Astonished	\N
496	DHL B	DHL B	DHL B	DHL B	f	N		\N	12	Tractor	\N
497	RTE AHL C	RTE AHL C	RTE AHL C	RTE AHL C	f	N		\N	12	Piata	\N
498	RTE AHL D	RTE AHL D	RTE AHL D	RTE AHL D	f	N		\N	12	Alarm Clock	\N
499	RTE AHL B	RTE AHL B	RTE AHL B	RTE AHL B	f	N		\N	12	Business Hi	\N
500	RTEPAHL B	RTEPAHL B	RTEPAHL B	RTEPAHL B	f	N		\N	12	No Mouth	\N
501	RTEPAHL C	RTEPAHL C	RTEPAHL C	RTEPAHL C	f	N		\N	12	Heart Hands	\N
502	SGMTAL A	SGMTAL A	SGMTAL A	SGMTAL A	f	N		\N	12	Koala	\N
503	LPAL A	LPAL A	LPAL A	LPAL A	f	N		\N	12	Keyboard	\N
504	MLGAHL  A	MLGAHL  A	MLGAHL  A	MLGAHL  A	f	N		\N	12	Clappy Hands	\N
505	SAL B	SAL B	SAL B	SAL B	f	N		\N	12	OK Gesture	\N
506	SAL C	SAL C	SAL C	SAL C	f	N		\N	12	Stunned	\N
507	Seluk C	Seluk C	Seluk C	Seluk C	f	N		\N	12	Praise Hands	\N
508	Sema A	Sema A	Sema A	Sema A	f	N		\N	12	Snail	\N
509	SYAL A	SYAL A	SYAL A	SYAL A	f	N		\N	12	Shortcake	\N
510	Sema D	Sema D	Sema D	Sema D	f	N		\N	12	Tamale	\N
511	Sivas AHL A	Sivas AHL A	Sivas AHL A	Sivas AHL A	f	N		\N	12	Chicken Rock	\N
512	CAL A	CAL A	CAL A	CAL A	f	N		\N	12	Love Letter	\N
513	SFL B	SFL B	SFL B	SFL B	f	N		\N	12	Flushed	\N
514	SFL C	SFL C	SFL C	SFL C	f	N		\N	12	Business Casual	\N
515	SFL E	SFL E	SFL E	SFL E	f	N		\N	12	Briefcase	\N
516	SFL H	SFL H	SFL H	SFL H	f	N		\N	12	Tooth	\N
517	SKAHL A	SKAHL A	SKAHL A	SKAHL A	f	N		\N	12	Lacrosse	\N
518	Sivas Sabanc A	Sivas Sabanc A	Sivas Sabanc A	Sivas Sabanc A	f	N		\N	12	Clapper	\N
519	DKAHL B	DKAHL B	DKAHL B	DKAHL B	f	N		\N	12	Hashtag Goals	\N
520	DSHL A	DSHL A	DSHL A	DSHL A	f	N		\N	12	Vampire	\N
521	DSKAHL A	DSKAHL A	DSKAHL A	DSKAHL A	f	N		\N	12	Unicorn	\N
522	DDAL B	DDAL B	DDAL B	DDAL B	f	N		\N	12	Coconut	\N
523	SSAL D	SSAL D	SSAL D	SSAL D	f	N		\N	12	Joystick	\N
524	SSAL J	SSAL J	SSAL J	SSAL J	f	N		\N	12	Persevering	\N
525	SSAL L	SSAL L	SSAL L	SSAL L	f	N		\N	12	Hourglass	\N
526	EOAAL  C	EOAAL  C	EOAAL  C	EOAAL  C	f	N		\N	12	Toolbox	\N
527	EOAAL  D	EOAAL  D	EOAAL  D	EOAAL  D	f	N		\N	12	Table Tennis	\N
528	EOAAL  G	EOAAL  G	EOAAL  G	EOAAL  G	f	N		\N	12	Black Square	\N
529	HPVEAHL D	HPVEAHL D	HPVEAHL D	HPVEAHL D	f	N		\N	12	Pensive	\N
530	Smlg B	Smlg B	Smlg B	Smlg B	f	N		\N	12	Tongue Out	\N
531	Smlg C	Smlg C	Smlg C	Smlg C	f	N		\N	12	Milky Way	\N
532	MSHL B	MSHL B	MSHL B	MSHL B	f	N		\N	12	No Thanks Hand	\N
533	NSAHL A	NSAHL A	NSAHL A	NSAHL A	f	N		\N	12	Oops Face	\N
534	YFL D	YFL D	YFL D	YFL D	f	N		\N	12	Cowboy	\N
535	YFL E	YFL E	YFL E	YFL E	f	N		\N	12	Cherries	\N
536	YFL F	YFL F	YFL F	YFL F	f	N		\N	12	Medical Mask	\N
537	NASBL B	NASBL B	NASBL B	NASBL B	f	N		\N	12	Jellyfish	\N
538	GLGE A	GLGE A	GLGE A	GLGE A	f	N		\N	12	Doughnut	\N
539	GLGE B	GLGE B	GLGE B	GLGE B	f	N		\N	12	Duck	\N
540	GLGE C	GLGE C	GLGE C	GLGE C	f	N		\N	12	Dog	\N
\.


--
-- Data for Name: participants_team_break_categories; Type: TABLE DATA; Schema: public; Owner: tabbycat
--

COPY public.participants_team_break_categories (id, team_id, breakcategory_id) FROM stdin;
1	31	1
2	32	1
3	33	1
4	34	1
5	35	1
6	36	1
7	37	1
8	38	1
9	39	1
10	40	1
11	41	1
12	42	1
13	43	1
14	44	1
15	45	1
16	46	1
17	47	1
18	48	1
19	49	1
20	50	1
21	51	1
22	52	1
25	55	1
26	56	1
27	57	2
28	58	2
29	59	2
30	60	2
31	61	2
32	62	2
33	63	2
34	64	2
35	65	2
36	66	2
37	67	2
38	68	2
39	69	2
40	70	2
41	71	2
42	72	2
43	73	2
44	74	2
45	75	2
46	76	2
47	77	2
48	78	2
49	79	2
50	80	2
51	81	3
52	82	3
53	83	3
54	84	3
55	85	3
56	86	3
57	87	3
58	88	3
59	89	4
60	90	4
61	91	4
62	92	4
63	93	4
64	94	4
65	95	4
66	96	4
67	97	4
68	98	4
69	99	4
70	100	4
71	101	4
72	102	4
73	103	4
74	104	4
75	105	4
76	106	4
77	107	4
78	108	4
79	109	4
80	110	4
81	111	4
82	112	4
83	113	4
84	114	4
85	115	4
86	116	4
87	117	4
88	118	4
89	119	4
90	120	4
91	121	4
92	122	4
93	123	4
94	124	4
95	125	4
96	126	4
97	127	4
98	128	4
99	129	4
100	130	4
101	131	4
102	132	4
103	133	4
104	134	4
105	135	4
106	136	4
107	137	4
108	138	4
109	139	4
110	140	4
111	141	4
112	142	4
113	143	4
114	144	4
115	145	4
116	146	4
117	147	4
118	148	4
119	149	5
120	150	5
121	151	5
122	152	5
123	153	5
124	154	5
125	155	5
126	156	5
127	157	5
128	158	5
129	159	5
130	160	5
131	161	5
132	162	5
133	163	5
134	164	5
135	165	5
136	166	5
137	167	5
138	168	5
139	169	5
140	170	5
141	171	5
142	172	5
143	173	5
144	174	5
145	175	5
151	181	5
152	182	10
153	183	10
154	184	10
155	185	10
156	186	10
157	187	10
158	188	10
159	189	10
160	190	10
161	191	10
162	192	10
163	193	10
164	194	10
165	195	10
166	196	10
167	197	10
168	198	10
169	199	10
170	200	10
171	201	10
172	202	10
173	203	10
174	204	10
175	205	10
176	206	10
177	207	10
178	208	10
179	209	10
180	210	10
181	211	10
182	212	10
183	213	10
184	214	10
185	215	10
186	216	10
187	217	10
188	218	10
189	219	10
190	220	10
191	221	10
192	222	10
193	223	10
194	224	10
195	225	10
196	226	10
197	227	10
198	228	10
199	229	10
200	230	10
201	231	10
202	232	10
203	233	10
204	234	10
205	235	10
206	236	10
207	237	10
208	238	10
209	239	10
210	240	10
211	241	10
212	242	10
213	243	10
214	244	10
215	245	10
216	246	10
217	247	10
218	248	10
219	249	10
220	250	10
221	251	10
222	252	10
223	253	10
224	254	10
225	255	10
226	256	10
227	257	10
228	258	10
229	259	10
230	260	10
231	261	10
232	262	10
233	263	10
234	264	10
235	265	10
236	266	10
237	267	10
238	268	10
239	269	10
240	270	10
241	271	10
242	272	10
243	273	10
244	274	10
245	275	10
246	276	10
247	277	10
248	278	10
249	279	10
250	280	10
251	281	10
252	282	10
253	283	10
254	284	10
255	285	10
256	286	10
257	287	10
258	288	10
259	289	10
260	290	10
261	291	10
262	292	10
263	293	10
264	294	10
265	295	10
266	296	10
267	297	10
268	298	10
269	299	10
270	300	10
271	301	10
272	302	10
273	303	10
274	304	10
275	305	10
276	306	10
277	307	10
278	308	10
279	309	10
280	310	10
281	311	10
282	312	10
283	313	10
284	314	10
285	315	10
286	316	10
287	317	10
288	318	10
289	319	10
290	320	10
291	321	10
292	322	10
293	323	10
294	324	10
295	325	10
296	326	10
297	327	10
298	328	10
299	329	10
300	330	10
301	331	10
302	332	10
303	333	10
304	334	10
305	335	10
306	336	10
307	337	10
308	338	10
309	339	10
310	340	10
311	341	10
312	342	10
313	343	10
314	344	10
315	345	10
316	346	11
317	347	11
318	348	11
319	349	11
320	350	11
321	351	11
322	352	11
323	353	11
324	354	11
325	355	11
326	356	11
327	357	11
328	358	11
329	359	11
330	360	11
331	361	11
332	362	11
333	363	11
334	364	11
335	365	11
336	366	11
337	367	11
338	368	11
339	369	11
340	370	11
341	371	11
342	372	11
343	373	11
344	374	11
345	375	11
346	376	11
347	377	11
348	378	11
349	379	11
350	380	11
351	381	11
352	382	11
353	383	11
354	384	11
355	385	11
356	386	11
357	387	11
358	388	11
359	389	11
360	390	11
361	391	11
362	392	11
363	393	11
364	394	11
365	395	11
366	396	11
367	397	11
368	398	11
369	399	11
370	400	11
371	401	11
372	402	11
373	403	11
374	404	11
375	405	11
376	406	11
377	407	11
378	408	11
379	409	11
380	410	11
381	411	11
382	412	11
383	413	11
384	414	11
385	415	11
386	416	11
387	417	11
388	418	11
389	419	11
390	420	11
391	421	11
392	422	11
393	423	11
394	424	11
395	425	11
396	426	11
397	427	11
398	428	11
399	429	11
400	430	11
401	431	11
402	432	11
403	433	11
404	434	11
405	435	11
406	436	11
407	437	11
408	438	11
409	439	11
410	440	11
411	441	11
412	442	11
413	443	11
414	444	11
415	445	11
416	446	11
417	447	11
418	448	11
419	449	11
420	450	11
421	451	11
422	452	11
423	453	11
424	454	11
425	455	11
426	456	11
427	457	11
428	458	11
429	459	11
430	460	11
431	461	11
432	462	11
433	463	11
434	464	11
435	465	11
436	466	11
437	467	11
438	468	11
439	469	11
440	470	11
441	471	11
442	472	11
443	473	11
444	474	11
445	475	11
446	476	11
447	477	11
448	478	11
449	479	11
450	480	11
451	481	11
452	482	11
453	483	11
454	484	11
455	485	11
456	486	11
457	487	11
458	488	11
459	489	11
460	490	11
461	491	11
462	492	11
463	493	11
464	494	11
465	495	11
466	496	11
467	497	11
468	498	11
469	499	11
470	500	11
471	501	11
472	502	11
473	503	11
474	504	11
475	505	11
476	506	11
477	507	11
478	508	11
479	509	11
480	510	11
481	511	11
482	512	11
483	513	11
484	514	11
485	515	11
486	516	11
487	517	11
488	518	11
489	519	11
490	520	11
491	521	11
492	522	11
493	523	11
494	524	11
495	525	11
496	526	11
497	527	11
498	528	11
499	529	11
500	530	11
501	531	11
502	532	11
503	533	11
504	534	11
505	535	11
506	536	11
507	537	11
508	538	11
509	539	11
510	540	11
\.


--
-- Data for Name: participants_tournamentinstitution; Type: TABLE DATA; Schema: public; Owner: tabbycat
--

COPY public.participants_tournamentinstitution (id, teams_requested, teams_allocated, adjudicators_requested, adjudicators_allocated, institution_id, tournament_id) FROM stdin;
\.


--
-- Data for Name: push_notifications_apnsdevice; Type: TABLE DATA; Schema: public; Owner: tabbycat
--

COPY public.push_notifications_apnsdevice (id, name, active, date_created, device_id, registration_id, user_id, application_id) FROM stdin;
\.


--
-- Data for Name: push_notifications_gcmdevice; Type: TABLE DATA; Schema: public; Owner: tabbycat
--

COPY public.push_notifications_gcmdevice (id, name, active, date_created, device_id, registration_id, user_id, cloud_message_type, application_id) FROM stdin;
\.


--
-- Data for Name: push_notifications_webpushdevice; Type: TABLE DATA; Schema: public; Owner: tabbycat
--

COPY public.push_notifications_webpushdevice (id, name, active, date_created, application_id, registration_id, p256dh, auth, browser, user_id) FROM stdin;
\.


--
-- Data for Name: push_notifications_wnsdevice; Type: TABLE DATA; Schema: public; Owner: tabbycat
--

COPY public.push_notifications_wnsdevice (id, name, active, date_created, device_id, registration_id, user_id, application_id) FROM stdin;
\.


--
-- Data for Name: registration_answer; Type: TABLE DATA; Schema: public; Owner: tabbycat
--

COPY public.registration_answer (id, answer, object_id, question_id, content_type_id) FROM stdin;
\.


--
-- Data for Name: registration_invitation; Type: TABLE DATA; Schema: public; Owner: tabbycat
--

COPY public.registration_invitation (id, url_key, created_on, for_content_type_id, institution_id, team_id, tournament_id) FROM stdin;
\.


--
-- Data for Name: registration_question; Type: TABLE DATA; Schema: public; Owner: tabbycat
--

COPY public.registration_question (id, seq, text, name, answer_type, required, min_value, max_value, choices, for_content_type_id, tournament_id, help_text) FROM stdin;
2	2	Kararlarna katlyor musunuz?	Kabul et?	bs	t	\N	\N	{}	18	1	
3	3	Yorumlar	Yorumlar	tl	f	\N	\N	{}	18	1	
4	2	Kararlarna katlyor musunuz?	Kabul et?	bs	t	\N	\N	{}	18	2	
5	3	Yorumlar	Yorumlar	tl	f	\N	\N	{}	18	2	
6	2	Kararlarna katlyor musunuz?	Kabul et?	bs	t	\N	\N	{}	18	3	
7	3	Yorumlar	Yorumlar	tl	f	\N	\N	{}	18	3	
8	2	Kararlarna katlyor musunuz?	Kabul et?	bs	t	\N	\N	{}	18	4	
9	3	Yorumlar	Yorumlar	tl	f	\N	\N	{}	18	4	
10	2	Kararlarna katlyor musunuz?	Kabul et?	bs	t	\N	\N	{}	18	5	
11	3	Yorumlar	Yorumlar	tl	f	\N	\N	{}	18	5	
12	2	Kararlarna katlyor musunuz?	Kabul et?	bs	t	\N	\N	{}	18	6	
13	3	Yorumlar	Yorumlar	tl	f	\N	\N	{}	18	6	
22	2	Kararlarna katlyor musunuz?	Kabul et?	bs	t	\N	\N	{}	18	11	
23	3	Yorumlar	Yorumlar	tl	f	\N	\N	{}	18	11	
24	2	Kararlarna katlyor musunuz?	Kabul et?	bs	t	\N	\N	{}	18	12	
25	3	Yorumlar	Yorumlar	tl	f	\N	\N	{}	18	12	
\.


--
-- Data for Name: results_ballotsubmission; Type: TABLE DATA; Schema: public; Owner: tabbycat
--

COPY public.results_ballotsubmission (id, "timestamp", version, submitter_type, confirmed, confirm_timestamp, ip_address, discarded, confirmer_id, debate_id, motion_id, submitter_id, participant_submitter_id, single_adj, private_url, forfeit) FROM stdin;
1	2025-11-22 08:07:26.428008+00	1	T	t	2025-11-22 08:07:26.504821+00	178.246.136.218	f	1	3	1	1	\N	f	f	f
22	2025-11-22 14:22:37.569305+00	1	T	t	2025-11-22 14:22:37.634276+00	81.215.234.44	f	1	28	4	1	\N	f	f	f
47	2025-11-24 16:10:14.348026+00	1	T	t	2025-11-24 16:10:14.419839+00	176.54.152.90	f	1	50	\N	1	\N	f	f	f
2	2025-11-22 08:08:47.567579+00	1	T	t	2025-11-22 08:08:47.878259+00	178.246.136.218	f	1	2	1	1	\N	f	f	f
309	2025-12-21 08:54:48.340554+00	1	P	t	2025-12-21 08:54:56.863797+00	2a00:1880:a482:65d9:1883:26fa:4e91:94b7	f	1	379	22	\N	1265	f	t	f
3	2025-11-22 08:10:51.404431+00	1	T	t	2025-11-22 08:10:51.49223+00	178.246.136.218	f	1	1	1	1	\N	f	f	f
48	2025-11-24 16:10:53.258112+00	1	T	t	2025-11-24 16:10:53.323403+00	176.54.152.90	f	1	49	\N	1	\N	f	f	f
4	2025-11-22 08:12:51.04812+00	1	T	t	2025-11-22 08:12:51.12101+00	178.246.136.218	f	1	6	1	1	\N	f	f	f
23	2025-11-22 14:23:02.634138+00	1	P	t	2025-11-22 14:28:13.549555+00	176.55.167.68	f	1	25	4	\N	6	f	t	f
5	2025-11-22 08:15:09.531438+00	1	T	t	2025-11-22 08:15:09.597137+00	178.246.136.218	f	1	7	1	1	\N	f	f	f
6	2025-11-22 08:17:12.515867+00	1	T	t	2025-11-22 08:17:12.714886+00	178.246.136.218	f	1	4	1	1	\N	f	f	f
7	2025-11-22 08:18:37.826213+00	1	T	t	2025-11-22 08:18:37.890616+00	178.246.136.218	f	1	5	1	1	\N	f	f	f
24	2025-11-22 14:28:10.339335+00	1	P	t	2025-11-22 14:31:10.126587+00	5.47.139.240	f	1	26	4	\N	4	f	t	f
25	2025-11-22 14:30:53.342225+00	1	P	t	2025-11-22 14:31:16.835191+00	151.135.92.0	f	1	23	4	\N	5	f	t	f
39	2025-11-24 12:05:31.782242+00	1	T	t	2025-11-24 12:05:31.852834+00	176.54.152.90	f	1	40	6	1	\N	f	f	f
26	2025-11-22 14:31:08.89284+00	1	P	t	2025-11-22 14:31:21.872449+00	2a00:1880:a00a:f700:187a:53dc:1242:1d20	f	1	22	4	\N	2	f	t	f
52	2025-11-25 08:44:00.964627+00	1	T	t	2025-11-25 08:44:01.036062+00	151.135.150.101	f	1	53	7	1	\N	f	f	f
11	2025-11-22 10:10:36.930445+00	1	P	t	2025-11-22 10:11:09.119529+00	2a00:1880:a005:5330:187a:4c39:358f:481	f	1	12	2	\N	2	f	t	f
9	2025-11-22 09:52:02.643855+00	1	P	t	2025-11-22 10:11:20.792631+00	37.154.172.243	f	1	8	2	\N	1	f	t	f
27	2025-11-22 14:32:21.843943+00	1	P	t	2025-11-22 14:32:57.48562+00	176.237.0.192	f	1	24	4	\N	7	f	t	f
8	2025-11-22 09:48:39.964586+00	1	P	t	2025-11-22 10:12:24.853204+00	176.237.0.192	f	1	13	2	\N	7	f	t	f
53	2025-11-25 08:45:11.891373+00	1	T	t	2025-11-25 08:45:11.963747+00	151.135.150.101	f	1	56	7	1	\N	f	f	f
35	2025-11-24 11:17:19.752334+00	1	P	t	2025-11-24 12:05:50.559405+00	37.155.242.69	f	1	35	6	\N	147	f	t	f
28	2025-11-22 14:46:46.115866+00	1	P	t	2025-11-22 14:46:55.207351+00	176.237.0.192	f	1	27	4	\N	3	f	t	f
12	2025-11-22 10:15:24.886722+00	1	P	t	2025-11-22 10:15:37.913352+00	5.47.139.240	f	1	9	2	\N	4	f	t	f
50	2025-11-25 08:34:15.208713+00	1	P	t	2025-11-25 08:46:35.447455+00	94.235.207.192	f	1	54	7	\N	204	f	t	f
49	2025-11-25 08:30:22.900789+00	1	P	t	2025-11-25 08:46:46.07639+00	176.237.108.119	f	1	58	7	\N	200	f	t	f
13	2025-11-22 10:21:22.896308+00	1	P	t	2025-11-22 10:23:44.638632+00	176.216.38.19	f	1	10	2	\N	6	f	t	f
54	2025-11-25 08:48:34.559371+00	1	T	t	2025-11-25 08:48:34.625668+00	151.135.150.101	f	1	57	7	1	\N	f	f	f
14	2025-11-22 10:24:04.830769+00	1	P	t	2025-11-22 10:24:19.646483+00	151.135.92.0	f	1	11	2	\N	5	f	t	f
57	2025-11-25 10:38:39.29195+00	1	T	t	2025-11-25 10:38:39.376655+00	5.47.247.182	f	1	61	\N	1	\N	f	f	f
30	2025-11-24 09:02:05.618933+00	1	P	t	2025-11-24 09:25:48.697947+00	176.89.229.65	f	1	30	5	\N	144	f	t	f
36	2025-11-24 11:42:51.090465+00	1	P	t	2025-11-24 12:05:58.846207+00	5.176.133.206	f	1	36	6	\N	146	f	t	f
29	2025-11-24 09:01:38.925316+00	1	P	t	2025-11-24 09:25:55.740491+00	5.47.198.183	f	1	34	5	\N	146	f	t	f
51	2025-11-25 08:38:38.430547+00	1	P	t	2025-11-25 08:52:35.025177+00	37.155.242.69	f	1	55	7	\N	199	f	t	f
31	2025-11-24 09:15:48.164611+00	1	P	t	2025-11-24 09:26:05.865059+00	31.143.48.61	f	1	31	5	\N	145	f	t	f
62	2025-11-25 13:48:43.954932+00	1	T	t	2025-11-25 13:48:44.019395+00	2a00:1880:a146:98e4:fcc2:cd7e:97c:fbab	f	1	67	\N	1	\N	f	f	f
18	2025-11-22 12:23:15.147925+00	1	T	t	2025-11-22 12:23:15.21248+00	81.215.234.44	f	1	19	3	1	\N	f	f	f
32	2025-11-24 09:26:50.844406+00	1	T	t	2025-11-24 09:26:50.907268+00	2a00:1880:a342:b55a:2db8:117f:2a1b:a4b0	f	1	32	5	1	\N	f	f	f
16	2025-11-22 12:12:28.07198+00	1	P	t	2025-11-22 12:23:22.400242+00	176.216.38.19	f	1	17	3	\N	6	f	t	f
55	2025-11-25 10:36:05.501405+00	1	T	t	2025-11-25 10:36:05.577413+00	5.47.247.182	f	1	59	\N	1	\N	f	f	f
15	2025-11-22 12:09:53.149473+00	1	P	t	2025-11-22 12:23:30.15093+00	176.54.83.3	f	1	21	3	\N	3	f	t	f
56	2025-11-25 10:38:21.046487+00	1	P	t	2025-11-25 10:38:49.310159+00	94.235.207.192	f	1	60	\N	\N	204	f	t	f
17	2025-11-22 12:18:51.100962+00	1	P	t	2025-11-22 12:23:38.859204+00	178.246.136.218	f	1	16	3	\N	7	f	t	f
34	2025-11-24 09:28:33.85694+00	1	T	t	2025-11-24 09:28:33.933314+00	2a00:1880:a342:b55a:2db8:117f:2a1b:a4b0	f	1	33	5	1	\N	f	f	f
37	2025-11-24 11:52:47.545863+00	1	P	t	2025-11-24 12:06:06.295133+00	5.176.150.19	f	1	39	6	\N	149	f	t	f
19	2025-11-22 12:32:02.11228+00	1	P	t	2025-11-22 12:34:23.57889+00	5.47.139.240	f	1	20	3	\N	4	f	t	f
33	2025-11-24 09:27:45.23076+00	1	T	t	2025-11-24 09:28:50.403209+00	2a00:1880:a342:b55a:2db8:117f:2a1b:a4b0	f	1	29	5	1	\N	f	f	f
20	2025-11-22 12:32:04.105446+00	1	P	t	2025-11-22 12:34:31.912116+00	176.237.0.192	f	1	18	3	\N	5	f	t	f
64	2025-11-25 13:53:17.267217+00	1	P	t	2025-11-25 13:58:46.665292+00	94.235.207.192	f	1	70	\N	\N	204	f	t	f
59	2025-11-25 10:49:35.78109+00	1	T	t	2025-11-25 10:49:35.848574+00	5.47.247.182	f	1	62	\N	1	\N	f	f	f
21	2025-11-22 12:35:27.69226+00	1	P	t	2025-11-22 12:37:23.445903+00	2a00:1880:a00a:f700:187a:53dc:1242:1d20	f	1	15	3	\N	2	f	t	f
63	2025-11-25 13:52:22.237313+00	1	T	t	2025-11-25 13:52:22.302257+00	2a00:1880:a146:98e4:fcc2:cd7e:97c:fbab	f	1	69	\N	1	\N	f	f	f
58	2025-11-25 10:48:45.792036+00	1	P	t	2025-11-25 10:49:51.194695+00	176.237.108.119	f	1	64	\N	\N	200	f	t	f
38	2025-11-24 11:56:38.620017+00	1	P	t	2025-11-24 12:06:13.251716+00	5.47.241.249	f	1	37	6	\N	143	f	t	f
60	2025-11-25 11:25:02.661313+00	1	T	t	2025-11-25 11:25:02.747241+00	2a00:1880:a18b:9429:187b:2185:cd7f:a3b3	f	1	63	\N	1	\N	f	f	f
40	2025-11-24 12:08:08.757674+00	1	P	t	2025-11-24 12:08:40.276653+00	176.237.108.119	f	1	38	6	\N	145	f	t	f
61	2025-11-25 13:48:00.939457+00	1	T	t	2025-11-25 13:48:01.012366+00	2a00:1880:a146:98e4:fcc2:cd7e:97c:fbab	f	1	66	\N	1	\N	f	f	f
66	2025-11-25 14:01:10.83988+00	1	T	t	2025-11-25 14:01:10.900881+00	2a00:1880:a146:98e4:3129:98a7:5b4e:fa6e	f	1	68	\N	1	\N	f	f	f
65	2025-11-25 13:57:08.339666+00	1	T	t	2025-11-25 13:57:08.408556+00	2a00:1880:a146:98e4:3129:98a7:5b4e:fa6e	f	1	65	\N	1	\N	f	f	f
41	2025-11-24 14:14:43.292589+00	1	P	t	2025-11-24 14:31:02.651213+00	176.89.229.65	f	1	46	\N	\N	144	f	t	f
43	2025-11-24 14:26:49.575432+00	1	P	t	2025-11-24 14:31:11.565236+00	37.155.242.69	f	1	44	\N	\N	147	f	t	f
42	2025-11-24 14:25:10.88806+00	1	P	t	2025-11-24 14:31:18.698073+00	5.176.133.206	f	1	43	\N	\N	146	f	t	f
44	2025-11-24 14:27:03.667511+00	1	P	t	2025-11-24 14:31:26.454695+00	176.237.108.119	f	1	45	\N	\N	145	f	t	f
45	2025-11-24 14:28:59.979761+00	1	P	t	2025-11-24 14:31:34.397515+00	94.235.207.192	f	1	42	\N	\N	149	f	t	f
46	2025-11-24 14:38:55.629067+00	1	T	t	2025-11-24 14:38:55.693359+00	176.54.152.90	f	1	41	\N	1	\N	f	f	f
78	2025-12-06 08:42:15.776692+00	1	T	t	2025-12-06 08:42:15.873989+00	5.47.156.139	f	1	83	8	1	\N	f	f	f
70	2025-12-06 08:27:14.715399+00	1	P	t	2025-12-06 08:42:25.974742+00	2a00:1880:a491:301f:187e:8adb:3933:ccf8	f	1	77	8	\N	374	f	t	f
71	2025-12-06 08:27:56.254994+00	1	P	t	2025-12-06 08:42:35.750437+00	46.104.47.30	f	1	81	8	\N	373	f	t	f
69	2025-12-06 08:24:25.870859+00	1	P	t	2025-12-06 08:42:51.942294+00	46.154.59.49	f	1	73	8	\N	376	f	t	f
77	2025-12-06 08:36:04.09855+00	1	P	t	2025-12-06 08:46:30.820057+00	37.154.168.214	f	1	82	8	\N	375	f	t	f
74	2025-12-06 08:33:26.234893+00	1	P	t	2025-12-06 08:46:41.08258+00	176.89.142.247	f	1	78	8	\N	371	f	t	f
72	2025-12-06 08:28:11.117368+00	1	P	t	2025-12-06 08:46:49.746666+00	37.154.163.61	f	1	80	8	\N	368	f	t	f
67	2025-12-06 08:14:48.393122+00	1	P	t	2025-12-06 08:47:00.345197+00	31.143.224.135	f	1	76	8	\N	366	f	t	f
76	2025-12-06 08:33:56.932194+00	1	P	t	2025-12-06 08:47:11.908457+00	151.135.44.10	f	1	75	8	\N	370	f	t	f
75	2025-12-06 08:33:40.331903+00	1	P	t	2025-12-06 08:47:21.587164+00	176.55.238.214	f	1	74	8	\N	367	f	t	f
68	2025-12-06 08:17:09.942383+00	1	P	t	2025-12-06 08:50:27.074084+00	5.47.210.96	f	1	85	8	\N	377	f	t	f
73	2025-12-06 08:33:04.224798+00	1	P	t	2025-12-06 08:52:14.266433+00	176.89.33.219	f	1	84	8	\N	378	f	t	f
79	2025-12-06 08:53:51.992859+00	1	T	f	2025-12-06 08:53:52.078341+00	31.143.224.135	f	1	79	8	1	\N	f	f	f
117	2025-12-06 16:53:27.086086+00	1	T	t	2025-12-06 16:53:27.157465+00	37.154.183.176	f	1	113	11	1	\N	f	f	f
80	2025-12-06 09:00:28.158529+00	2	T	t	2025-12-06 09:00:28.272787+00	5.47.156.139	f	1	79	8	1	\N	f	f	f
118	2025-12-07 08:16:56.740022+00	1	T	t	2025-12-07 08:16:56.774146+00	178.247.156.102	f	1	181	12	1	\N	f	f	f
103	2025-12-06 14:10:24.71002+00	1	P	t	2025-12-06 14:28:57.232593+00	37.154.183.176	f	1	102	10	\N	374	f	t	f
89	2025-12-06 11:09:18.67817+00	1	P	t	2025-12-06 11:15:33.051596+00	37.154.168.214	f	1	95	9	\N	375	f	t	f
86	2025-12-06 11:04:06.387778+00	1	P	t	2025-12-06 11:15:43.261919+00	176.55.148.230	f	1	89	9	\N	380	f	t	f
84	2025-12-06 10:55:49.936837+00	1	T	t	2025-12-06 10:55:50.05022+00	5.47.156.139	f	1	96	9	1	\N	f	f	f
85	2025-12-06 11:01:29.695679+00	1	P	t	2025-12-06 11:15:53.408178+00	176.89.142.247	f	1	98	9	\N	371	f	t	f
82	2025-12-06 10:47:39.659928+00	1	P	t	2025-12-06 10:56:01.844617+00	176.89.33.219	f	1	93	9	\N	378	f	t	f
105	2025-12-06 14:56:43.498374+00	1	T	t	2025-12-06 14:56:43.708321+00	37.154.183.176	f	1	103	10	1	\N	f	f	f
83	2025-12-06 10:54:39.140333+00	1	P	t	2025-12-06 10:56:11.044191+00	176.55.238.214	f	1	92	9	\N	367	f	t	f
87	2025-12-06 11:05:31.378462+00	1	P	t	2025-12-06 11:16:03.799327+00	46.104.47.30	f	1	91	9	\N	373	f	t	f
119	2025-12-07 08:17:48.157803+00	1	T	t	2025-12-07 08:18:53.445481+00	178.247.156.102	f	1	180	12	1	\N	f	f	f
88	2025-12-06 11:05:42.521751+00	1	P	t	2025-12-06 11:16:13.763512+00	37.154.163.61	f	1	86	9	\N	368	f	t	f
90	2025-12-06 11:19:12.443303+00	1	T	t	2025-12-06 11:19:12.525147+00	5.47.156.139	f	1	87	9	1	\N	f	f	f
120	2025-12-07 08:31:15.429002+00	1	T	t	2025-12-07 08:31:15.466599+00	178.247.156.102	f	1	182	12	1	\N	f	f	f
91	2025-12-06 11:23:09.293759+00	1	P	t	2025-12-06 11:23:39.067357+00	5.47.210.96	f	1	94	9	\N	377	f	t	f
121	2025-12-07 08:31:49.897887+00	1	T	t	2025-12-07 08:31:49.93476+00	178.247.156.102	f	1	179	12	1	\N	f	f	f
81	2025-12-06 10:40:48.249906+00	1	P	t	2025-12-06 12:06:26.809246+00	46.154.59.49	f	1	88	9	\N	376	f	t	f
92	2025-12-06 12:10:25.670166+00	1	P	t	2025-12-06 12:12:18.84759+00	37.154.183.176	f	1	97	9	\N	374	f	t	f
93	2025-12-06 12:14:22.827029+00	1	P	t	2025-12-06 12:14:30.217837+00	37.154.163.140	f	1	90	9	\N	370	f	t	f
98	2025-12-06 14:02:07.949659+00	1	T	t	2025-12-06 14:02:08.05708+00	37.154.183.176	f	1	104	10	1	\N	f	f	f
94	2025-12-06 13:45:56.442237+00	1	P	t	2025-12-06 14:02:20.015614+00	176.55.173.243	f	1	109	10	\N	380	f	t	f
99	2025-12-06 14:02:20.84257+00	1	P	t	2025-12-06 14:02:42.864227+00	46.104.39.38	f	1	110	10	\N	379	f	t	f
109	2025-12-06 16:16:41.579576+00	1	T	t	2025-12-06 16:16:41.658165+00	37.154.183.176	f	1	112	11	1	\N	f	f	f
97	2025-12-06 13:58:39.424594+00	1	P	t	2025-12-06 14:02:52.257922+00	46.155.253.32	f	1	106	10	\N	376	f	t	f
95	2025-12-06 13:57:14.675144+00	1	P	t	2025-12-06 14:03:00.705467+00	188.57.100.135	f	1	100	10	\N	378	f	t	f
108	2025-12-06 16:13:45.699755+00	1	P	t	2025-12-06 16:16:54.210877+00	37.154.237.131	f	1	114	11	\N	375	f	t	f
101	2025-12-06 14:07:22.319718+00	1	P	t	2025-12-06 14:08:08.901919+00	5.47.210.96	f	1	107	10	\N	377	f	t	f
100	2025-12-06 14:07:09.266851+00	1	P	t	2025-12-06 14:08:27.60937+00	37.154.241.167	f	1	105	10	\N	373	f	t	f
137	2025-12-07 11:58:15.584285+00	1	P	t	2025-12-07 12:29:54.07373+00	46.154.24.18	f	1	223	\N	\N	494	f	t	f
102	2025-12-06 14:09:31.624717+00	1	T	t	2025-12-06 14:09:31.71579+00	178.247.156.102	f	1	101	10	1	\N	f	f	f
106	2025-12-06 16:04:30.037838+00	1	P	t	2025-12-06 16:17:03.036828+00	176.55.173.243	f	1	121	11	\N	380	f	t	f
96	2025-12-06 13:57:16.008559+00	1	P	t	2025-12-06 14:09:47.677298+00	37.154.237.131	f	1	108	10	\N	375	f	t	f
104	2025-12-06 14:11:39.744765+00	1	P	t	2025-12-06 14:28:37.238717+00	188.57.112.245	f	1	99	10	\N	371	f	t	f
107	2025-12-06 16:09:50.462625+00	1	P	t	2025-12-06 16:17:13.015945+00	46.155.253.32	f	1	120	11	\N	376	f	t	f
136	2025-12-07 10:38:49.987459+00	1	T	t	2025-12-07 15:59:10.577828+00	178.247.156.102	f	1	212	14	1	\N	f	f	f
122	2025-12-07 09:27:09.947907+00	1	P	t	2025-12-07 10:48:38.950744+00	37.154.190.237	f	1	204	13	\N	495	f	t	f
110	2025-12-06 16:20:01.361794+00	1	P	t	2025-12-06 16:26:26.884233+00	5.47.210.96	f	1	111	11	\N	377	f	t	f
125	2025-12-07 09:48:03.352734+00	1	P	t	2025-12-07 10:48:01.276995+00	37.154.250.189	f	1	198	13	\N	489	f	t	f
133	2025-12-07 10:28:02.583393+00	1	T	t	2025-12-07 10:49:52.014744+00	151.135.108.126	f	1	201	13	1	\N	f	f	f
111	2025-12-06 16:27:25.185157+00	1	T	t	2025-12-06 16:27:25.26975+00	178.247.156.102	f	1	117	11	1	\N	f	f	f
124	2025-12-07 09:42:14.546391+00	1	P	t	2025-12-07 10:48:16.991122+00	5.229.115.58	f	1	197	13	\N	488	f	t	f
129	2025-12-07 10:01:54.974329+00	1	P	t	2025-12-07 10:48:47.877927+00	151.135.108.126	f	1	209	13	\N	501	f	t	f
123	2025-12-07 09:41:33.859186+00	1	P	t	2025-12-07 10:48:27.935263+00	31.143.39.148	f	1	208	13	\N	500	f	t	f
112	2025-12-06 16:38:01.619915+00	1	P	t	2025-12-06 16:38:51.342148+00	37.154.241.167	f	1	118	11	\N	373	f	t	f
128	2025-12-07 09:58:15.822678+00	1	P	t	2025-12-07 10:48:57.052819+00	5.47.219.1	f	1	210	13	\N	505	f	t	f
134	2025-12-07 10:29:52.372435+00	1	T	t	2025-12-07 10:49:59.260889+00	151.135.108.126	f	1	200	13	1	\N	f	f	f
127	2025-12-07 09:52:36.50911+00	1	P	t	2025-12-07 10:49:08.960566+00	46.155.253.32	f	1	207	13	\N	498	f	t	f
138	2025-12-07 11:59:22.884933+00	1	P	t	2025-12-07 12:27:12.032005+00	46.155.253.32	f	1	213	\N	\N	498	f	t	f
126	2025-12-07 09:52:28.027777+00	1	P	t	2025-12-07 10:49:19.996284+00	46.104.39.38	f	1	205	13	\N	496	f	t	f
113	2025-12-06 16:39:13.448187+00	1	P	t	2025-12-06 16:39:27.037003+00	188.57.100.135	f	1	122	11	\N	378	f	t	f
135	2025-12-07 10:31:22.733692+00	1	T	t	2025-12-07 10:50:05.704513+00	151.135.108.126	f	1	199	13	1	\N	f	f	f
114	2025-12-06 16:39:26.259724+00	1	P	t	2025-12-06 16:39:36.983519+00	2a00:1880:a00b:4aa:187e:9dfa:8d18:6adc	f	1	115	11	\N	374	f	t	f
130	2025-12-07 10:23:11.254547+00	1	T	t	2025-12-07 10:49:31.653992+00	151.135.108.126	f	1	206	13	1	\N	f	f	f
131	2025-12-07 10:24:27.90491+00	1	T	t	2025-12-07 10:49:37.909429+00	151.135.108.126	f	1	203	13	1	\N	f	f	f
115	2025-12-06 16:40:33.251801+00	1	P	t	2025-12-06 16:41:13.259628+00	188.57.112.245	f	1	119	11	\N	371	f	t	f
132	2025-12-07 10:26:08.17382+00	1	T	t	2025-12-07 10:49:45.113051+00	151.135.108.126	f	1	202	13	1	\N	f	f	f
116	2025-12-06 16:42:31.031363+00	1	P	t	2025-12-06 16:42:47.87745+00	46.104.39.38	f	1	116	11	\N	379	f	t	f
145	2025-12-07 12:20:18.645649+00	1	P	t	2025-12-07 12:30:05.174704+00	37.154.190.237	f	1	226	\N	\N	495	f	t	f
143	2025-12-07 12:15:01.485192+00	1	P	t	2025-12-07 12:28:15.807506+00	31.143.39.148	f	1	225	\N	\N	500	f	t	f
146	2025-12-07 12:23:49.612585+00	1	P	t	2025-12-07 12:30:16.486522+00	37.154.241.167	f	1	215	\N	\N	491	f	t	f
144	2025-12-07 12:15:13.944651+00	1	T	t	2025-12-07 12:15:14.024704+00	37.154.162.87	f	1	220	\N	1	\N	f	f	f
140	2025-12-07 12:01:20.212234+00	1	P	t	2025-12-07 12:27:22.032059+00	5.47.219.1	f	1	217	\N	\N	505	f	t	f
142	2025-12-07 12:10:52.133109+00	1	P	t	2025-12-07 12:26:59.258461+00	151.135.108.126	f	1	222	\N	\N	501	f	t	f
147	2025-12-07 12:47:18.649174+00	1	T	t	2025-12-07 12:47:35.671527+00	37.154.175.55	f	1	218	\N	1	\N	f	f	f
139	2025-12-07 12:00:14.493497+00	1	P	t	2025-12-07 12:27:38.032456+00	46.104.39.38	f	1	221	\N	\N	496	f	t	f
148	2025-12-07 12:49:48.585327+00	1	T	t	2025-12-07 12:49:48.67844+00	37.154.175.55	f	1	214	\N	1	\N	f	f	f
149	2025-12-07 12:50:48.649725+00	1	T	t	2025-12-07 12:50:48.734547+00	37.154.175.55	f	1	224	\N	1	\N	f	f	f
141	2025-12-07 12:02:14.72532+00	1	P	t	2025-12-07 12:52:02.774512+00	176.54.127.207	f	1	219	\N	\N	497	f	t	f
150	2025-12-07 12:59:23.927639+00	1	T	t	2025-12-07 12:59:24.004722+00	37.154.175.55	f	1	216	\N	1	\N	f	f	f
151	2025-12-07 15:59:45.425464+00	1	T	t	2025-12-07 15:59:45.467179+00	2a02:ff0:332a:6c46:310f:cc39:99b5:b411	f	1	211	14	1	\N	f	f	f
152	2025-12-07 16:00:37.839559+00	1	T	t	2025-12-07 16:00:37.873584+00	2a02:ff0:332a:6c46:310f:cc39:99b5:b411	f	1	47	\N	1	\N	f	f	f
153	2025-12-07 16:00:47.457819+00	1	T	t	2025-12-07 16:00:47.491881+00	2a02:ff0:332a:6c46:310f:cc39:99b5:b411	f	1	48	\N	1	\N	f	f	f
154	2025-12-07 16:02:16.877564+00	1	T	t	2025-12-07 16:02:16.91988+00	2a02:ff0:332a:6c46:310f:cc39:99b5:b411	f	1	227	\N	1	\N	f	f	f
155	2025-12-07 16:03:14.142075+00	1	T	t	2025-12-07 16:03:14.191277+00	2a02:ff0:332a:6c46:310f:cc39:99b5:b411	f	1	72	\N	1	\N	f	f	f
156	2025-12-07 16:03:47.208043+00	1	T	t	2025-12-07 16:03:47.241255+00	2a02:ff0:332a:6c46:310f:cc39:99b5:b411	f	1	71	\N	1	\N	f	f	f
252	2025-12-13 16:42:19.764692+00	1	T	t	2025-12-13 16:42:19.857693+00	2a00:1d34:81d:6b01:a9d4:72d7:74dd:5478	f	1	315	18	1	\N	f	f	f
157	2025-12-07 16:05:40.727513+00	1	T	t	2025-12-07 16:05:40.771431+00	2a02:ff0:332a:6c46:310f:cc39:99b5:b411	f	1	228	\N	1	\N	f	f	f
210	2025-12-13 11:23:26.495107+00	1	P	t	2025-12-13 11:27:53.29633+00	5.47.83.117	f	1	280	16	\N	860	f	t	f
204	2025-12-13 11:16:33.197824+00	1	P	t	2025-12-13 11:28:01.827892+00	159.146.43.104	f	1	272	16	\N	853	f	t	f
207	2025-12-13 11:17:08.644266+00	1	P	t	2025-12-13 11:28:19.791785+00	151.135.15.29	f	1	262	16	\N	846	f	t	f
211	2025-12-13 11:24:29.413628+00	2	P	t	2025-12-13 11:33:51.031869+00	2a00:1880:a489:4a03:1880:b1d3:d8a3:b6f8	f	1	265	16	\N	837	f	t	f
212	2025-12-13 11:33:36.917232+00	1	P	t	2025-12-13 11:33:58.093032+00	151.135.38.119	f	1	282	16	\N	840	f	t	f
161	2025-12-13 08:50:54.300013+00	1	P	t	2025-12-13 08:55:18.860123+00	31.223.1.65	f	1	242	15	\N	851	f	t	f
159	2025-12-13 08:45:07.729196+00	1	P	t	2025-12-13 08:55:39.511408+00	2a02:ff0:331c:bded:45ed:eb6d:4fe9:377c	f	1	252	15	\N	868	f	t	f
169	2025-12-13 09:04:12.751146+00	1	P	t	2025-12-13 09:07:54.271385+00	88.255.99.37	f	1	236	15	\N	842	f	t	f
160	2025-12-13 08:48:21.988964+00	1	P	t	2025-12-13 08:55:50.268546+00	2a02:ff0:332a:900f:2523:3784:fcf0:a8a8	f	1	239	15	\N	854	f	t	f
183	2025-12-13 09:24:24.578774+00	2	P	f	\N	94.54.16.3	f	\N	233	15	\N	838	f	t	f
158	2025-12-13 08:41:52.348439+00	1	P	t	2025-12-13 08:56:00.224508+00	2a02:ff0:332a:2593:7d85:bcd0:f5b:e64c	f	1	244	15	\N	844	f	t	f
213	2025-12-13 11:37:25.310117+00	1	T	t	2025-12-13 11:37:25.383576+00	2a00:1d34:81d:6b01:a9d4:72d7:74dd:5478	f	1	257	16	1	\N	f	f	f
163	2025-12-13 08:57:15.342937+00	1	T	t	2025-12-13 08:57:15.442428+00	2a00:1d34:81d:6b01:a9d4:72d7:74dd:5478	f	1	250	15	1	\N	f	f	f
162	2025-12-13 08:56:05.366104+00	1	P	t	2025-12-13 08:57:23.983161+00	78.190.178.159	f	1	229	15	\N	834	f	t	f
214	2025-12-13 11:37:30.812122+00	1	P	t	2025-12-13 11:37:47.820627+00	176.42.143.113	f	1	275	16	\N	847	f	t	f
168	2025-12-13 09:02:49.76978+00	1	P	t	2025-12-13 09:13:05.406534+00	94.120.116.110	f	1	237	15	\N	840	f	t	f
173	2025-12-13 09:12:24.54688+00	1	P	t	2025-12-13 09:13:21.451163+00	2a00:1d34:409b:bf00:831:4b84:7fd7:4341	f	1	247	15	\N	857	f	t	f
184	2025-12-13 09:26:29.779738+00	1	T	t	2025-12-13 09:26:29.89085+00	2a00:1d34:81d:6b01:a9d4:72d7:74dd:5478	f	1	232	15	1	\N	f	f	f
167	2025-12-13 09:02:46.690409+00	1	P	t	2025-12-13 09:13:29.946619+00	2a02:ff0:332a:900f:7ce7:32fe:a60b:2e06	f	1	231	15	\N	836	f	t	f
165	2025-12-13 08:59:01.007352+00	1	P	t	2025-12-13 09:13:44.005166+00	193.224.167.1	f	1	234	15	\N	858	f	t	f
194	2025-12-13 10:59:03.140642+00	1	P	t	2025-12-13 11:02:20.707079+00	151.250.175.98	f	1	258	16	\N	849	f	t	f
172	2025-12-13 09:11:00.592205+00	1	P	t	2025-12-13 09:14:03.77801+00	176.55.114.228	f	1	248	15	\N	835	f	t	f
182	2025-12-13 09:23:12.367641+00	1	T	t	2025-12-13 09:26:38.375947+00	2a00:1d34:81d:6b01:a9d4:72d7:74dd:5478	f	1	233	15	1	\N	f	f	f
171	2025-12-13 09:09:21.12028+00	1	P	t	2025-12-13 09:14:12.183305+00	5.46.128.154	f	1	249	15	\N	867	f	t	f
219	2025-12-13 13:41:33.834761+00	1	T	t	2025-12-13 13:41:33.922723+00	2a02:ff0:332a:2593:19:ee92:bc6b:21fc	f	1	302	17	1	\N	f	f	f
170	2025-12-13 09:05:37.34486+00	1	P	t	2025-12-13 09:14:26.033857+00	95.70.130.217	f	1	255	15	\N	852	f	t	f
166	2025-12-13 09:00:02.622085+00	1	P	t	2025-12-13 09:14:34.778576+00	149.140.158.209	f	1	251	15	\N	848	f	t	f
164	2025-12-13 08:57:59.828299+00	1	P	t	2025-12-13 09:14:49.655395+00	37.154.187.254	f	1	254	15	\N	862	f	t	f
185	2025-12-13 09:27:33.384074+00	1	P	t	2025-12-13 09:27:55.283718+00	2a00:1880:a489:4a03:1880:b1d3:d8a3:b6f8	f	1	230	15	\N	837	f	t	f
174	2025-12-13 09:16:00.17806+00	1	P	t	2025-12-13 09:16:07.635425+00	5.47.83.117	f	1	240	15	\N	860	f	t	f
220	2025-12-13 13:44:30.271313+00	1	P	t	2025-12-13 13:47:30.471733+00	46.104.41.63	f	1	290	17	\N	863	f	t	f
215	2025-12-13 13:15:14.903763+00	1	P	t	2025-12-13 13:46:51.080945+00	185.204.72.161	f	1	286	17	\N	867	f	t	f
221	2025-12-13 13:45:35.25065+00	1	P	t	2025-12-13 13:47:59.439708+00	94.54.16.3	f	1	300	17	\N	838	f	t	f
216	2025-12-13 13:22:53.774484+00	1	P	t	2025-12-13 13:47:21.824435+00	2a02:ff0:331c:bded:45ed:eb6d:4fe9:377c	f	1	306	17	\N	868	f	t	f
176	2025-12-13 09:16:58.851578+00	1	P	t	2025-12-13 09:17:10.381933+00	31.223.1.65	f	1	235	15	\N	839	f	t	f
222	2025-12-13 13:46:01.031505+00	1	P	t	2025-12-13 13:47:47.754623+00	78.190.178.159	f	1	291	17	\N	834	f	t	f
177	2025-12-13 09:17:06.14548+00	1	P	t	2025-12-13 09:17:18.803601+00	95.5.109.132	f	1	245	15	\N	866	f	t	f
191	2025-12-13 10:49:35.733311+00	1	P	t	2025-12-13 11:02:36.733063+00	2a00:1d34:7c15:2900:b570:cd1c:d12b:949b	f	1	260	16	\N	864	f	t	f
175	2025-12-13 09:16:46.164813+00	1	P	t	2025-12-13 09:17:30.097952+00	159.146.43.104	f	1	241	15	\N	853	f	t	f
218	2025-12-13 13:29:24.807921+00	1	P	t	2025-12-13 13:48:50.995637+00	159.146.43.104	f	1	295	17	\N	853	f	t	f
217	2025-12-13 13:25:55.95197+00	1	P	t	2025-12-13 13:48:31.370431+00	2a00:1d34:81d:2000:1924:b679:adbf:cfc5	f	1	303	17	\N	862	f	t	f
186	2025-12-13 09:28:51.368543+00	1	P	t	2025-12-13 09:29:04.480122+00	2a00:1d34:7c15:2900:11:1f3f:2cba:68ca	f	1	246	15	\N	856	f	t	f
178	2025-12-13 09:17:51.641632+00	1	P	t	2025-12-13 09:18:05.99868+00	46.104.41.63	f	1	253	15	\N	863	f	t	f
180	2025-12-13 09:21:08.856933+00	1	T	t	2025-12-13 09:21:08.958386+00	2a00:1d34:81d:6b01:a9d4:72d7:74dd:5478	f	1	256	15	1	\N	f	f	f
224	2025-12-13 13:55:37.636697+00	1	P	t	2025-12-13 13:55:55.420728+00	2a02:ff0:332a:900f:2523:3784:fcf0:a8a8	f	1	296	17	\N	854	f	t	f
179	2025-12-13 09:18:06.79098+00	1	P	t	2025-12-13 09:21:16.212613+00	2a00:1d34:445:100:588d:c67e:9fc3:9d4a	f	1	243	15	\N	845	f	t	f
223	2025-12-13 13:54:36.252354+00	1	P	t	2025-12-13 13:56:05.366965+00	95.5.109.132	f	1	285	17	\N	866	f	t	f
181	2025-12-13 09:23:04.536639+00	1	P	t	2025-12-13 09:23:19.766235+00	85.105.154.26	f	1	238	15	\N	841	f	t	f
225	2025-12-13 13:57:14.32695+00	1	P	t	2025-12-13 14:01:01.60132+00	31.223.1.65	f	1	294	17	\N	851	f	t	f
226	2025-12-13 13:57:47.61563+00	1	P	t	2025-12-13 14:01:10.249159+00	2a00:1d34:445:100:588d:c67e:9fc3:9d4a	f	1	297	17	\N	845	f	t	f
188	2025-12-13 10:39:33.405971+00	1	P	t	2025-12-13 10:41:18.488165+00	94.54.16.3	f	1	268	16	\N	838	f	t	f
189	2025-12-13 10:41:16.968426+00	1	P	t	2025-12-13 10:41:28.590012+00	193.224.167.1	f	1	279	16	\N	858	f	t	f
187	2025-12-13 10:34:05.522542+00	1	P	t	2025-12-13 10:41:40.335029+00	45.83.33.178	f	1	263	16	\N	848	f	t	f
190	2025-12-13 10:45:52.940089+00	1	P	t	2025-12-13 10:47:59.957932+00	78.190.178.159	f	1	278	16	\N	834	f	t	f
232	2025-12-13 14:09:20.64744+00	1	P	t	2025-12-13 14:28:41.564713+00	85.105.154.26	f	1	284	17	\N	841	f	t	f
231	2025-12-13 14:09:04.420646+00	1	P	t	2025-12-13 14:29:07.943457+00	151.250.175.98	f	1	287	17	\N	850	f	t	f
229	2025-12-13 14:05:47.439183+00	1	P	t	2025-12-13 14:29:23.59603+00	88.255.99.37	f	1	305	17	\N	842	f	t	f
227	2025-12-13 14:01:44.444837+00	1	P	t	2025-12-13 14:29:53.282322+00	5.47.83.117	f	1	299	17	\N	860	f	t	f
230	2025-12-13 14:06:41.729609+00	1	P	t	2025-12-13 14:30:01.548077+00	31.223.1.65	f	1	288	17	\N	839	f	t	f
195	2025-12-13 11:01:34.038055+00	1	P	t	2025-12-13 11:01:51.358036+00	31.223.1.65	f	1	281	16	\N	839	f	t	f
192	2025-12-13 10:52:11.801977+00	1	P	t	2025-12-13 11:02:01.596654+00	31.223.1.65	f	1	276	16	\N	851	f	t	f
193	2025-12-13 10:55:23.183996+00	1	P	t	2025-12-13 11:02:09.994718+00	2a02:ff0:332a:900f:7ce7:32fe:a60b:2e06	f	1	264	16	\N	836	f	t	f
199	2025-12-13 11:07:10.317845+00	1	T	t	2025-12-13 11:07:10.396771+00	2a02:ff0:332a:2593:19:ee92:bc6b:21fc	f	1	266	16	1	\N	f	f	f
197	2025-12-13 11:04:04.87581+00	1	P	t	2025-12-13 11:07:35.465798+00	46.104.41.63	f	1	267	16	\N	863	f	t	f
196	2025-12-13 11:03:33.782839+00	1	P	t	2025-12-13 11:11:01.471692+00	2a00:1d34:81d:2000:1924:b679:adbf:cfc5	f	1	283	16	\N	862	f	t	f
198	2025-12-13 11:06:19.622652+00	1	P	t	2025-12-13 11:12:47.754092+00	2a00:1d34:445:100:588d:c67e:9fc3:9d4a	f	1	270	16	\N	845	f	t	f
200	2025-12-13 11:12:22.386613+00	1	P	t	2025-12-13 11:13:00.964296+00	95.70.130.217	f	1	274	16	\N	852	f	t	f
201	2025-12-13 11:13:24.88899+00	1	P	t	2025-12-13 11:14:16.648374+00	85.105.154.26	f	1	269	16	\N	841	f	t	f
202	2025-12-13 11:14:16.247121+00	1	P	t	2025-12-13 11:14:36.023445+00	88.255.99.37	f	1	277	16	\N	842	f	t	f
208	2025-12-13 11:19:51.035573+00	1	T	t	2025-12-13 11:19:51.127142+00	2a00:1d34:81d:6b01:a9d4:72d7:74dd:5478	f	1	273	16	1	\N	f	f	f
209	2025-12-13 11:22:44.185657+00	1	P	f	\N	2a00:1880:a489:4a03:1880:b1d3:d8a3:b6f8	f	\N	265	16	\N	837	f	t	f
205	2025-12-13 11:16:40.69899+00	1	P	t	2025-12-13 11:27:29.772308+00	2a00:1d34:409b:bf00:831:4b84:7fd7:4341	f	1	271	16	\N	857	f	t	f
203	2025-12-13 11:16:17.864117+00	1	P	t	2025-12-13 11:27:36.689225+00	2a00:1d34:7c15:2900:11:1f3f:2cba:68ca	f	1	261	16	\N	856	f	t	f
206	2025-12-13 11:16:57.564163+00	1	P	t	2025-12-13 11:27:44.708076+00	2a02:ff0:332a:900f:2523:3784:fcf0:a8a8	f	1	259	16	\N	854	f	t	f
306	2025-12-21 08:52:12.477525+00	1	P	t	2025-12-21 08:53:20.332423+00	78.187.86.75	f	1	345	22	\N	1257	f	t	f
228	2025-12-13 14:05:38.512325+00	1	P	t	2025-12-13 14:29:32.531811+00	2a00:1d34:7c15:2900:11:1f3f:2cba:68ca	f	1	293	17	\N	856	f	t	f
266	2025-12-14 08:52:14.609164+00	1	T	t	2025-12-14 08:52:14.650108+00	46.2.212.183	f	1	334	19	1	\N	f	f	f
235	2025-12-13 14:27:31.78108+00	1	P	t	2025-12-13 14:29:39.793734+00	176.42.143.113	f	1	289	17	\N	847	f	t	f
255	2025-12-13 16:45:45.852721+00	1	P	t	2025-12-13 16:48:52.172937+00	88.255.99.37	f	1	308	18	\N	842	f	t	f
233	2025-12-13 14:11:58.407463+00	1	P	t	2025-12-13 14:29:46.912459+00	2a00:1880:a489:4a03:1880:b1d3:d8a3:b6f8	f	1	304	17	\N	837	f	t	f
234	2025-12-13 14:14:45.567483+00	1	P	t	2025-12-13 14:30:09.681275+00	2a00:1d34:409b:bf00:831:4b84:7fd7:4341	f	1	301	17	\N	857	f	t	f
254	2025-12-13 16:43:13.79257+00	1	P	t	2025-12-13 16:49:05.572774+00	31.143.61.186	f	1	319	18	\N	841	f	t	f
253	2025-12-13 16:42:45.64921+00	1	P	t	2025-12-13 16:49:22.052462+00	2a00:1d34:7c15:2900:11:1f3f:2cba:68ca	f	1	310	18	\N	856	f	t	f
236	2025-12-13 14:30:52.284164+00	1	P	t	2025-12-13 14:31:03.125942+00	151.135.15.29	f	1	298	17	\N	846	f	t	f
237	2025-12-13 14:32:40.189615+00	1	T	t	2025-12-13 14:32:40.264338+00	2a00:1d34:81d:6b01:a9d4:72d7:74dd:5478	f	1	292	17	1	\N	f	f	f
256	2025-12-13 16:50:19.492326+00	1	P	t	2025-12-13 16:50:29.627374+00	2a00:1880:a489:4a03:1880:b1d3:d8a3:b6f8	f	1	314	18	\N	837	f	t	f
238	2025-12-13 15:36:53.853927+00	1	T	t	2025-12-13 15:36:53.946649+00	2a02:ff0:332a:2593:19:ee92:bc6b:21fc	f	1	307	18	1	\N	f	f	f
267	2025-12-14 11:07:46.525067+00	1	P	t	2025-12-14 11:11:42.363869+00	2a00:1d34:703d:ea00:f928:b383:e893:9aef	f	1	338	20	\N	859	f	t	f
239	2025-12-13 15:50:01.213231+00	1	P	t	2025-12-13 15:51:38.796539+00	151.135.38.119	f	1	320	18	\N	840	f	t	f
258	2025-12-13 16:55:45.556664+00	1	P	t	2025-12-13 16:55:58.790079+00	149.140.214.104	f	1	316	18	\N	851	f	t	f
257	2025-12-13 16:53:04.48281+00	1	P	t	2025-12-13 17:11:14.02478+00	2a02:ff0:332a:900f:2523:3784:fcf0:a8a8	f	1	313	18	\N	854	f	t	f
268	2025-12-14 11:11:59.434888+00	1	T	t	2025-12-14 11:11:59.480999+00	46.2.212.183	f	1	339	20	1	\N	f	f	f
259	2025-12-14 08:20:14.957667+00	1	P	t	2025-12-14 08:22:13.054687+00	2a02:ff0:332a:900f:e135:1ddf:863e:47f4	f	1	329	19	\N	854	f	t	f
260	2025-12-14 08:22:23.269044+00	1	T	t	2025-12-14 08:22:23.310599+00	2a00:1d34:81d:6b01:7db6:72f2:42f2:5fd2	f	1	330	19	1	\N	f	f	f
262	2025-12-14 08:27:20.498933+00	1	T	t	2025-12-14 08:27:20.559203+00	2a02:ff0:332a:2593:70cb:4b81:4bea:e2a1	f	1	331	19	1	\N	f	f	f
261	2025-12-14 08:23:37.770403+00	1	P	t	2025-12-14 08:27:29.079419+00	2a00:1d34:703d:ea00:d14b:bb:35d0:e459	f	1	333	19	\N	859	f	t	f
263	2025-12-14 08:33:39.857913+00	1	T	t	2025-12-14 08:33:39.905215+00	46.2.212.183	f	1	328	19	1	\N	f	f	f
248	2025-12-13 16:29:29.806311+00	1	P	t	2025-12-13 16:36:13.995402+00	176.42.143.113	f	1	326	18	\N	847	f	t	f
241	2025-12-13 16:04:31.340874+00	1	P	t	2025-12-13 16:36:20.47901+00	2a02:ff0:331c:bded:45ed:eb6d:4fe9:377c	f	1	317	18	\N	868	f	t	f
269	2025-12-14 11:14:55.828187+00	1	T	t	2025-12-14 11:14:55.863313+00	2a02:ff0:332a:2593:7cd0:b205:c16a:9921	f	1	337	20	1	\N	f	f	f
251	2025-12-13 16:34:59.549852+00	1	P	t	2025-12-13 16:36:26.4801+00	95.70.130.217	f	1	311	18	\N	852	f	t	f
264	2025-12-14 08:36:00.16845+00	1	P	t	2025-12-14 08:36:32.978936+00	85.105.154.26	f	1	332	19	\N	841	f	t	f
245	2025-12-13 16:19:42.445484+00	1	P	t	2025-12-13 16:36:35.296518+00	193.140.194.250	f	1	309	18	\N	839	f	t	f
249	2025-12-13 16:31:15.874671+00	1	P	t	2025-12-13 16:36:44.441367+00	2a02:ff0:332a:900f:4020:131a:12a9:2a91	f	1	321	18	\N	836	f	t	f
247	2025-12-13 16:27:44.733036+00	1	P	t	2025-12-13 16:36:53.279834+00	159.146.43.104	f	1	327	18	\N	853	f	t	f
250	2025-12-13 16:31:34.800199+00	1	P	t	2025-12-13 16:36:59.83125+00	2a00:1d34:445:100:588d:c67e:9fc3:9d4a	f	1	322	18	\N	845	f	t	f
265	2025-12-14 08:36:49.113492+00	1	P	t	2025-12-14 08:37:17.100084+00	2a00:1d34:7c15:2900:3db8:6b56:2161:3921	f	1	335	19	\N	856	f	t	f
246	2025-12-13 16:27:43.703212+00	1	P	t	2025-12-13 16:37:06.663553+00	85.99.176.255	f	1	318	18	\N	843	f	t	f
244	2025-12-13 16:18:01.181008+00	1	P	t	2025-12-13 16:37:14.240472+00	2a00:1d34:7c15:2900:b570:cd1c:d12b:949b	f	1	323	18	\N	864	f	t	f
243	2025-12-13 16:07:39.300969+00	1	P	t	2025-12-13 16:37:21.964476+00	193.224.167.1	f	1	312	18	\N	858	f	t	f
240	2025-12-13 16:03:45.67092+00	1	P	t	2025-12-13 16:37:30.256837+00	45.83.33.178	f	1	325	18	\N	848	f	t	f
270	2025-12-14 11:20:13.329144+00	1	T	t	2025-12-14 11:20:13.379923+00	2a00:1d34:81d:6b01:5402:c0b1:1ceb:5ffc	f	1	336	20	1	\N	f	f	f
242	2025-12-13 16:05:33.478406+00	1	P	t	2025-12-13 16:37:37.381693+00	46.104.41.63	f	1	324	18	\N	863	f	t	f
271	2025-12-14 13:31:25.039131+00	1	T	t	2025-12-14 13:31:25.085424+00	2a02:ff0:332a:2593:7cd0:b205:c16a:9921	f	1	340	21	1	\N	f	f	f
272	2025-12-14 13:39:37.17985+00	1	T	t	2025-12-14 13:39:37.220432+00	2a02:ff0:332a:2593:7cd0:b205:c16a:9921	f	1	341	21	1	\N	f	f	f
273	2025-12-21 08:17:52.78562+00	1	P	t	2025-12-21 08:25:56.429518+00	85.99.183.254	f	1	351	22	\N	1289	f	t	f
277	2025-12-21 08:27:42.021159+00	1	P	t	2025-12-21 08:28:01.130345+00	2a02:ff0:331c:bded:8841:b526:8dfe:dde2	f	1	373	22	\N	1279	f	t	f
274	2025-12-21 08:19:37.298099+00	1	P	t	2025-12-21 08:26:04.646988+00	37.155.255.11	f	1	348	22	\N	1295	f	t	f
275	2025-12-21 08:25:10.830941+00	1	P	t	2025-12-21 08:26:14.601052+00	31.223.1.65	f	1	355	22	\N	1288	f	t	f
278	2025-12-21 08:27:52.90622+00	1	T	t	2025-12-21 08:27:53.00503+00	78.174.222.159	f	1	371	22	1	\N	f	f	f
279	2025-12-21 08:27:53.832162+00	1	P	t	2025-12-21 08:28:09.800339+00	151.135.0.34	f	1	362	22	\N	1282	f	t	f
276	2025-12-21 08:27:30.26957+00	1	P	t	2025-12-21 08:28:19.758516+00	178.240.217.123	f	1	375	22	\N	1271	f	t	f
286	2025-12-21 08:35:29.523183+00	1	P	t	2025-12-21 08:39:25.093042+00	176.216.46.99	f	1	365	22	\N	1261	f	t	f
288	2025-12-21 08:36:17.444601+00	1	P	t	2025-12-21 08:37:39.955943+00	2a00:1880:a44f:10bc:4971:be33:71f6:745d	f	1	376	22	\N	1273	f	t	f
282	2025-12-21 08:34:18.311+00	1	P	t	2025-12-21 08:38:04.342723+00	178.243.223.89	f	1	349	22	\N	1280	f	t	f
280	2025-12-21 08:31:24.162579+00	1	P	t	2025-12-21 08:37:50.339818+00	151.250.235.63	f	1	350	22	\N	1268	f	t	f
284	2025-12-21 08:35:02.66744+00	1	P	t	2025-12-21 08:38:33.189743+00	2a00:1d34:81d:6b01:19d0:ef9e:51df:d375	f	1	374	22	\N	1274	f	t	f
293	2025-12-21 08:37:49.580475+00	1	P	t	2025-12-21 08:37:57.646522+00	195.174.127.199	f	1	381	22	\N	1260	f	t	f
283	2025-12-21 08:34:55.479121+00	1	P	t	2025-12-21 08:38:10.385471+00	88.255.99.17	f	1	343	22	\N	1272	f	t	f
291	2025-12-21 08:37:22.235877+00	1	P	t	2025-12-21 08:39:02.77179+00	2a00:1d34:7c53:101:34e5:b54f:f0ed:9613	f	1	359	22	\N	1287	f	t	f
289	2025-12-21 08:36:22.870228+00	1	P	t	2025-12-21 08:38:17.947073+00	185.204.72.128	f	1	360	22	\N	1285	f	t	f
294	2025-12-21 08:38:22.967583+00	1	P	t	2025-12-21 08:38:39.721199+00	2a00:1d34:47f:8b00:9bd:6c99:6bea:eba	f	1	344	22	\N	1277	f	t	f
287	2025-12-21 08:35:55.691237+00	1	P	t	2025-12-21 08:38:25.417946+00	2a00:1d34:7c15:2900:213e:b02d:e9b7:4959	f	1	367	22	\N	1294	f	t	f
281	2025-12-21 08:32:47.432507+00	1	P	t	2025-12-21 08:38:48.79377+00	159.146.41.135	f	1	369	22	\N	1290	f	t	f
292	2025-12-21 08:37:27.261531+00	1	P	t	2025-12-21 08:39:09.772284+00	88.254.7.124	f	1	363	22	\N	1298	f	t	f
290	2025-12-21 08:36:25.657371+00	1	P	t	2025-12-21 08:38:55.970003+00	95.5.107.113	f	1	366	22	\N	1296	f	t	f
285	2025-12-21 08:35:20.801107+00	1	P	t	2025-12-21 08:39:17.327984+00	45.83.33.178	f	1	372	22	\N	1284	f	t	f
297	2025-12-21 08:40:32.438844+00	1	T	t	2025-12-21 08:41:06.463015+00	2a00:1d34:81d:6b01:6497:3370:c36e:ee15	f	1	357	22	1	\N	f	f	f
296	2025-12-21 08:40:17.442634+00	1	P	t	2025-12-21 08:40:44.457877+00	2a02:ff0:332a:10ed:54ad:4853:949e:f5ba	f	1	346	22	\N	1259	f	t	f
295	2025-12-21 08:39:53.304906+00	1	P	t	2025-12-21 08:40:52.027622+00	2a00:1d34:81d:2000:78ea:c4e8:9db9:15e7	f	1	347	22	\N	1263	f	t	f
298	2025-12-21 08:44:20.054177+00	1	P	t	2025-12-21 08:46:27.442274+00	89.43.30.142	f	1	368	22	\N	1293	f	t	f
301	2025-12-21 08:45:37.431163+00	1	P	t	2025-12-21 08:46:36.18015+00	176.88.90.37	f	1	356	22	\N	1278	f	t	f
299	2025-12-21 08:44:20.643297+00	1	P	t	2025-12-21 08:46:43.674569+00	151.135.194.82	f	1	342	22	\N	1256	f	t	f
300	2025-12-21 08:44:20.92553+00	1	P	f	2025-12-21 08:47:09.939233+00	178.233.46.48	t	1	378	22	\N	1270	f	t	f
302	2025-12-21 08:46:08.517079+00	2	P	f	\N	178.233.46.48	t	\N	378	22	\N	1270	f	t	f
303	2025-12-21 08:47:17.093643+00	3	P	t	2025-12-21 08:49:44.705646+00	178.233.46.48	f	1	378	22	\N	1270	f	t	f
304	2025-12-21 08:48:05.925724+00	1	P	t	2025-12-21 08:49:52.071921+00	5.24.61.187	f	1	380	22	\N	1262	f	t	f
305	2025-12-21 08:49:34.770138+00	1	P	t	2025-12-21 08:49:59.291933+00	2a02:ff0:23e:e081:f5c2:7939:db3d:7ae	f	1	377	22	\N	1266	f	t	f
370	2025-12-21 13:22:47.432867+00	1	T	t	2025-12-21 13:22:47.500424+00	78.174.222.159	f	1	451	24	1	\N	f	f	f
307	2025-12-21 08:52:42.035976+00	1	P	t	2025-12-21 08:52:57.10464+00	94.54.18.170	f	1	354	22	\N	1264	f	t	f
310	2025-12-21 08:55:23.935254+00	1	P	t	2025-12-21 08:57:00.662075+00	46.104.49.239	f	1	370	22	\N	1281	f	t	f
308	2025-12-21 08:52:45.59671+00	1	P	t	2025-12-21 08:53:08.019132+00	176.88.79.191	f	1	358	22	\N	1258	f	t	f
312	2025-12-21 08:56:24.655052+00	1	P	t	2025-12-21 08:57:08.282735+00	212.156.214.12	f	1	364	22	\N	1297	f	t	f
331	2025-12-21 10:35:30.367699+00	1	P	t	2025-12-21 10:38:20.202416+00	95.5.107.113	f	1	397	23	\N	1296	f	t	f
311	2025-12-21 08:56:07.891956+00	1	P	t	2025-12-21 08:57:17.148554+00	46.104.1.64	f	1	353	22	\N	1269	f	t	f
313	2025-12-21 09:00:22.209026+00	1	P	t	2025-12-21 09:02:58.132167+00	178.247.157.132	f	1	352	22	\N	1267	f	t	f
314	2025-12-21 09:04:53.734749+00	1	T	f	2025-12-21 09:04:53.807783+00	78.174.222.159	f	1	361	22	1	\N	f	f	f
315	2025-12-21 09:04:56.041801+00	2	T	t	2025-12-21 09:04:56.137919+00	46.2.216.195	f	1	361	22	1	\N	f	f	f
372	2025-12-21 13:23:07.591548+00	1	P	t	2025-12-21 13:26:50.269959+00	159.146.41.135	f	1	448	24	\N	1290	f	t	f
374	2025-12-21 13:25:54.911084+00	1	P	t	2025-12-21 13:26:42.083072+00	89.43.30.142	f	1	455	24	\N	1293	f	t	f
318	2025-12-21 10:13:38.734442+00	1	P	t	2025-12-21 10:13:53.516035+00	31.223.1.65	f	1	394	23	\N	1288	f	t	f
317	2025-12-21 10:13:14.257045+00	1	P	t	2025-12-21 10:14:02.017367+00	2a00:1880:a44f:10bc:4971:be33:71f6:745d	f	1	387	23	\N	1273	f	t	f
328	2025-12-21 10:33:50.479093+00	1	P	t	2025-12-21 10:38:29.604456+00	46.104.1.64	f	1	409	23	\N	1269	f	t	f
316	2025-12-21 10:10:10.597395+00	1	P	t	2025-12-21 10:14:12.508145+00	2a00:1d34:7c6c:2c01:9982:cd30:ce6:1d6c	f	1	417	23	\N	1302	f	t	f
373	2025-12-21 13:23:24.681693+00	1	P	t	2025-12-21 13:27:00.087565+00	45.83.33.178	f	1	434	24	\N	1284	f	t	f
377	2025-12-21 13:26:50.541588+00	1	P	t	2025-12-21 13:27:08.90088+00	151.250.235.63	f	1	453	24	\N	1268	f	t	f
376	2025-12-21 13:26:40.192762+00	1	P	t	2025-12-21 13:27:18.851148+00	37.154.169.147	f	1	441	24	\N	1289	f	t	f
371	2025-12-21 13:22:52.990312+00	1	P	t	2025-12-21 13:27:24.570845+00	151.135.194.82	f	1	445	24	\N	1256	f	t	f
321	2025-12-21 10:22:27.058111+00	1	P	t	2025-12-21 10:22:35.175938+00	159.146.41.135	f	1	414	23	\N	1290	f	t	f
333	2025-12-21 10:38:21.176024+00	1	P	t	2025-12-21 10:38:39.058658+00	85.99.183.254	f	1	386	23	\N	1289	f	t	f
320	2025-12-21 10:21:50.116848+00	1	P	t	2025-12-21 10:22:42.889692+00	176.88.90.37	f	1	416	23	\N	1278	f	t	f
369	2025-12-21 13:22:44.941834+00	1	P	t	2025-12-21 13:27:32.911485+00	2a02:ff0:332a:10ed:54ad:4853:949e:f5ba	f	1	428	24	\N	1259	f	t	f
319	2025-12-21 10:16:57.037611+00	1	P	t	2025-12-21 10:22:55.367174+00	178.237.50.71	f	1	385	23	\N	1282	f	t	f
378	2025-12-21 13:27:31.985985+00	1	P	t	2025-12-21 13:27:40.237624+00	176.88.79.191	f	1	456	24	\N	1258	f	t	f
375	2025-12-21 13:25:58.465887+00	1	P	t	2025-12-21 13:27:47.150023+00	2a00:1d34:7c53:101:49c9:17a3:bf15:ec4e	f	1	438	24	\N	1287	f	t	f
329	2025-12-21 10:34:03.897873+00	1	P	t	2025-12-21 10:38:46.911175+00	89.43.30.142	f	1	402	23	\N	1293	f	t	f
323	2025-12-21 10:24:26.03079+00	1	P	t	2025-12-21 10:25:37.113344+00	94.54.18.170	f	1	412	23	\N	1264	f	t	f
348	2025-12-21 10:49:20.762499+00	1	T	t	2025-12-21 10:49:20.855177+00	78.174.222.159	f	1	396	23	1	\N	f	f	f
322	2025-12-21 10:23:51.267824+00	1	P	t	2025-12-21 10:25:44.018454+00	176.216.46.99	f	1	405	23	\N	1261	f	t	f
379	2025-12-21 13:28:12.836764+00	1	T	t	2025-12-21 13:28:12.903273+00	2a00:1d34:81d:6b01:c54c:eb1f:3b0:150d	f	1	433	24	1	\N	f	f	f
380	2025-12-21 13:28:13.870269+00	1	P	t	2025-12-21 13:28:25.74924+00	176.88.90.37	f	1	436	24	\N	1278	f	t	f
381	2025-12-21 13:29:16.520328+00	1	T	f	2025-12-21 13:29:16.594539+00	46.104.49.239	f	1	454	24	1	\N	f	f	f
383	2025-12-21 13:32:20.340578+00	1	P	t	2025-12-21 13:32:29.335974+00	178.247.157.132	f	1	450	24	\N	1267	f	t	f
332	2025-12-21 10:38:05.767393+00	1	P	t	2025-12-21 10:38:54.038728+00	151.250.235.63	f	1	413	23	\N	1268	f	t	f
324	2025-12-21 10:29:51.421428+00	1	P	t	2025-12-21 10:37:28.147935+00	178.233.46.48	f	1	407	23	\N	1270	f	t	f
326	2025-12-21 10:32:35.786777+00	1	P	t	2025-12-21 10:37:45.4153+00	176.88.79.191	f	1	419	23	\N	1258	f	t	f
330	2025-12-21 10:35:03.983476+00	1	P	t	2025-12-21 10:37:55.415268+00	185.204.72.128	f	1	398	23	\N	1285	f	t	f
327	2025-12-21 10:33:35.710955+00	1	P	t	2025-12-21 10:38:04.963749+00	151.135.194.82	f	1	399	23	\N	1256	f	t	f
325	2025-12-21 10:32:01.954941+00	1	P	t	2025-12-21 10:38:12.002784+00	2a02:ff0:332a:10ed:54ad:4853:949e:f5ba	f	1	391	23	\N	1259	f	t	f
337	2025-12-21 10:42:28.836764+00	1	P	t	2025-12-21 10:42:43.442718+00	88.255.99.26	f	1	418	23	\N	1272	f	t	f
334	2025-12-21 10:38:57.931661+00	1	P	t	2025-12-21 10:42:51.491162+00	178.243.223.89	f	1	420	23	\N	1280	f	t	f
349	2025-12-21 10:49:33.717076+00	1	T	t	2025-12-21 10:49:33.807537+00	2a00:1d34:81d:6b01:6497:3370:c36e:ee15	f	1	392	23	1	\N	f	f	f
335	2025-12-21 10:40:22.524838+00	1	P	t	2025-12-21 10:42:57.938132+00	2a00:1d34:81d:2000:5164:6f2:6a8f:e13c	f	1	415	23	\N	1263	f	t	f
336	2025-12-21 10:42:19.380002+00	1	P	t	2025-12-21 10:43:09.93885+00	176.227.55.53	f	1	388	23	\N	1277	f	t	f
338	2025-12-21 10:43:25.364066+00	1	P	t	2025-12-21 10:43:34.442903+00	212.156.214.12	f	1	393	23	\N	1271	f	t	f
340	2025-12-21 10:44:06.318285+00	1	T	t	2025-12-21 10:44:06.39717+00	46.104.49.239	f	1	403	23	1	\N	f	f	f
339	2025-12-21 10:43:34.460582+00	1	P	t	2025-12-21 10:44:16.529218+00	2a02:ff0:331c:bded:8841:b526:8dfe:dde2	f	1	389	23	\N	1279	f	t	f
344	2025-12-21 10:46:25.17676+00	1	T	t	2025-12-21 10:46:25.253064+00	46.104.49.239	f	1	411	23	1	\N	f	f	f
341	2025-12-21 10:44:48.529298+00	1	P	t	2025-12-21 10:50:28.342336+00	195.174.127.199	f	1	395	23	\N	1260	f	t	f
342	2025-12-21 10:45:08.895604+00	1	P	t	2025-12-21 10:50:36.976794+00	37.155.255.11	f	1	382	23	\N	1295	f	t	f
355	2025-12-21 11:12:39.75565+00	1	P	t	2025-12-21 11:16:54.986619+00	176.42.143.113	f	1	383	23	\N	1283	f	t	f
345	2025-12-21 10:47:21.794112+00	1	P	t	2025-12-21 10:50:44.614723+00	178.247.157.132	f	1	410	23	\N	1267	f	t	f
351	2025-12-21 10:50:44.736196+00	1	T	t	2025-12-21 10:50:44.823062+00	2a00:1d34:81d:6b01:6497:3370:c36e:ee15	f	1	384	23	1	\N	f	f	f
347	2025-12-21 10:48:23.581657+00	1	T	f	2025-12-21 10:48:23.667664+00	46.104.49.239	f	1	408	23	1	\N	f	f	f
346	2025-12-21 10:47:35.883943+00	1	P	t	2025-12-21 10:50:52.146791+00	2a02:ff0:23e:e081:f5c2:7939:db3d:7ae	f	1	401	23	\N	1266	f	t	f
364	2025-12-21 13:07:22.57467+00	2	T	t	2025-12-21 13:07:22.643136+00	46.104.49.239	f	1	432	24	1	\N	f	f	f
343	2025-12-21 10:45:10.386429+00	1	P	t	2025-12-21 10:50:59.31709+00	2a00:1d34:7c15:2900:213e:b02d:e9b7:4959	f	1	390	23	\N	1294	f	t	f
352	2025-12-21 10:55:17.046724+00	1	T	t	2025-12-21 10:55:17.128118+00	46.104.49.239	f	1	404	23	1	\N	f	f	f
354	2025-12-21 10:58:57.342727+00	2	P	t	2025-12-21 11:17:05.610529+00	176.54.117.56	f	1	408	23	\N	1262	f	t	f
362	2025-12-21 13:02:39.303498+00	1	P	t	2025-12-21 13:05:08.312715+00	94.54.18.170	f	1	437	24	\N	1264	f	t	f
353	2025-12-21 10:57:21.537147+00	1	P	t	2025-12-21 11:17:14.123686+00	78.187.86.75	f	1	406	23	\N	1257	f	t	f
350	2025-12-21 10:50:18.880975+00	1	T	f	2025-12-21 10:50:18.960356+00	46.104.49.239	f	1	400	23	1	\N	f	f	f
358	2025-12-21 12:53:59.822353+00	1	P	t	2025-12-21 13:05:22.976283+00	178.237.50.71	f	1	444	24	\N	1282	f	t	f
356	2025-12-21 11:13:13.200781+00	2	P	t	2025-12-21 11:17:22.217942+00	212.156.214.12	f	1	400	23	\N	1297	f	t	f
359	2025-12-21 12:56:58.657398+00	1	P	t	2025-12-21 13:05:31.634222+00	5.46.14.142	f	1	446	24	\N	1257	f	t	f
365	2025-12-21 13:09:28.362777+00	1	T	t	2025-12-21 13:09:28.433065+00	46.104.49.239	f	1	440	24	1	\N	f	f	f
361	2025-12-21 12:59:17.154414+00	1	P	t	2025-12-21 13:05:39.804002+00	37.155.255.11	f	1	426	24	\N	1295	f	t	f
357	2025-12-21 12:53:54.623625+00	1	P	t	2025-12-21 13:05:47.819568+00	176.216.46.99	f	1	449	24	\N	1261	f	t	f
360	2025-12-21 12:58:07.690457+00	1	P	t	2025-12-21 13:05:56.68059+00	95.5.107.113	f	1	452	24	\N	1296	f	t	f
363	2025-12-21 13:05:59.374809+00	1	P	f	\N	178.233.46.48	f	\N	432	24	\N	1270	f	t	f
366	2025-12-21 13:11:00.610718+00	1	P	t	2025-12-21 13:19:15.3698+00	88.239.65.10	f	1	430	24	\N	1280	f	t	f
367	2025-12-21 13:14:44.964346+00	1	P	t	2025-12-21 13:19:32.244282+00	88.255.99.23	f	1	443	24	\N	1262	f	t	f
368	2025-12-21 13:18:26.358737+00	1	P	t	2025-12-21 13:19:23.309066+00	185.204.72.128	f	1	447	24	\N	1285	f	t	f
415	2025-12-21 15:48:39.770746+00	1	P	t	2025-12-21 16:25:05.61299+00	159.146.41.135	f	1	466	25	\N	1290	f	t	f
385	2025-12-21 13:32:21.502704+00	1	T	t	2025-12-21 13:32:21.571161+00	46.104.49.239	f	1	429	24	1	\N	f	f	f
384	2025-12-21 13:32:20.842052+00	1	P	t	2025-12-21 13:32:37.920283+00	2a00:1d34:81d:2000:5164:6f2:6a8f:e13c	f	1	431	24	\N	1263	f	t	f
382	2025-12-21 13:31:44.082966+00	1	P	t	2025-12-21 13:32:47.354738+00	195.174.127.199	f	1	424	24	\N	1260	f	t	f
431	2025-12-22 15:24:42.39168+00	1	T	t	2025-12-22 15:24:42.451864+00	159.20.69.19	f	1	491	26	1	\N	f	f	f
386	2025-12-21 13:33:55.775374+00	1	T	t	2025-12-21 13:33:55.861183+00	46.104.49.239	f	1	442	24	1	\N	f	f	f
439	2025-12-22 17:44:42.502665+00	1	T	t	2025-12-22 17:44:42.536123+00	46.104.54.170	f	1	499	27	1	\N	f	f	f
387	2025-12-21 13:34:08.871748+00	1	P	t	2025-12-21 13:34:20.484759+00	2a00:1d34:7c15:2900:213e:b02d:e9b7:4959	f	1	427	24	\N	1294	f	t	f
435	2025-12-22 15:34:09.347409+00	1	T	t	2025-12-22 15:34:28.435962+00	37.154.226.185	f	1	496	26	1	\N	f	f	f
433	2025-12-22 15:29:08.557777+00	1	P	t	2025-12-22 15:30:38.034059+00	159.146.41.135	f	1	494	26	\N	1290	f	t	f
388	2025-12-21 13:34:25.630205+00	1	P	f	2025-12-21 13:36:08.485853+00	212.156.214.12	f	1	425	24	\N	1271	f	t	f
432	2025-12-22 15:25:07.437817+00	1	T	t	2025-12-22 15:30:51.801732+00	46.2.216.195	f	1	498	26	1	\N	f	f	f
389	2025-12-21 13:35:31.499516+00	2	T	t	2025-12-21 13:36:19.460329+00	46.104.49.239	f	1	425	24	1	\N	f	f	f
430	2025-12-22 15:24:42.279825+00	1	T	t	2025-12-22 15:30:59.556449+00	85.99.176.255	f	1	492	26	1	\N	f	f	f
390	2025-12-21 13:36:53.09476+00	2	P	t	2025-12-21 13:37:12.547207+00	212.156.214.12	f	1	454	24	\N	1297	f	t	f
434	2025-12-22 15:33:09.704353+00	1	P	t	2025-12-22 15:33:24.586036+00	2a00:1d34:7c15:2900:80eb:3254:1f4d:e477	f	1	493	26	\N	1294	f	t	f
391	2025-12-21 13:36:55.198446+00	1	P	t	2025-12-21 13:37:19.55453+00	85.99.176.255	f	1	435	24	\N	1288	f	t	f
392	2025-12-21 13:39:39.029985+00	1	P	t	2025-12-21 13:40:16.032679+00	2a00:1d34:7c6c:2c01:9982:cd30:ce6:1d6c	f	1	439	24	\N	1302	f	t	f
393	2025-12-21 13:40:41.857003+00	1	P	t	2025-12-21 13:40:53.616048+00	2a00:1d34:47f:8b00:6837:7cfc:e27b:268b	f	1	421	24	\N	1277	f	t	f
436	2025-12-22 15:35:50.951311+00	1	T	f	2025-12-22 15:37:18.382858+00	159.20.69.19	f	1	497	26	1	\N	f	f	f
443	2025-12-23 18:29:07.566505+00	1	T	t	2025-12-23 18:29:07.616994+00	2a02:ff0:332a:2593:50e8:120a:3759:838e	f	1	503	28	1	\N	f	f	f
437	2025-12-22 15:36:49.008819+00	2	P	t	2025-12-22 15:37:27.033511+00	88.255.99.26	f	1	497	26	\N	1272	f	t	f
394	2025-12-21 13:43:30.318427+00	1	T	t	2025-12-21 13:44:31.720894+00	2a00:1d34:81d:6b01:c54c:eb1f:3b0:150d	f	1	457	24	1	\N	f	f	f
438	2025-12-22 15:50:59.567308+00	1	T	t	2025-12-22 15:50:59.611484+00	159.20.69.19	f	1	495	26	1	\N	f	f	f
395	2025-12-21 13:47:22.028303+00	1	P	t	2025-12-21 13:54:59.578877+00	2a02:ff0:23e:e081:f5c2:7939:db3d:7ae	f	1	422	24	\N	1266	f	t	f
440	2025-12-22 17:58:21.845553+00	1	P	t	2025-12-22 17:59:09.662944+00	95.70.250.118	f	1	500	27	\N	1266	f	t	f
396	2025-12-21 13:51:17.48005+00	1	P	t	2025-12-21 13:55:06.196698+00	176.42.143.113	f	1	423	24	\N	1283	f	t	f
397	2025-12-21 15:06:40.836397+00	1	T	t	2025-12-21 15:06:40.917081+00	78.174.222.159	f	1	461	25	1	\N	f	f	f
441	2025-12-22 18:06:14.945304+00	1	T	t	2025-12-22 18:06:14.98545+00	46.104.54.170	f	1	502	27	1	\N	f	f	f
442	2025-12-22 18:22:02.929114+00	1	P	t	2025-12-22 18:22:19.45366+00	2a00:1d34:7c15:2900:80eb:3254:1f4d:e477	f	1	501	27	\N	1294	f	t	f
444	2025-12-23 18:58:04.828928+00	1	T	t	2025-12-23 18:58:04.880967+00	2a02:ff0:332a:2593:50e8:120a:3759:838e	f	1	504	28	1	\N	f	f	f
408	2025-12-21 15:35:11.019879+00	1	P	t	2025-12-21 16:06:00.429544+00	2a02:ff0:332a:10ed:54ad:4853:949e:f5ba	f	1	462	25	\N	1259	f	t	f
399	2025-12-21 15:09:46.708398+00	1	P	t	2025-12-21 15:57:12.545016+00	2a02:ff0:331c:bded:8841:b526:8dfe:dde2	f	1	476	25	\N	1279	f	t	f
400	2025-12-21 15:24:13.883447+00	1	P	t	2025-12-21 15:57:20.123864+00	78.187.86.75	f	1	477	25	\N	1257	f	t	f
410	2025-12-21 15:38:11.504272+00	1	P	t	2025-12-21 16:06:09.431095+00	89.43.30.142	f	1	474	25	\N	1293	f	t	f
413	2025-12-21 15:47:25.296167+00	1	P	t	2025-12-21 15:57:29.361069+00	95.5.107.113	f	1	487	25	\N	1296	f	t	f
420	2025-12-21 15:57:33.608774+00	1	T	t	2025-12-21 15:57:33.678503+00	46.104.49.239	f	1	463	25	1	\N	f	f	f
423	2025-12-21 16:06:59.982839+00	1	P	t	2025-12-21 16:08:54.839661+00	37.154.169.147	f	1	490	25	\N	1289	f	t	f
411	2025-12-21 15:41:13.647138+00	1	P	t	2025-12-21 16:06:17.600647+00	151.250.235.63	f	1	470	25	\N	1268	f	t	f
407	2025-12-21 15:34:38.583686+00	1	P	t	2025-12-21 15:57:46.12718+00	178.233.46.48	f	1	482	25	\N	1270	f	t	f
401	2025-12-21 15:28:28.459906+00	1	P	t	2025-12-21 16:04:57.696396+00	37.155.255.11	f	1	478	25	\N	1295	f	t	f
402	2025-12-21 15:29:51.45093+00	1	P	t	2025-12-21 16:06:27.324369+00	94.54.18.170	f	1	480	25	\N	1264	f	t	f
417	2025-12-21 15:52:49.736552+00	1	P	t	2025-12-21 16:05:26.10753+00	195.174.127.199	f	1	479	25	\N	1260	f	t	f
404	2025-12-21 15:33:04.997334+00	1	P	t	2025-12-21 16:06:34.527253+00	176.88.79.191	f	1	464	25	\N	1258	f	t	f
421	2025-12-21 16:02:35.496342+00	1	P	t	2025-12-21 16:05:35.268254+00	2a02:ff0:23e:e081:f5c2:7939:db3d:7ae	f	1	484	25	\N	1266	f	t	f
418	2025-12-21 15:53:55.917374+00	1	P	t	2025-12-21 16:05:43.64685+00	88.255.99.26	f	1	483	25	\N	1272	f	t	f
416	2025-12-21 15:48:56.471733+00	1	P	t	2025-12-21 16:05:52.467617+00	88.254.6.246	f	1	473	25	\N	1287	f	t	f
422	2025-12-21 16:04:44.409358+00	1	P	t	2025-12-21 16:09:07.923227+00	2a00:1d34:7c15:2900:213e:b02d:e9b7:4959	f	1	460	25	\N	1294	f	t	f
414	2025-12-21 15:48:28.021305+00	1	P	t	2025-12-21 16:06:49.765892+00	178.243.223.89	f	1	468	25	\N	1280	f	t	f
424	2025-12-21 16:08:19.107135+00	1	P	t	2025-12-21 16:09:14.490723+00	176.88.90.37	f	1	486	25	\N	1278	f	t	f
405	2025-12-21 15:33:39.292384+00	1	P	t	2025-12-21 16:07:30.625303+00	178.237.50.71	f	1	469	25	\N	1282	f	t	f
398	2025-12-21 15:08:22.255189+00	1	P	t	2025-12-21 16:07:40.088536+00	45.83.33.178	f	1	465	25	\N	1284	f	t	f
406	2025-12-21 15:34:05.497304+00	1	P	t	2025-12-21 16:07:58.008101+00	2a00:1d34:81d:2000:457e:b92e:ccf9:d33a	f	1	471	25	\N	1263	f	t	f
426	2025-12-21 16:10:45.981555+00	1	T	t	2025-12-21 16:10:46.052824+00	46.104.49.239	f	1	489	25	1	\N	f	f	f
403	2025-12-21 15:32:43.41171+00	1	P	t	2025-12-21 16:08:12.792951+00	46.104.1.64	f	1	459	25	\N	1269	f	t	f
419	2025-12-21 15:56:01.383371+00	1	P	t	2025-12-21 16:08:21.253826+00	85.99.176.255	f	1	488	25	\N	1288	f	t	f
409	2025-12-21 15:37:05.995244+00	1	P	t	2025-12-21 16:08:29.311147+00	176.227.113.77	f	1	458	25	\N	1271	f	t	f
427	2025-12-21 16:14:34.20636+00	1	T	t	2025-12-21 16:14:34.284224+00	2a00:1d34:81d:6b01:c54c:eb1f:3b0:150d	f	1	475	25	1	\N	f	f	f
412	2025-12-21 15:45:03.950696+00	1	P	t	2025-12-21 16:08:38.557146+00	151.135.194.82	f	1	472	25	\N	1256	f	t	f
425	2025-12-21 16:08:29.555753+00	1	P	t	2025-12-21 16:08:46.199398+00	2a00:1d34:47f:8b00:f156:186f:ad8d:8a7e	f	1	467	25	\N	1277	f	t	f
428	2025-12-21 16:15:55.627671+00	1	P	t	2025-12-21 16:18:05.087658+00	176.42.143.113	f	1	485	25	\N	1283	f	t	f
429	2025-12-21 16:17:32.59508+00	1	P	t	2025-12-21 16:18:17.392543+00	185.204.72.128	f	1	481	25	\N	1285	f	t	f
\.


--
-- Data for Name: results_scorecriterion; Type: TABLE DATA; Schema: public; Owner: tabbycat
--

COPY public.results_scorecriterion (id, name, seq, weight, min_score, max_score, step, required, tournament_id) FROM stdin;
\.


--
-- Data for Name: results_speakercriterionscore; Type: TABLE DATA; Schema: public; Owner: tabbycat
--

COPY public.results_speakercriterionscore (id, score, criterion_id, speaker_score_id) FROM stdin;
\.


--
-- Data for Name: results_speakercriterionscorebyadj; Type: TABLE DATA; Schema: public; Owner: tabbycat
--

COPY public.results_speakercriterionscorebyadj (id, score, criterion_id, speaker_score_by_adj_id) FROM stdin;
\.


--
-- Data for Name: results_speakerscore; Type: TABLE DATA; Schema: public; Owner: tabbycat
--

COPY public.results_speakerscore (id, score, "position", ghost, ballot_submission_id, debate_team_id, speaker_id, rank) FROM stdin;
1	69	1	f	1	9	62	\N
2	69	2	f	1	9	63	\N
3	71	1	f	1	10	54	\N
4	71	2	f	1	10	55	\N
5	70	1	f	1	11	52	\N
6	70	2	f	1	11	53	\N
9	72	1	f	2	5	44	\N
10	72	2	f	2	5	45	\N
11	71	1	f	2	6	20	\N
12	71	2	f	2	6	21	\N
13	69	1	f	2	7	8	\N
14	70	2	f	2	7	9	\N
2769	71	1	f	373	1537	1215	\N
2770	70	2	f	373	1537	1214	\N
2771	71	1	f	373	1538	1222	\N
2772	69	2	f	373	1538	1223	\N
25	69	1	f	4	21	29	\N
26	69	2	f	4	21	28	\N
27	71	1	f	4	22	39	\N
28	71	2	f	4	22	38	\N
29	70	1	f	4	23	46	\N
30	70	2	f	4	23	47	\N
2773	68	1	f	373	1539	1167	\N
2774	70	2	f	373	1539	1166	\N
33	69	1	f	5	25	49	\N
34	70	2	f	5	25	48	\N
35	70	1	f	5	26	64	\N
36	71	2	f	5	26	65	\N
37	68	1	f	5	27	43	\N
38	69	2	f	5	27	42	\N
2775	68	1	f	373	1540	875	\N
2776	68	2	f	373	1540	874	\N
41	70	1	f	6	13	36	\N
42	70	2	f	6	13	37	\N
43	70	1	f	6	14	16	\N
44	71	2	f	6	14	17	\N
45	71	1	f	6	15	12	\N
46	71	2	f	6	15	13	\N
2793	74	1	f	376	1565	976	\N
2794	73	2	f	376	1565	977	\N
49	69	1	f	7	17	10	\N
50	69	2	f	7	17	11	\N
51	71	1	f	7	18	19	\N
52	70	2	f	7	18	18	\N
53	70	1	f	7	19	51	\N
54	70	2	f	7	19	50	\N
2795	70	1	f	376	1566	992	\N
2799	68	1	f	376	1568	1242	\N
2817	75	1	f	379	1533	961	\N
2818	74	2	f	379	1533	960	\N
2819	73	1	f	379	1534	1200	\N
2820	73	2	f	379	1534	1201	\N
2821	73	1	f	379	1535	1148	\N
2822	72	2	f	379	1535	1149	\N
2823	74	1	f	379	1536	962	\N
2824	73	2	f	379	1536	963	\N
81	73	1	f	11	45	65	\N
82	73	2	f	11	45	64	\N
83	75	1	f	11	46	34	\N
84	75	2	f	11	46	35	\N
85	74	1	f	11	47	15	\N
86	74	2	f	11	47	14	\N
65	71	1	f	9	29	30	\N
66	71	2	f	9	29	31	\N
67	69	1	f	9	30	8	\N
68	69	2	f	9	30	9	\N
69	70	1	f	9	31	37	\N
70	70	2	f	9	31	36	\N
57	72	1	f	8	49	52	\N
58	70	2	f	8	49	53	\N
59	70	1	f	8	50	48	\N
60	71	2	f	8	50	49	\N
61	70	1	f	8	51	29	\N
62	70	2	f	8	51	28	\N
2849	72	1	f	383	1601	1085	\N
2857	68	1	f	384	1525	988	\N
2858	68	2	f	384	1525	989	\N
2859	69	1	f	384	1526	1029	\N
2860	70	2	f	384	1526	1028	\N
2861	67	1	f	384	1527	1026	\N
89	72	1	f	12	33	19	\N
90	72	2	f	12	33	18	\N
91	74	1	f	12	34	12	\N
92	71	2	f	12	34	13	\N
93	72	1	f	12	35	39	\N
94	70	2	f	12	35	38	\N
2862	68	2	f	384	1527	1027	\N
2863	68	1	f	384	1528	1216	\N
2864	69	2	f	384	1528	1217	\N
2841	71	1	f	382	1497	948	\N
97	71	1	f	13	37	50	\N
98	71	2	f	13	37	51	\N
99	71	1	f	13	38	27	\N
100	72	2	f	13	38	26	\N
101	70	1	f	13	39	67	\N
102	70	2	f	13	39	66	\N
2842	71	2	f	382	1497	949	\N
2843	65	1	f	382	1498	1168	\N
2844	67	2	f	382	1498	1169	\N
2845	68	1	f	382	1499	1138	\N
105	72	1	f	14	41	57	\N
106	72	2	f	14	41	56	\N
107	74	1	f	14	42	23	\N
108	74	2	f	14	42	22	\N
109	71	1	f	14	43	24	\N
110	71	2	f	14	43	25	\N
2846	67	2	f	382	1499	1139	\N
2847	69	1	f	382	1500	936	\N
2848	69	2	f	382	1500	937	\N
114	71	2	f	15	81	67	\N
115	70	1	f	15	82	37	\N
116	70	2	f	15	82	36	\N
2882	72	2	f	387	1509	991	\N
2883	74	1	f	387	1510	1033	\N
2884	74	2	f	387	1510	1032	\N
137	71	1	f	18	73	46	\N
138	71	2	f	18	73	47	\N
139	70	1	f	18	74	62	\N
140	70	2	f	18	74	63	\N
141	69	1	f	18	75	10	\N
142	68	2	f	18	75	11	\N
121	71	1	f	16	65	32	\N
122	70	2	f	16	65	33	\N
123	71	1	f	16	66	24	\N
124	71	2	f	16	66	25	\N
125	70	1	f	16	67	40	\N
126	70	2	f	16	67	41	\N
2777	60	1	f	374	1621	1198	\N
2778	60	2	f	374	1621	1199	\N
113	72	1	f	15	81	66	\N
117	72	1	f	15	83	55	\N
118	70	2	f	15	83	54	\N
2779	63	1	f	374	1622	1019	\N
2780	63	2	f	374	1622	1018	\N
129	72	1	f	17	61	17	\N
130	72	2	f	17	61	16	\N
131	72	1	f	17	62	43	\N
132	73	2	f	17	62	42	\N
133	71	1	f	17	63	49	\N
134	71	2	f	17	63	48	\N
2781	66	1	f	374	1623	1182	\N
2782	66	2	f	374	1623	1183	\N
2783	63	1	f	374	1624	1054	\N
2784	62	2	f	374	1624	1055	\N
145	70	1	f	19	77	39	\N
146	70	2	f	19	77	38	\N
147	71	1	f	19	78	52	\N
148	70	2	f	19	78	53	\N
149	73	1	f	19	79	26	\N
150	70	2	f	19	79	27	\N
153	75	1	f	20	69	34	\N
154	74	2	f	20	69	35	\N
155	72	1	f	20	70	15	\N
156	73	2	f	20	70	14	\N
157	72	1	f	20	71	44	\N
158	72	2	f	20	71	45	\N
161	73	1	f	21	57	21	\N
162	73	2	f	21	57	20	\N
163	70	1	f	21	58	56	\N
164	70	2	f	21	58	57	\N
165	72	1	f	21	59	23	\N
166	72	2	f	21	59	22	\N
2809	69	1	f	378	1625	1059	\N
2810	69	2	f	378	1625	1058	\N
169	69	1	f	22	109	62	\N
170	69	2	f	22	109	63	\N
171	71	1	f	22	110	51	\N
172	71	2	f	22	110	50	\N
173	70	1	f	22	111	31	\N
174	70	2	f	22	111	30	\N
2811	68	1	f	378	1626	917	\N
2812	69	2	f	378	1626	916	\N
2813	68	1	f	378	1627	1135	\N
2814	67	2	f	378	1627	1134	\N
2815	68	1	f	378	1628	1132	\N
2816	68	2	f	378	1628	1133	\N
177	69	1	f	23	97	54	\N
178	70	2	f	23	97	55	\N
179	70	1	f	23	98	40	\N
180	71	2	f	23	98	41	\N
181	72	1	f	23	99	57	\N
182	73	2	f	23	99	56	\N
197	69	1	f	25	91	65	\N
198	69	2	f	25	91	64	\N
201	69	1	f	26	85	52	\N
202	69	2	f	26	85	53	\N
203	70	1	f	26	86	46	\N
204	70	2	f	26	86	47	\N
185	73	1	f	24	101	12	\N
186	70	2	f	24	101	13	\N
187	73	1	f	24	102	44	\N
188	72	2	f	24	102	45	\N
189	71	1	f	24	103	15	\N
190	71	2	f	24	103	14	\N
2825	70	1	f	380	1545	954	\N
2826	71	2	f	380	1545	955	\N
193	71	1	f	25	89	43	\N
194	71	2	f	25	89	42	\N
195	70	1	f	25	90	66	\N
196	70	2	f	25	90	67	\N
205	71	1	f	26	87	19	\N
206	71	2	f	26	87	18	\N
2827	70	1	f	380	1546	1066	\N
2828	69	2	f	380	1546	1067	\N
2829	68	1	f	380	1547	1073	\N
2830	67	2	f	380	1547	1072	\N
209	64	1	f	27	93	8	\N
210	64	2	f	27	93	9	\N
211	63	1	f	27	94	10	\N
212	64	2	f	27	94	11	\N
213	68	1	f	27	95	29	\N
214	65	2	f	27	95	28	\N
2831	68	1	f	380	1548	1299	\N
2832	68	2	f	380	1548	1300	\N
217	71	1	f	28	105	26	\N
218	71	2	f	28	105	27	\N
219	73	1	f	28	106	34	\N
220	73	2	f	28	106	35	\N
221	75	1	f	28	107	20	\N
222	75	2	f	28	107	21	\N
226	73	2	f	29	133	101	\N
227	71	1	f	29	134	79	\N
228	71	2	f	29	134	78	\N
229	70	1	f	29	135	73	\N
2850	71	2	f	383	1601	1084	\N
2851	72	1	f	383	1602	878	\N
2852	72	2	f	383	1602	879	\N
2853	73	1	f	383	1603	1016	\N
233	73	1	f	30	117	106	\N
234	73	2	f	30	117	107	\N
235	74	1	f	30	118	102	\N
236	75	2	f	30	118	103	\N
237	71	1	f	30	119	77	\N
238	72	2	f	30	119	76	\N
239	74	1	f	30	120	104	\N
240	74	2	f	30	120	105	\N
225	72	1	f	29	133	100	\N
230	70	2	f	29	135	72	\N
231	72	1	f	29	136	92	\N
232	72	2	f	29	136	93	\N
241	72	1	f	31	121	74	\N
242	73	2	f	31	121	75	\N
243	72	1	f	31	122	109	\N
244	74	2	f	31	122	108	\N
245	75	1	f	31	123	91	\N
246	74	2	f	31	123	90	\N
247	74	1	f	31	124	80	\N
248	73	2	f	31	124	81	\N
249	73	1	f	32	125	98	\N
250	73	2	f	32	125	99	\N
251	75	1	f	32	126	82	\N
252	75	2	f	32	126	83	\N
253	74	1	f	32	127	94	\N
254	74	2	f	32	127	95	\N
255	73	1	f	32	128	88	\N
256	72	2	f	32	128	89	\N
265	76	1	f	34	129	118	\N
266	76	2	f	34	129	119	\N
267	69	1	f	34	130	84	\N
268	69	2	f	34	130	85	\N
269	73	1	f	34	131	86	\N
270	74	2	f	34	131	87	\N
271	78	1	f	34	132	110	\N
272	78	2	f	34	132	111	\N
257	73	1	f	33	113	117	\N
258	76	2	f	33	113	116	\N
259	71	1	f	33	114	68	\N
260	71	2	f	33	114	69	\N
261	71	1	f	33	115	96	\N
262	70	2	f	33	115	97	\N
263	72	1	f	33	116	71	\N
264	73	2	f	33	116	70	\N
305	73	1	f	39	157	70	\N
306	72	2	f	39	157	71	\N
307	70	1	f	39	158	94	\N
308	71	2	f	39	158	95	\N
309	76	1	f	39	159	93	\N
310	74	2	f	39	159	92	\N
311	77	1	f	39	160	118	\N
312	77	2	f	39	160	119	\N
273	71	1	f	35	137	76	\N
274	71	2	f	35	137	77	\N
275	72	1	f	35	138	73	\N
276	72	2	f	35	138	72	\N
277	73	1	f	35	139	85	\N
278	73	2	f	35	139	84	\N
279	70	1	f	35	140	74	\N
280	69	2	f	35	140	75	\N
281	73	1	f	36	141	82	\N
282	73	2	f	36	141	83	\N
283	72	1	f	36	142	100	\N
284	72	2	f	36	142	101	\N
285	75	1	f	36	143	80	\N
286	75	2	f	36	143	81	\N
287	75	1	f	36	144	90	\N
288	74	2	f	36	144	91	\N
289	73	1	f	37	153	69	\N
290	72	2	f	37	153	68	\N
291	72	1	f	37	154	89	\N
292	72	2	f	37	154	88	\N
293	71	1	f	37	155	99	\N
294	71	2	f	37	155	98	\N
295	70	1	f	37	156	109	\N
296	70	2	f	37	156	108	\N
297	72	1	f	38	145	86	\N
298	73	2	f	38	145	87	\N
299	71	1	f	38	146	96	\N
300	69	2	f	38	146	97	\N
301	69	1	f	38	147	107	\N
302	69	2	f	38	147	106	\N
303	68	1	f	38	148	78	\N
304	68	2	f	38	148	79	\N
313	75	1	f	40	149	105	\N
314	73	2	f	40	149	104	\N
315	77	1	f	40	150	111	\N
316	79	2	f	40	150	110	\N
317	79	1	f	40	151	116	\N
318	75	2	f	40	151	117	\N
319	75	1	f	40	152	103	\N
320	74	2	f	40	152	102	\N
322	71	2	f	41	181	109	\N
323	66	1	f	41	182	74	\N
324	63	2	f	41	182	75	\N
326	65	2	f	41	183	79	\N
327	66	1	f	41	184	77	\N
328	68	2	f	41	184	76	\N
337	72	1	f	43	173	97	\N
338	73	2	f	43	173	96	\N
339	72	1	f	43	174	107	\N
340	72	2	f	43	174	106	\N
341	74	1	f	43	175	100	\N
342	75	2	f	43	175	101	\N
343	76	1	f	43	176	99	\N
344	75	2	f	43	176	98	\N
329	73	1	f	42	169	84	\N
330	73	2	f	42	169	85	\N
331	73	1	f	42	170	71	\N
332	74	2	f	42	170	70	\N
333	74	1	f	42	171	69	\N
335	72	1	f	42	172	83	\N
336	72	2	f	42	172	82	\N
321	72	1	f	41	181	108	\N
325	63	1	f	41	183	78	\N
334	74	2	f	42	171	68	\N
345	75	1	f	44	177	81	\N
346	74	2	f	44	177	80	\N
347	60	1	f	44	178	92	\N
348	74	2	f	44	178	93	\N
349	77	1	f	44	179	103	\N
350	76	2	f	44	179	102	\N
351	76	1	f	44	180	86	\N
352	75	2	f	44	180	87	\N
353	75	1	f	45	165	91	\N
354	75	2	f	45	165	90	\N
355	75	1	f	45	166	118	\N
356	76	2	f	45	166	119	\N
357	77	1	f	45	167	110	\N
358	77	2	f	45	167	111	\N
359	77	1	f	45	168	116	\N
360	76	2	f	45	168	117	\N
361	70	1	f	46	161	73	\N
362	72	2	f	46	161	72	\N
363	73	1	f	46	162	104	\N
364	73	2	f	46	162	105	\N
365	70	1	f	46	163	89	\N
366	70	2	f	46	163	88	\N
367	69	1	f	46	164	95	\N
368	69	2	f	46	164	94	\N
369	70	1	f	47	197	206	\N
370	72	2	f	47	197	207	\N
371	73	1	f	47	198	216	\N
372	73	2	f	47	198	217	\N
373	70	1	f	47	199	214	\N
374	70	2	f	47	199	215	\N
375	69	1	f	47	200	218	\N
376	69	2	f	47	200	219	\N
2787	73	1	f	375	1554	1107	\N
383	67	1	f	48	196	212	\N
384	66	2	f	48	196	213	\N
409	70	1	f	52	209	191	\N
410	70	2	f	52	209	190	\N
411	69	1	f	52	210	155	\N
412	68	2	f	52	210	154	\N
413	67	1	f	52	211	165	\N
414	67	2	f	52	211	164	\N
415	72	1	f	52	212	175	\N
416	70	2	f	52	212	174	\N
417	72	1	f	53	221	152	\N
418	72	2	f	53	221	153	\N
419	71	1	f	53	222	179	\N
420	71	2	f	53	222	178	\N
421	73	1	f	53	223	187	\N
422	72	2	f	53	223	186	\N
423	70	1	f	53	224	162	\N
424	70	2	f	53	224	163	\N
393	71	1	f	50	213	167	\N
394	71	2	f	50	213	166	\N
395	73	1	f	50	214	156	\N
396	72	2	f	50	214	157	\N
397	70	1	f	50	215	184	\N
398	70	2	f	50	215	185	\N
399	74	1	f	50	216	168	\N
400	74	2	f	50	216	169	\N
385	73	1	f	49	229	171	\N
386	71	2	f	49	229	170	\N
387	71	1	f	49	230	195	\N
388	74	2	f	49	230	194	\N
389	69	1	f	49	231	172	\N
390	70	2	f	49	231	173	\N
391	76	1	f	49	232	192	\N
392	74	2	f	49	232	193	\N
425	74	1	f	54	225	182	\N
426	72	2	f	54	225	183	\N
427	74	1	f	54	226	196	\N
428	74	2	f	54	226	197	\N
429	76	1	f	54	227	180	\N
430	76	2	f	54	227	181	\N
431	71	1	f	54	228	176	\N
432	70	2	f	54	228	177	\N
401	70	1	f	51	217	160	\N
402	69	2	f	51	217	161	\N
403	72	1	f	51	218	151	\N
404	71	2	f	51	218	150	\N
405	69	1	f	51	219	188	\N
406	69	2	f	51	219	189	\N
407	71	1	f	51	220	158	\N
408	71	2	f	51	220	159	\N
433	73	1	f	55	233	155	\N
434	73	2	f	55	233	154	\N
435	74	1	f	55	234	171	\N
436	74	2	f	55	234	170	\N
437	72	1	f	55	235	160	\N
438	72	2	f	55	235	161	\N
439	71	1	f	55	236	188	\N
440	71	2	f	55	236	189	\N
449	73	1	f	57	241	156	\N
450	73	2	f	57	241	157	\N
451	73	1	f	57	242	158	\N
452	72	2	f	57	242	159	\N
453	74	1	f	57	243	197	\N
454	73	2	f	57	243	196	\N
455	71	1	f	57	244	152	\N
456	71	2	f	57	244	153	\N
441	70	1	f	56	237	165	\N
442	70	2	f	56	237	164	\N
443	72	1	f	56	238	162	\N
444	71	2	f	56	238	163	\N
445	72	1	f	56	239	177	\N
446	72	2	f	56	239	176	\N
447	73	1	f	56	240	172	\N
448	73	2	f	56	240	173	\N
458	70	2	f	58	253	187	\N
1253	72	1	f	169	747	557	\N
1254	71	2	f	169	747	556	\N
1255	71	1	f	169	748	548	\N
1256	70	2	f	169	748	549	\N
465	75	1	f	59	245	168	\N
466	75	2	f	59	245	169	\N
467	75	1	f	59	246	193	\N
468	77	2	f	59	246	192	\N
469	75	1	f	59	247	175	\N
470	73	2	f	59	247	174	\N
471	73	1	f	59	248	194	\N
472	70	2	f	59	248	195	\N
457	72	1	f	58	253	186	\N
459	76	1	f	58	254	181	\N
460	76	2	f	58	254	180	\N
461	70	1	f	58	255	150	\N
462	71	2	f	58	255	151	\N
463	73	1	f	58	256	190	\N
464	72	2	f	58	256	191	\N
473	72	1	f	60	249	185	\N
474	72	2	f	60	249	184	\N
475	69	1	f	60	250	166	\N
476	71	2	f	60	250	167	\N
477	69	1	f	60	251	178	\N
478	69	2	f	60	251	179	\N
479	74	1	f	60	252	182	\N
480	73	2	f	60	252	183	\N
481	68	1	f	61	261	158	\N
482	68	2	f	61	261	159	\N
483	71	1	f	61	262	160	\N
484	72	2	f	61	262	161	\N
485	73	1	f	61	263	155	\N
486	72	2	f	61	263	154	\N
487	70	1	f	61	264	166	\N
488	70	2	f	61	264	167	\N
489	71	1	f	62	265	188	\N
490	70	2	f	62	265	189	\N
491	67	1	f	62	266	164	\N
492	68	2	f	62	266	165	\N
493	66	1	f	62	267	163	\N
494	67	2	f	62	267	162	\N
495	69	1	f	62	268	178	\N
496	69	2	f	62	268	179	\N
497	75	1	f	63	273	174	\N
498	76	2	f	63	273	175	\N
499	74	1	f	63	274	190	\N
500	74	2	f	63	274	191	\N
501	75	1	f	63	275	182	\N
502	75	2	f	63	275	183	\N
503	73	1	f	63	276	157	\N
504	73	2	f	63	276	156	\N
513	71	1	f	65	257	176	\N
514	71	2	f	65	257	177	\N
515	70	1	f	65	258	152	\N
516	70	2	f	65	258	153	\N
517	73	1	f	65	259	194	\N
518	71	2	f	65	259	195	\N
519	71	1	f	65	260	184	\N
520	68	2	f	65	260	185	\N
505	75	1	f	64	277	196	\N
506	74	2	f	64	277	197	\N
507	75	1	f	64	278	169	\N
508	76	2	f	64	278	168	\N
509	78	1	f	64	279	192	\N
510	76	2	f	64	279	193	\N
511	74	1	f	64	280	180	\N
512	76	2	f	64	280	181	\N
521	71	1	f	66	269	173	\N
522	71	2	f	66	269	172	\N
523	74	1	f	66	270	186	\N
524	73	2	f	66	270	187	\N
525	72	1	f	66	271	170	\N
526	73	2	f	66	271	171	\N
527	70	1	f	66	272	150	\N
528	71	2	f	66	272	151	\N
554	71	2	f	70	305	273	\N
555	71	1	f	70	306	358	\N
556	71	2	f	70	306	359	\N
557	70	1	f	70	307	278	\N
558	70	2	f	70	307	279	\N
560	71	2	f	70	308	301	\N
561	73	1	f	71	321	270	\N
562	72	2	f	71	321	271	\N
563	70	1	f	71	322	250	\N
564	70	2	f	71	322	251	\N
565	72	1	f	71	323	329	\N
566	72	2	f	71	323	328	\N
567	71	1	f	71	324	364	\N
568	71	2	f	71	324	365	\N
545	70	1	f	69	289	348	\N
546	70	2	f	69	289	349	\N
547	71	1	f	69	290	302	\N
548	70	2	f	69	290	303	\N
549	71	1	f	69	291	309	\N
550	73	2	f	69	291	308	\N
551	69	1	f	69	292	314	\N
569	72	1	f	72	317	327	\N
570	73	2	f	72	317	326	\N
571	73	1	f	72	318	320	\N
572	73	2	f	72	318	321	\N
573	70	1	f	72	319	297	\N
574	71	2	f	72	319	296	\N
575	69	1	f	72	320	256	\N
576	69	2	f	72	320	257	\N
529	72	1	f	67	301	276	\N
530	73	2	f	67	301	277	\N
531	72	1	f	67	302	335	\N
532	74	2	f	67	302	334	\N
533	72	1	f	67	303	252	\N
534	72	2	f	67	303	253	\N
535	75	1	f	67	304	324	\N
536	73	2	f	67	304	325	\N
538	69	2	f	68	337	312	\N
539	67	1	f	68	338	246	\N
540	68	2	f	68	338	247	\N
541	70	1	f	68	339	254	\N
542	70	2	f	68	339	255	\N
543	67	1	f	68	340	261	\N
544	67	2	f	68	340	260	\N
617	72	1	f	78	329	307	\N
618	71	2	f	78	329	306	\N
619	74	1	f	78	330	318	\N
620	74	2	f	78	330	319	\N
621	71	1	f	78	331	289	\N
622	71	2	f	78	331	288	\N
623	73	1	f	78	332	331	\N
624	72	2	f	78	332	330	\N
553	72	1	f	70	305	272	\N
559	73	1	f	70	308	300	\N
552	69	2	f	69	292	315	\N
609	71	1	f	77	325	340	\N
610	72	2	f	77	325	341	\N
611	70	1	f	77	326	345	\N
612	70	2	f	77	326	344	\N
613	69	1	f	77	327	274	\N
614	69	2	f	77	327	275	\N
615	71	1	f	77	328	355	\N
616	71	2	f	77	328	354	\N
585	68	1	f	74	309	291	\N
586	69	2	f	74	309	290	\N
587	68	1	f	74	310	356	\N
588	68	2	f	74	310	357	\N
589	75	1	f	74	311	332	\N
590	73	2	f	74	311	333	\N
591	75	1	f	74	312	317	\N
592	74	2	f	74	312	316	\N
601	69	1	f	76	297	264	\N
602	68	2	f	76	297	265	\N
603	68	1	f	76	298	266	\N
604	68	2	f	76	298	267	\N
605	67	1	f	76	299	268	\N
606	67	2	f	76	299	269	\N
607	65	1	f	76	300	363	\N
608	65	2	f	76	300	362	\N
593	71	1	f	75	293	339	\N
594	72	2	f	75	293	338	\N
595	73	1	f	75	294	322	\N
596	74	2	f	75	294	323	\N
597	70	1	f	75	295	347	\N
598	70	2	f	75	295	346	\N
599	70	1	f	75	296	360	\N
600	69	2	f	75	296	361	\N
537	68	1	f	68	337	313	\N
577	71	1	f	73	333	304	\N
578	71	2	f	73	333	305	\N
579	69	1	f	73	334	343	\N
580	68	2	f	73	334	342	\N
581	71	1	f	73	335	298	\N
582	69	2	f	73	335	299	\N
583	69	1	f	73	336	311	\N
584	69	2	f	73	336	310	\N
625	73	1	f	79	313	286	\N
626	75	2	f	79	313	287	\N
627	72	1	f	79	314	336	\N
628	73	2	f	79	314	337	\N
629	71	1	f	79	315	293	\N
630	71	2	f	79	315	292	\N
631	70	1	f	79	316	294	\N
632	69	2	f	79	316	295	\N
633	73	1	f	80	313	286	\N
634	75	2	f	80	313	287	\N
635	72	1	f	80	314	336	\N
636	73	2	f	80	314	337	\N
637	71	1	f	80	315	293	\N
638	71	2	f	80	315	292	\N
639	70	1	f	80	316	294	\N
640	69	2	f	80	316	295	\N
665	75	1	f	84	381	325	\N
666	77	2	f	84	381	324	\N
667	73	1	f	84	382	301	\N
668	73	2	f	84	382	300	\N
669	74	1	f	84	383	264	\N
670	74	2	f	84	383	265	\N
671	72	1	f	84	384	255	\N
672	72	2	f	84	384	254	\N
649	67	1	f	82	369	253	\N
650	67	2	f	82	369	252	\N
651	68	1	f	82	370	315	\N
652	70	2	f	82	370	314	\N
653	70	1	f	82	371	361	\N
654	70	2	f	82	371	360	\N
655	69	1	f	82	372	274	\N
656	68	2	f	82	372	275	\N
657	71	1	f	83	365	334	\N
658	72	2	f	83	365	335	\N
659	70	1	f	83	366	330	\N
660	70	2	f	83	366	331	\N
661	75	1	f	83	367	317	\N
662	75	2	f	83	367	316	\N
663	74	1	f	83	368	320	\N
664	74	2	f	83	368	321	\N
682	73	2	f	86	353	308	\N
683	72	1	f	86	354	304	\N
684	73	2	f	86	354	305	\N
685	73	1	f	86	355	339	\N
686	74	2	f	86	355	338	\N
687	71	1	f	86	356	286	\N
688	72	2	f	86	356	287	\N
673	70	1	f	85	389	295	\N
674	72	2	f	85	389	294	\N
675	70	1	f	85	390	260	\N
676	70	2	f	85	390	261	\N
677	69	1	f	85	391	343	\N
678	68	2	f	85	391	342	\N
679	67	1	f	85	392	278	\N
641	67	1	f	81	349	363	\N
642	66	2	f	81	349	362	\N
643	66	1	f	81	350	291	\N
644	66	2	f	81	350	290	\N
645	70	1	f	81	351	311	\N
646	70	2	f	81	351	310	\N
647	69	1	f	81	352	246	\N
648	70	2	f	81	352	247	\N
705	67	1	f	89	377	356	\N
706	67	2	f	89	377	357	\N
707	68	1	f	89	378	257	\N
708	68	2	f	89	378	256	\N
709	70	1	f	89	379	250	\N
710	70	2	f	89	379	251	\N
711	69	1	f	89	380	289	\N
712	69	2	f	89	380	288	\N
681	73	1	f	86	353	309	\N
680	68	2	f	85	392	279	\N
689	73	1	f	87	361	302	\N
690	74	2	f	87	361	303	\N
691	73	1	f	87	362	272	\N
692	72	2	f	87	362	273	\N
693	71	1	f	87	363	348	\N
694	71	2	f	87	363	349	\N
695	72	1	f	87	364	267	\N
696	72	2	f	87	364	266	\N
697	73	1	f	88	341	318	\N
698	74	2	f	88	341	319	\N
699	72	1	f	88	342	270	\N
700	71	2	f	88	342	271	\N
701	73	1	f	88	343	323	\N
702	72	2	f	88	343	322	\N
703	70	1	f	88	344	340	\N
704	71	2	f	88	344	341	\N
713	72	1	f	90	345	364	\N
714	73	2	f	90	345	365	\N
715	71	1	f	90	346	296	\N
716	71	2	f	90	346	297	\N
717	69	1	f	90	347	359	\N
718	70	2	f	90	347	358	\N
719	69	1	f	90	348	268	\N
720	69	2	f	90	348	269	\N
721	71	1	f	91	373	345	\N
722	71	2	f	91	373	344	\N
723	73	1	f	91	374	306	\N
724	73	2	f	91	374	307	\N
725	73	1	f	91	375	277	\N
726	71	2	f	91	375	276	\N
727	71	1	f	91	376	346	\N
728	70	2	f	91	376	347	\N
729	72	1	f	92	385	336	\N
730	73	2	f	92	385	337	\N
731	71	1	f	92	386	292	\N
732	71	2	f	92	386	293	\N
733	69	1	f	92	387	312	\N
734	69	2	f	92	387	313	\N
735	71	1	f	92	388	329	\N
736	70	2	f	92	388	328	\N
737	72	1	f	93	357	298	\N
738	73	2	f	93	357	299	\N
739	72	1	f	93	358	327	\N
740	72	2	f	93	358	326	\N
741	70	1	f	93	359	355	\N
742	70	2	f	93	359	354	\N
743	75	1	f	93	360	332	\N
744	75	2	f	93	360	333	\N
777	75	1	f	98	413	333	\N
778	75	2	f	98	413	332	\N
779	76	1	f	98	414	316	\N
780	75	2	f	98	414	317	\N
781	77	1	f	98	415	324	\N
782	75	2	f	98	415	325	\N
783	75	1	f	98	416	318	\N
784	74	2	f	98	416	319	\N
745	70	1	f	94	433	257	\N
746	70	2	f	94	433	256	\N
747	69	1	f	94	434	252	\N
748	69	2	f	94	434	253	\N
749	70	1	f	94	435	357	\N
750	69	2	f	94	435	356	\N
751	71	1	f	94	436	343	\N
752	71	2	f	94	436	342	\N
762	69	2	f	96	429	330	\N
763	70	1	f	96	430	346	\N
764	69	2	f	96	430	347	\N
765	67	1	f	96	431	261	\N
766	67	2	f	96	431	260	\N
767	71	1	f	96	432	349	\N
768	70	2	f	96	432	348	\N
785	71	1	f	99	437	311	\N
786	73	2	f	99	437	310	\N
787	75	1	f	99	438	298	\N
788	72	2	f	99	438	299	\N
789	71	1	f	99	439	305	\N
790	70	2	f	99	439	304	\N
791	70	1	f	99	440	273	\N
792	70	2	f	99	440	272	\N
769	67	1	f	97	421	254	\N
770	67	2	f	97	421	255	\N
771	69	1	f	97	422	361	\N
772	69	2	f	97	422	360	\N
773	71	1	f	97	423	315	\N
774	70	2	f	97	423	314	\N
775	73	1	f	97	424	334	\N
776	71	2	f	97	424	335	\N
753	70	1	f	95	397	250	\N
754	70	2	f	95	397	251	\N
755	72	1	f	95	398	313	\N
756	71	2	f	95	398	312	\N
757	69	1	f	95	399	341	\N
758	68	2	f	95	399	340	\N
759	73	1	f	95	400	327	\N
760	72	2	f	95	400	326	\N
794	73	2	f	100	417	323	\N
795	74	1	f	100	418	309	\N
796	73	2	f	100	418	308	\N
797	71	1	f	100	419	302	\N
798	71	2	f	100	419	303	\N
799	72	1	f	100	420	338	\N
800	72	2	f	100	420	339	\N
761	69	1	f	96	429	331	\N
801	73	1	f	101	425	354	\N
802	72	2	f	101	425	355	\N
803	72	1	f	101	426	268	\N
804	71	2	f	101	426	269	\N
805	70	1	f	101	427	345	\N
806	70	2	f	101	427	344	\N
807	70	1	f	101	428	358	\N
808	69	2	f	101	428	359	\N
793	73	1	f	100	417	322	\N
809	70	1	f	102	401	301	\N
810	72	2	f	102	401	300	\N
811	74	1	f	102	402	264	\N
812	74	2	f	102	402	265	\N
813	75	1	f	102	403	320	\N
814	74	2	f	102	403	321	\N
815	73	1	f	102	404	336	\N
816	72	2	f	102	404	337	\N
825	69	1	f	104	393	289	\N
826	69	2	f	104	393	288	\N
827	70	1	f	104	394	276	\N
828	70	2	f	104	394	277	\N
829	69	1	f	104	395	267	\N
830	68	2	f	104	395	266	\N
831	67	1	f	104	396	293	\N
832	67	2	f	104	396	292	\N
817	72	1	f	103	405	329	\N
818	72	2	t	103	405	329	\N
819	72	1	f	103	406	287	\N
820	71	2	f	103	406	286	\N
821	71	1	f	103	407	294	\N
822	71	2	f	103	407	295	\N
823	70	1	f	103	408	296	\N
824	70	2	f	103	408	297	\N
833	60	1	f	105	409	246	\N
834	69	2	f	105	409	247	\N
835	71	1	f	105	410	364	\N
836	72	2	f	105	410	365	\N
837	69	1	f	105	411	270	\N
838	70	2	f	105	411	271	\N
839	70	1	f	105	412	306	\N
840	71	2	f	105	412	307	\N
865	73	1	f	109	445	266	\N
866	73	2	f	109	445	267	\N
867	70	1	f	109	446	295	\N
868	70	2	f	109	446	294	\N
869	71	1	f	109	447	272	\N
870	71	2	f	109	447	273	\N
871	50	1	f	109	448	250	\N
872	50	2	f	109	448	251	\N
857	68	1	f	108	453	358	\N
858	69	2	f	108	453	359	\N
859	51	1	f	108	454	260	\N
860	51	2	f	108	454	261	\N
861	50	1	f	108	455	253	\N
862	50	2	f	108	455	252	\N
863	67	1	f	108	456	357	\N
864	67	2	f	108	456	356	\N
841	70	1	f	106	481	268	\N
842	70	2	f	106	481	269	\N
843	60	1	f	106	482	254	\N
844	60	2	f	106	482	255	\N
845	71	1	f	106	483	246	\N
846	71	2	f	106	483	247	\N
847	72	1	f	106	484	346	\N
848	72	2	f	106	484	347	\N
849	71	1	f	107	477	296	\N
850	69	2	f	107	477	297	\N
851	65	1	f	107	478	341	\N
852	65	2	f	107	478	340	\N
853	68	1	f	107	479	256	\N
854	68	2	f	107	479	257	\N
855	70	1	f	107	480	345	\N
856	68	2	f	107	480	344	\N
873	70	1	f	110	441	315	\N
874	72	2	f	110	441	314	\N
875	68	1	f	110	442	289	\N
876	67	2	f	110	442	288	\N
877	70	1	f	110	443	330	\N
878	69	2	f	110	443	331	\N
879	69	1	f	110	444	313	\N
880	68	2	f	110	444	312	\N
881	75	1	f	111	465	320	\N
882	75	2	f	111	465	321	\N
883	75	1	f	111	466	325	\N
884	77	2	f	111	466	324	\N
885	76	1	f	111	467	317	\N
886	75	2	f	111	467	316	\N
887	70	1	f	111	468	309	\N
888	70	2	f	111	468	308	\N
889	73	1	t	112	469	329	\N
890	73	2	t	112	469	329	\N
891	74	1	f	112	470	333	\N
892	75	2	f	112	470	332	\N
893	75	1	f	112	471	327	\N
894	75	2	f	112	471	326	\N
895	72	1	f	112	472	270	\N
896	72	2	f	112	472	271	\N
897	72	1	f	113	485	298	\N
898	70	2	f	113	485	299	\N
899	68	1	f	113	486	264	\N
900	68	2	f	113	486	265	\N
901	73	1	f	113	487	364	\N
902	72	2	f	113	487	365	\N
903	71	1	f	113	488	322	\N
904	70	2	f	113	488	323	\N
905	71	1	f	114	457	307	\N
906	71	2	f	114	457	306	\N
907	74	1	f	114	458	311	\N
908	72	2	f	114	458	310	\N
909	75	1	f	114	459	334	\N
910	72	2	f	114	459	335	\N
911	70	1	f	114	460	304	\N
912	70	2	f	114	460	305	\N
914	70	2	f	115	473	342	\N
913	70	1	f	115	473	343	\N
915	67	1	f	115	474	354	\N
916	67	2	f	115	474	355	\N
917	72	1	f	115	475	287	\N
918	71	2	f	115	475	286	\N
919	68	1	f	115	476	302	\N
920	69	2	f	115	476	303	\N
921	74	1	f	116	461	336	\N
922	74	2	f	116	461	337	\N
923	69	1	f	116	462	339	\N
924	71	2	f	116	462	338	\N
925	70	1	f	116	463	318	\N
926	72	2	f	116	463	319	\N
927	73	1	f	116	464	276	\N
928	70	2	f	116	464	277	\N
929	72	1	f	117	449	361	\N
930	73	2	f	117	449	360	\N
931	71	1	f	117	450	348	\N
932	71	2	f	117	450	349	\N
933	74	1	f	117	451	300	\N
934	72	2	f	117	451	301	\N
935	72	1	f	117	452	293	\N
936	72	2	f	117	452	292	\N
962	72	2	f	125	647	456	\N
963	72	3	f	125	647	457	\N
964	33	4	f	125	647	456	\N
965	73	1	f	125	648	449	\N
966	71	2	f	125	648	451	\N
968	35	4	f	125	648	451	\N
953	73	1	f	124	645	409	\N
954	73	2	f	124	645	407	\N
955	74	3	f	124	645	408	\N
956	37	4	f	124	645	407	\N
957	72	1	f	124	646	441	\N
958	73	2	f	124	646	440	\N
959	73	3	f	124	646	442	\N
960	36	4	f	124	646	441	\N
945	72	1	f	123	667	431	\N
946	70	2	f	123	667	432	\N
947	70	3	f	123	667	433	\N
948	35	4	f	123	667	432	\N
949	71	1	f	123	668	445	\N
950	73	2	f	123	668	443	\N
951	73	3	f	123	668	444	\N
937	69	1	f	122	659	417	\N
938	72	2	f	122	659	416	\N
939	69	3	f	122	659	418	\N
940	33	4	f	122	659	417	\N
941	69	1	f	122	660	387	\N
942	70	2	f	122	660	386	\N
943	70	3	f	122	660	388	\N
944	33	4	f	122	660	386	\N
993	71	1	f	129	669	411	\N
994	73	2	f	129	669	410	\N
995	73	3	f	129	669	412	\N
996	37	4	f	129	669	410	\N
997	70	1	f	129	670	398	\N
998	72	2	f	129	670	400	\N
999	71	3	f	129	670	399	\N
1000	36	4	f	129	670	400	\N
986	72	2	f	128	671	461	\N
987	73	3	f	128	671	462	\N
988	36	4	f	128	671	463	\N
989	75	1	f	128	672	502	\N
990	72	2	f	128	672	503	\N
991	74	3	f	128	672	504	\N
992	33	4	f	128	672	502	\N
977	70	1	f	127	665	436	\N
978	71	2	f	127	665	434	\N
979	70	3	f	127	665	435	\N
980	36	4	f	127	665	434	\N
981	70	1	f	127	666	438	\N
982	71	2	f	127	666	437	\N
983	72	3	f	127	666	439	\N
984	37	4	f	127	666	437	\N
969	72	1	f	126	661	427	\N
971	72	3	f	126	661	425	\N
972	30	4	f	126	661	426	\N
973	73	1	f	126	662	402	\N
974	70	2	f	126	662	403	\N
975	71	3	f	126	662	401	\N
976	30	4	f	126	662	402	\N
1001	74	1	f	130	663	421	\N
1002	73	2	f	130	663	419	\N
1003	73	3	f	130	663	420	\N
1004	35	4	f	130	663	419	\N
1005	72	1	f	130	664	415	\N
1006	74	2	f	130	664	413	\N
1007	72	3	f	130	664	414	\N
1008	35	4	f	130	664	413	\N
1009	73	1	f	131	657	453	\N
1010	73	2	f	131	657	454	\N
1012	37	4	f	131	657	454	\N
1013	75	1	f	131	658	447	\N
1014	75	2	f	131	658	446	\N
1015	75	3	f	131	658	448	\N
1016	37	4	f	131	658	446	\N
1017	73	1	f	132	655	385	\N
1018	72	2	f	132	655	383	\N
1019	73	3	f	132	655	384	\N
1020	36	4	f	132	655	385	\N
1021	74	1	f	132	656	460	\N
1022	75	2	f	132	656	458	\N
1023	73	3	f	132	656	459	\N
1024	36	4	f	132	656	458	\N
1025	76	1	f	133	653	430	\N
1026	75	2	f	133	653	428	\N
1027	75	3	f	133	653	429	\N
1029	75	1	f	133	654	422	\N
1030	76	2	f	133	654	424	\N
1031	76	3	f	133	654	423	\N
1032	36	4	f	133	654	424	\N
1111	74	3	f	144	696	444	\N
1112	38	4	f	144	696	443	\N
961	72	1	f	125	647	455	\N
967	71	3	f	125	648	450	\N
952	37	4	f	123	668	443	\N
985	74	1	f	128	671	463	\N
970	73	2	f	126	661	426	\N
1011	73	3	f	131	657	452	\N
1028	33	4	f	133	653	430	\N
1033	71	1	f	134	651	406	\N
1034	71	2	f	134	651	404	\N
1035	72	3	f	134	651	405	\N
1036	36	4	f	134	651	404	\N
1037	72	1	f	134	652	390	\N
1038	72	2	f	134	652	391	\N
1039	73	3	f	134	652	389	\N
1040	36	4	f	134	652	391	\N
1041	73	1	f	135	649	393	\N
1042	73	2	f	135	649	394	\N
1043	73	3	f	135	649	392	\N
1044	36	4	f	135	649	394	\N
1045	74	1	f	135	650	396	\N
1046	74	2	f	135	650	395	\N
1047	74	3	f	135	650	397	\N
1048	37	4	f	135	650	395	\N
1105	72	1	f	144	695	422	\N
1106	72	2	f	144	695	424	\N
1107	72	3	f	144	695	423	\N
1108	31	4	f	144	695	424	\N
1109	75	1	f	144	696	445	\N
1110	76	2	f	144	696	443	\N
1089	70	1	f	142	699	386	\N
1090	70	2	f	142	699	387	\N
1091	71	3	f	142	699	388	\N
1092	33	4	f	142	699	386	\N
1093	70	1	f	142	700	413	\N
1094	69	2	f	142	700	414	\N
1095	70	3	f	142	700	415	\N
1096	33	4	f	142	700	413	\N
1058	74	2	f	138	681	440	\N
1062	72	2	f	138	682	403	\N
1063	73	3	f	138	682	401	\N
1064	35	4	f	138	682	402	\N
1073	72	1	f	140	689	434	\N
1074	70	2	f	140	689	436	\N
1075	69	3	f	140	689	435	\N
1076	35	4	f	140	689	434	\N
1057	73	1	f	138	681	441	\N
1059	73	3	f	138	681	442	\N
1060	36	4	f	138	681	441	\N
1061	72	1	f	138	682	402	\N
1077	74	1	f	140	690	384	\N
1078	72	2	f	140	690	383	\N
1079	74	3	f	140	690	385	\N
1080	36	4	f	140	690	384	\N
1065	73	1	f	139	697	502	\N
1066	73	2	f	139	697	503	\N
1067	71	3	f	139	697	504	\N
1068	34	4	f	139	697	502	\N
1069	68	1	f	139	698	431	\N
1070	69	2	f	139	698	432	\N
1071	70	3	f	139	698	433	\N
1072	30	4	f	139	698	432	\N
1097	74	1	f	143	705	455	\N
1098	74	2	f	143	705	456	\N
1099	74	3	f	143	705	457	\N
1100	37	4	f	143	705	456	\N
1101	74	1	f	143	706	392	\N
1102	74	2	f	143	706	394	\N
1103	71	3	f	143	706	393	\N
1104	37	4	f	143	706	394	\N
1082	73	2	f	141	693	400	\N
1083	73	3	f	141	693	399	\N
1084	36	4	f	141	693	400	\N
1085	74	1	f	141	694	452	\N
1086	74	2	f	141	694	453	\N
1087	74	3	f	141	694	454	\N
1088	35	4	f	141	694	452	\N
1049	73	1	f	137	701	417	\N
1050	73	2	f	137	701	416	\N
1051	73	3	f	137	701	418	\N
1052	37	4	f	137	701	416	\N
1053	74	1	f	137	702	421	\N
1054	74	2	f	137	702	419	\N
1055	74	3	f	137	702	420	\N
1056	37	4	f	137	702	419	\N
1113	74	1	f	145	707	451	\N
1114	75	2	f	145	707	450	\N
1115	75	3	f	145	707	449	\N
1116	36	4	f	145	707	451	\N
1117	74	1	f	145	708	409	\N
1118	74	2	f	145	708	407	\N
1119	74	3	f	145	708	408	\N
1120	36	4	f	145	708	407	\N
1121	73	1	f	146	685	427	\N
1122	72	2	f	146	685	426	\N
1123	73	3	f	146	685	425	\N
1124	36	4	f	146	685	426	\N
1125	72	1	f	146	686	463	\N
1126	73	2	f	146	686	462	\N
1127	72	3	f	146	686	461	\N
1128	36	4	f	146	686	462	\N
1129	75	1	f	147	691	396	\N
1130	76	2	f	147	691	395	\N
1131	76	3	f	147	691	397	\N
1132	32	4	f	147	691	395	\N
1133	76	1	f	147	692	390	\N
1134	76	2	f	147	692	391	\N
1135	77	3	f	147	692	389	\N
1136	34	4	f	147	692	391	\N
1137	72	1	f	148	683	430	\N
1138	72	2	f	148	683	428	\N
1139	73	3	f	148	683	429	\N
1140	33	4	f	148	683	430	\N
1141	72	1	f	148	684	404	\N
1142	70	2	f	148	684	406	\N
1143	70	3	f	148	684	405	\N
1144	33	4	f	148	684	404	\N
1145	75	1	f	149	703	460	\N
1146	75	2	f	149	703	458	\N
1147	75	3	f	149	703	459	\N
1148	37	4	f	149	703	458	\N
1149	73	1	f	149	704	438	\N
1150	74	2	f	149	704	437	\N
1151	73	3	f	149	704	439	\N
1152	37	4	f	149	704	437	\N
1081	73	1	f	141	693	398	\N
1153	75	1	f	150	687	447	\N
1154	75	2	f	150	687	446	\N
1155	75	3	f	150	687	448	\N
1156	35	4	f	150	687	446	\N
1157	74	1	f	150	688	411	\N
1158	74	2	f	150	688	412	\N
1159	74	3	f	150	688	410	\N
1160	36	4	f	150	688	412	\N
1185	68	1	f	161	769	616	\N
1186	68	2	f	161	769	617	\N
1187	69	1	f	161	770	701	\N
1188	69	2	f	161	770	700	\N
1189	70	1	f	161	771	550	\N
1190	70	2	f	161	771	551	\N
1191	72	1	f	161	772	531	\N
1192	72	2	f	161	772	530	\N
1169	70	1	f	159	809	508	\N
1170	68	2	f	159	809	509	\N
1171	60	1	f	159	810	814	\N
1172	60	2	f	159	810	815	\N
1173	65	1	f	159	811	784	\N
1174	65	2	f	159	811	785	\N
1175	69	1	f	159	812	743	\N
1176	68	2	f	159	812	742	\N
1177	68	1	f	160	757	734	\N
1178	68	2	f	160	757	735	\N
1179	70	1	f	160	758	812	\N
1180	70	2	f	160	758	813	\N
1181	72	1	f	160	759	822	\N
1182	73	2	f	160	759	823	\N
1183	70	1	f	160	760	724	\N
1184	73	2	f	160	760	725	\N
1161	68	1	f	158	777	766	\N
1162	68	2	f	158	777	767	\N
1163	50	1	f	158	778	678	\N
1164	50	2	f	158	778	679	\N
1165	75	1	f	158	779	819	\N
1166	75	2	f	158	779	818	\N
1167	67	1	f	158	780	686	\N
1168	68	2	f	158	780	687	\N
1201	71	1	f	163	801	629	\N
1202	71	2	f	163	801	628	\N
1203	70	1	f	163	802	608	\N
1204	70	2	f	163	802	609	\N
1205	74	1	f	163	803	706	\N
1206	73	2	f	163	803	707	\N
1207	74	1	f	163	804	529	\N
1208	74	2	f	163	804	528	\N
1193	68	1	f	162	717	782	\N
1194	68	2	f	162	717	783	\N
1195	69	1	f	162	718	605	\N
1196	69	2	f	162	718	604	\N
1197	70	1	f	162	719	704	\N
1198	69	2	f	162	719	705	\N
1199	71	1	f	162	720	652	\N
1200	70	2	f	162	720	653	\N
1249	74	1	f	169	745	830	\N
1250	73	2	f	169	745	831	\N
1251	60	1	f	169	746	614	\N
1252	60	2	f	169	746	615	\N
1210	60	2	f	164	817	641	\N
1211	72	1	f	164	818	797	\N
1212	71	2	f	164	818	796	\N
1213	68	1	f	164	819	610	\N
1214	68	2	f	164	819	611	\N
1215	67	1	f	164	820	736	\N
1216	67	2	f	164	820	737	\N
1242	71	2	f	168	749	806	\N
1243	70	1	f	168	750	590	\N
1244	69	2	f	168	750	591	\N
1245	69	1	f	168	751	755	\N
1246	69	2	f	168	751	754	\N
1248	69	2	f	168	752	564	\N
1233	68	1	f	167	725	539	\N
1234	68	2	f	167	725	538	\N
1235	68	1	f	167	726	517	\N
1236	67	2	f	167	726	516	\N
1237	67	1	f	167	727	586	\N
1238	66	2	f	167	727	587	\N
1239	65	1	f	167	728	810	\N
1240	65	2	f	167	728	811	\N
1217	70	1	f	165	737	799	\N
1218	71	2	f	165	737	798	\N
1219	69	1	f	165	738	741	\N
1220	70	2	f	165	738	740	\N
1221	67	1	f	165	739	570	\N
1222	65	2	f	165	739	571	\N
1223	68	1	f	165	740	634	\N
1265	60	1	f	171	797	670	\N
1263	50	1	f	170	824	658	\N
1264	50	2	f	170	824	659	\N
1225	70	1	f	166	805	552	\N
1226	70	2	f	166	805	553	\N
1227	71	1	f	166	806	612	\N
1228	70	2	f	166	806	613	\N
1229	69	1	f	166	807	607	\N
1230	70	2	f	166	807	606	\N
1231	68	1	f	166	808	744	\N
1232	68	2	f	166	808	745	\N
1209	60	1	f	164	817	640	\N
1241	69	1	f	168	749	807	\N
1247	68	1	f	168	752	565	\N
1281	71	1	f	173	789	663	\N
1282	71	2	f	173	789	662	\N
1283	64	1	f	173	790	572	\N
1284	60	2	f	173	790	573	\N
1285	70	1	f	173	791	592	\N
1286	70	2	f	173	791	593	\N
1287	69	1	f	173	792	739	\N
1288	70	2	f	173	792	738	\N
1224	66	2	f	165	740	635	\N
1273	71	1	f	172	793	792	\N
1274	72	2	f	172	793	793	\N
1275	69	1	f	172	794	748	\N
1276	68	2	f	172	794	749	\N
1277	71	1	f	172	795	656	\N
1278	71	2	f	172	795	657	\N
1279	68	1	f	172	796	637	\N
1280	68	2	f	172	796	636	\N
1266	60	2	f	171	797	671	\N
1267	68	1	f	171	798	721	\N
1268	67	2	f	171	798	720	\N
1269	64	1	f	171	799	666	\N
1270	64	2	f	171	799	667	\N
1271	65	1	f	171	800	598	\N
1272	65	2	f	171	800	599	\N
1257	70	1	f	170	821	542	\N
1258	69	2	f	170	821	543	\N
1259	72	1	f	170	822	718	\N
1260	71	2	f	170	822	719	\N
1261	69	1	f	170	823	795	\N
1262	69	2	f	170	823	794	\N
1289	72	1	f	174	761	728	\N
1290	72	2	f	174	761	729	\N
1291	73	1	f	174	762	714	\N
1292	72	2	f	174	762	715	\N
1293	72	1	f	174	763	507	\N
1294	71	2	f	174	763	506	\N
1295	70	1	f	174	764	554	\N
1296	70	2	f	174	764	555	\N
1305	71	1	f	176	741	803	\N
1306	71	2	f	176	741	802	\N
1307	70	1	f	176	742	711	\N
1308	70	2	f	176	742	710	\N
1309	72	1	f	176	743	561	\N
1310	71	2	f	176	743	560	\N
1311	70	1	f	176	744	532	\N
1312	69	2	f	176	744	533	\N
1313	73	1	f	177	781	512	\N
1314	73	2	f	177	781	513	\N
1315	69	1	f	177	782	536	\N
1316	68	2	f	177	782	537	\N
1317	72	1	f	177	783	804	\N
1318	71	2	f	177	783	805	\N
1319	70	1	f	177	784	579	\N
1320	69	2	f	177	784	578	\N
1297	70	1	f	175	765	654	\N
1298	71	2	f	175	765	655	\N
1299	72	1	f	175	766	535	\N
1300	72	2	f	175	766	534	\N
1301	70	1	t	175	767	680	\N
1302	69	2	f	175	767	680	\N
1303	76	1	f	175	768	688	\N
1304	76	2	f	175	768	689	\N
1321	73	1	f	178	813	521	\N
1322	71	2	f	178	813	520	\N
1323	68	1	f	178	814	695	\N
1324	68	2	f	178	814	694	\N
1325	69	1	f	178	815	716	\N
1326	71	2	f	178	815	717	\N
1327	69	1	f	178	816	730	\N
1328	69	2	f	178	816	731	\N
1337	70	1	f	180	825	690	\N
1338	70	2	f	180	825	691	\N
1339	68	1	f	180	826	649	\N
1340	68	2	f	180	826	648	\N
1341	67	1	f	180	827	786	\N
1342	67	2	f	180	827	787	\N
1343	69	1	f	180	828	630	\N
1344	69	2	f	180	828	631	\N
1329	66	1	f	179	773	780	\N
1330	66	2	f	179	773	781	\N
1331	73	1	f	179	774	827	\N
1332	73	2	f	179	774	826	\N
1333	72	1	f	179	775	526	\N
1334	71	2	f	179	775	527	\N
1335	71	1	f	179	776	623	\N
1336	70	2	f	179	776	622	\N
1345	72	1	f	181	753	708	\N
1346	72	2	f	181	753	709	\N
1347	75	1	f	181	754	825	\N
1348	75	2	f	181	754	824	\N
1349	68	1	f	181	755	664	\N
1350	68	2	f	181	755	665	\N
1351	69	1	f	181	756	514	\N
1352	69	2	f	181	756	515	\N
1361	65	1	f	183	733	627	\N
1362	65	2	f	183	733	626	\N
1363	67	1	f	183	734	632	\N
1364	66	2	f	183	734	633	\N
1365	73	1	f	183	735	821	\N
1366	73	2	f	183	735	820	\N
1367	66	1	f	183	736	722	\N
1368	65	2	f	183	736	723	\N
1369	74	1	f	184	729	525	\N
1370	75	2	f	184	729	524	\N
1371	71	1	f	184	730	584	\N
1354	65	2	f	182	733	626	\N
1355	67	1	f	182	734	632	\N
1356	66	2	f	182	734	633	\N
1357	73	1	f	182	735	821	\N
1358	73	2	f	182	735	820	\N
1359	66	1	f	182	736	722	\N
1360	65	2	f	182	736	723	\N
1372	71	2	f	184	730	585	\N
1373	60	1	f	184	731	624	\N
1374	60	2	f	184	731	625	\N
1375	70	1	f	184	732	801	\N
1376	70	2	f	184	732	800	\N
1353	65	1	f	182	733	627	\N
1377	70	1	f	185	721	778	\N
1378	70	2	f	185	721	779	\N
1379	71	1	f	185	722	661	\N
1380	71	2	f	185	722	660	\N
1381	69	1	f	185	723	732	\N
1382	70	2	f	185	723	733	\N
1383	68	1	f	185	724	789	\N
1384	68	2	f	185	724	788	\N
1385	73	1	f	186	785	747	\N
1386	72	2	f	186	785	746	\N
1387	72	1	f	186	786	651	\N
1388	72	2	f	186	786	650	\N
1389	74	1	f	186	787	829	\N
1390	74	2	f	186	787	828	\N
1391	70	1	f	186	788	541	\N
1392	70	2	f	186	788	540	\N
1401	65	1	f	188	873	540	\N
1402	65	2	f	188	873	541	\N
1403	67	1	f	188	874	734	\N
1404	67	2	f	188	874	735	\N
1405	66	1	f	188	875	694	\N
1406	65	2	f	188	875	695	\N
1407	50	1	f	188	876	678	\N
1408	50	2	f	188	876	679	\N
1409	51	1	f	189	917	554	\N
1410	50	2	f	189	917	555	\N
1411	71	1	f	189	918	664	\N
1412	69	2	f	189	918	665	\N
1413	50	1	f	189	919	814	\N
1414	50	2	f	189	919	815	\N
1415	70	1	f	189	920	616	\N
1416	69	2	f	189	920	617	\N
1393	69	1	f	187	853	789	\N
1394	69	2	f	187	853	788	\N
1395	50	1	f	187	854	570	\N
1396	51	2	f	187	854	571	\N
1397	67	1	f	187	855	626	\N
1398	68	2	f	187	855	627	\N
1399	50	1	f	187	856	572	\N
1400	50	2	f	187	856	573	\N
1417	50	1	f	190	913	812	\N
1418	50	2	f	190	913	813	\N
1419	66	1	f	190	914	730	\N
1420	64	2	f	190	914	731	\N
1421	68	1	f	190	915	701	\N
1422	67	2	f	190	915	700	\N
1423	66	1	f	190	916	607	\N
1424	66	2	f	190	916	606	\N
1457	50	1	f	195	925	632	\N
1458	50	2	f	195	925	633	\N
1459	69	1	f	195	926	746	\N
1460	69	2	f	195	926	747	\N
1461	70	1	f	195	927	708	\N
1462	70	2	f	195	927	709	\N
1463	75	1	f	195	928	706	\N
1464	71	2	f	195	928	707	\N
1433	70	1	f	192	905	526	\N
1434	70	2	f	192	905	527	\N
1435	69	1	f	192	906	543	\N
1436	69	2	f	192	906	542	\N
1437	67	1	f	192	907	767	\N
1438	67	2	f	192	907	766	\N
1439	50	1	f	192	908	610	\N
1440	50	2	f	192	908	611	\N
1441	68	1	f	193	857	687	\N
1442	67	2	f	193	857	686	\N
1443	70	1	f	193	858	722	\N
1444	70	2	f	193	858	723	\N
1445	65	1	f	193	859	738	\N
1446	65	2	f	193	859	739	\N
1447	67	1	f	193	860	748	\N
1448	67	2	f	193	860	749	\N
1449	50	1	f	194	833	624	\N
1450	50	2	f	194	833	625	\N
1451	68	1	f	194	834	533	\N
1452	68	2	f	194	834	532	\N
1453	69	1	f	194	835	536	\N
1454	68	2	f	194	835	537	\N
1455	67	1	f	194	836	608	\N
1456	65	2	f	194	836	609	\N
1425	66	1	f	191	841	810	\N
1426	66	2	f	191	841	811	\N
1427	68	1	f	191	842	745	\N
1428	68	2	f	191	842	744	\N
1429	68	1	f	191	843	637	\N
1430	67	2	f	191	843	636	\N
1431	50	1	f	191	844	681	\N
1432	50	2	f	191	844	680	\N
1473	68	1	f	197	869	579	\N
1474	68	2	f	197	869	578	\N
1475	70	1	f	197	870	795	\N
1476	71	2	f	197	870	794	\N
1477	69	1	f	197	871	650	\N
1478	69	2	f	197	871	651	\N
1465	50	1	f	196	933	564	\N
1466	50	2	f	196	933	565	\N
1467	68	1	f	196	934	666	\N
1468	69	2	f	196	934	667	\N
1469	71	1	f	196	935	649	\N
1470	69	2	f	196	935	648	\N
1471	67	1	f	196	936	654	\N
1472	67	2	f	196	936	655	\N
2796	69	2	f	376	1566	993	\N
2797	69	1	f	376	1567	886	\N
2798	69	2	f	376	1567	887	\N
2800	68	2	f	376	1568	1243	\N
2785	72	1	f	375	1553	1040	\N
1489	70	1	f	199	865	613	\N
1490	68	2	f	199	865	612	\N
1491	74	1	f	199	866	521	\N
1492	73	2	f	199	866	520	\N
1493	72	1	f	199	867	827	\N
1494	72	2	f	199	867	826	\N
1495	76	1	f	199	868	831	\N
1496	75	2	f	199	868	830	\N
1479	66	1	f	197	872	605	\N
1480	66	2	f	197	872	604	\N
1481	74	1	f	198	881	507	\N
1482	74	2	f	198	881	506	\N
1483	70	1	f	198	882	784	\N
1484	63	2	f	198	882	785	\N
1485	71	1	f	198	883	800	\N
1486	71	2	f	198	883	801	\N
1487	71	1	f	198	884	733	\N
1488	72	2	f	198	884	732	\N
1497	69	1	f	200	897	724	\N
1498	70	2	f	200	897	725	\N
1499	68	1	f	200	898	593	\N
1500	68	2	f	200	898	592	\N
1501	70	1	f	200	899	598	\N
1502	70	2	f	200	899	599	\N
1503	67	1	f	200	900	551	\N
1504	67	2	f	200	900	550	\N
1505	73	1	f	201	877	652	\N
1506	72	2	f	201	877	653	\N
1507	72	1	f	201	878	807	\N
1508	71	2	f	201	878	806	\N
1509	69	1	f	201	879	797	\N
1510	69	2	f	201	879	796	\N
1511	70	1	f	201	880	715	\N
1512	70	2	f	201	880	714	\N
1513	73	1	f	202	909	718	\N
1514	73	2	f	202	909	719	\N
1515	73	1	f	202	910	662	\N
1516	72	2	f	202	910	663	\N
1517	70	1	f	202	911	799	\N
1518	70	2	f	202	911	798	\N
1519	72	1	f	202	912	822	\N
1520	72	2	f	202	912	823	\N
1561	74	1	f	208	893	828	\N
1562	75	2	f	208	893	829	\N
1563	74	1	f	208	894	690	\N
1564	74	2	f	208	894	691	\N
1565	76	1	f	208	895	824	\N
1566	75	2	f	208	895	825	\N
1567	75	1	f	208	896	512	\N
1568	75	2	f	208	896	513	\N
1569	66	1	f	209	861	622	\N
1570	66	2	f	209	861	623	\N
1571	68	1	f	209	862	754	\N
1572	68	2	f	209	862	755	\N
1573	69	1	f	209	863	514	\N
1574	68	2	f	209	863	515	\N
1575	65	1	f	209	864	629	\N
1576	65	2	f	209	864	628	\N
1537	69	1	f	205	885	591	\N
1538	70	2	f	205	885	590	\N
1539	72	1	f	205	886	728	\N
1540	72	2	f	205	886	729	\N
1541	69	1	f	205	887	743	\N
1542	68	2	f	205	887	742	\N
1543	71	1	f	205	888	535	\N
1544	70	2	f	205	888	534	\N
1521	73	1	f	203	845	821	\N
1522	73	2	f	203	845	820	\N
1523	72	1	f	203	846	792	\N
1524	72	2	f	203	846	793	\N
1525	74	1	f	203	847	529	\N
1526	73	2	f	203	847	528	\N
1527	71	1	f	203	848	539	\N
1528	70	2	f	203	848	538	\N
1545	73	1	f	206	837	530	\N
1546	73	2	f	206	837	531	\N
1547	74	1	f	206	838	689	\N
1548	75	2	f	206	838	688	\N
1549	72	1	f	206	839	524	\N
1550	72	2	f	206	839	525	\N
1551	71	1	f	206	840	721	\N
1552	71	2	f	206	840	720	\N
1577	72	1	f	210	921	704	\N
1578	71	2	f	210	921	705	\N
1579	72	1	f	210	922	553	\N
1580	73	2	f	210	922	552	\N
1581	70	1	f	210	923	778	\N
1582	69	2	f	210	923	779	\N
1583	70	1	f	210	924	516	\N
1584	71	2	f	210	924	517	\N
1529	70	1	f	204	889	805	\N
1530	71	2	f	204	889	804	\N
1531	50	1	f	204	890	657	\N
1532	50	2	f	204	890	656	\N
1533	68	1	f	204	891	803	\N
1534	67	2	f	204	891	802	\N
1535	67	1	f	204	892	741	\N
1536	66	2	f	204	892	740	\N
1553	50	1	f	207	849	630	\N
1554	50	2	f	207	849	631	\N
1555	70	1	f	207	850	716	\N
1556	70	2	f	207	850	717	\N
1557	69	1	f	207	851	584	\N
1558	68	2	f	207	851	585	\N
1559	71	1	f	207	852	557	\N
1560	72	2	f	207	852	556	\N
1586	66	2	f	211	861	623	\N
1587	68	1	f	211	862	754	\N
1588	68	2	f	211	862	755	\N
1589	69	1	f	211	863	514	\N
1590	68	2	f	211	863	515	\N
1592	65	2	f	211	864	628	\N
1593	50	1	f	212	929	658	\N
1585	66	1	f	211	861	622	\N
1591	65	1	f	211	864	629	\N
1594	50	2	f	212	929	659	\N
1595	50	1	f	212	930	780	\N
1596	51	2	f	212	930	781	\N
1597	55	1	f	212	931	782	\N
1598	55	2	f	212	931	783	\N
1599	51	1	f	212	932	786	\N
1600	51	2	f	212	932	787	\N
1601	67	1	f	213	829	586	\N
1602	67	2	f	213	829	587	\N
1603	50	1	f	213	830	548	\N
1604	50	2	f	213	830	549	\N
1605	66	1	f	213	831	737	\N
1606	66	2	f	213	831	736	\N
1607	68	1	f	213	832	711	\N
1608	69	2	f	213	832	710	\N
1609	73	1	f	214	901	661	\N
1610	73	2	f	214	901	660	\N
1611	74	1	f	214	902	818	\N
1612	75	2	f	214	902	819	\N
1613	72	1	f	214	903	508	\N
1614	71	2	f	214	903	509	\N
1615	71	1	f	214	904	561	\N
1616	71	2	f	214	904	560	\N
1649	66	1	f	219	1009	637	\N
1650	66	2	f	219	1009	636	\N
1651	69	1	f	219	1010	655	\N
1652	69	2	f	219	1010	654	\N
1653	67	1	f	219	1011	748	\N
1654	67	2	f	219	1011	749	\N
1655	67	1	f	219	1012	778	\N
1656	68	2	f	219	1012	779	\N
1617	50	1	f	215	945	678	\N
1618	50	2	f	215	945	679	\N
1619	60	1	f	215	946	628	\N
1620	60	2	f	215	946	629	\N
1621	64	1	f	215	947	608	\N
1622	63	2	f	215	947	609	\N
1623	50	1	f	215	948	780	\N
1624	51	2	f	215	948	781	\N
1625	50	1	f	216	1025	681	\N
1626	50	2	f	216	1025	680	\N
1627	67	1	f	216	1026	810	\N
1628	66	2	f	216	1026	811	\N
1629	50	1	f	216	1027	540	\N
1630	51	2	f	216	1027	541	\N
1631	51	1	f	216	1028	812	\N
1632	51	2	f	216	1028	813	\N
1657	71	1	f	220	961	550	\N
1658	70	2	f	220	961	551	\N
1659	68	1	f	220	962	737	\N
1660	68	2	f	220	962	736	\N
1661	70	1	f	220	963	532	\N
1662	70	2	f	220	963	533	\N
1663	68	1	f	220	964	626	\N
1664	67	2	f	220	964	627	\N
1673	68	1	f	222	965	730	\N
1674	67	2	f	222	965	731	\N
1675	65	1	f	222	966	579	\N
1676	65	2	f	222	966	578	\N
1677	50	1	f	222	967	623	\N
1678	50	2	f	222	967	622	\N
1679	64	1	f	222	968	695	\N
1680	64	2	f	222	968	694	\N
1665	67	1	f	221	1001	733	\N
1666	68	2	f	221	1001	732	\N
1667	66	1	f	221	1002	607	\N
1668	65	2	f	221	1002	606	\N
1669	69	1	f	221	1003	745	\N
1670	67	2	f	221	1003	744	\N
1671	70	1	f	221	1004	797	\N
1672	69	2	f	221	1004	796	\N
1633	67	1	f	217	1013	666	\N
1634	67	2	f	217	1013	667	\N
1635	50	1	f	217	1014	788	\N
1636	50	2	f	217	1014	789	\N
1637	66	1	f	217	1015	734	\N
1638	66	2	f	217	1015	735	\N
1639	50	1	f	217	1016	536	\N
1640	51	2	f	217	1016	537	\N
1641	69	1	f	218	981	664	\N
1642	69	2	f	218	981	665	\N
1643	68	1	f	218	982	686	\N
1644	69	2	f	218	982	687	\N
1645	50	1	f	218	983	630	\N
1646	50	2	f	218	983	631	\N
1647	68	1	f	218	984	592	\N
1648	68	2	f	218	984	593	\N
1689	74	1	f	224	985	598	\N
1690	72	2	f	224	985	599	\N
1691	72	1	f	224	986	804	\N
1692	73	2	f	224	986	805	\N
1693	69	1	f	224	987	662	\N
1694	69	2	f	224	987	663	\N
1695	70	1	f	224	988	728	\N
1696	70	2	f	224	988	729	\N
1681	69	1	f	223	941	795	\N
1682	69	2	f	223	941	794	\N
1683	70	1	f	223	942	507	\N
1684	70	2	f	223	942	506	\N
1685	67	1	f	223	943	724	\N
1686	66	2	f	223	943	725	\N
1687	66	1	f	223	944	701	\N
1688	65	2	f	223	944	700	\N
1699	74	1	f	225	978	704	\N
1700	73	2	f	225	978	705	\N
1701	70	1	f	225	979	722	\N
1702	70	2	f	225	979	723	\N
1703	71	1	f	225	980	708	\N
1704	71	2	f	225	980	709	\N
1705	68	1	f	226	989	743	\N
1706	68	2	f	226	989	742	\N
1697	72	1	f	225	977	649	\N
1698	72	2	f	225	977	648	\N
1707	71	1	f	226	990	560	\N
1708	71	2	f	226	990	561	\N
1709	71	1	f	226	991	740	\N
1710	70	2	f	226	991	741	\N
1711	70	1	f	226	992	612	\N
1712	69	2	f	226	992	613	\N
1753	75	1	f	232	937	706	\N
1754	73	2	f	232	937	707	\N
1755	74	1	f	232	938	512	\N
1756	73	2	f	232	938	513	\N
1757	72	1	f	232	939	715	\N
1758	73	2	f	232	939	714	\N
1759	71	1	f	232	940	553	\N
1760	72	2	f	232	940	552	\N
1745	76	1	f	231	949	825	\N
1746	76	2	f	231	949	824	\N
1747	76	1	f	231	950	528	\N
1748	75	2	f	231	950	529	\N
1749	75	1	f	231	951	831	\N
1750	75	2	f	231	951	830	\N
1751	72	1	f	231	952	807	\N
1752	72	2	f	231	952	806	\N
1729	75	1	f	229	1021	689	\N
1730	76	2	f	229	1021	688	\N
1731	73	1	f	229	1022	652	\N
1732	72	2	f	229	1022	653	\N
1733	72	1	f	229	1023	718	\N
1734	72	2	f	229	1023	719	\N
1735	75	1	f	229	1024	818	\N
1736	75	2	f	229	1024	819	\N
1721	71	1	f	228	973	514	\N
1722	72	2	f	228	973	515	\N
1723	70	1	f	228	974	557	\N
1724	70	2	f	228	974	556	\N
1725	73	1	f	228	975	521	\N
1726	72	2	f	228	975	520	\N
1727	74	1	f	228	976	820	\N
1728	73	2	f	228	976	821	\N
1777	70	1	f	235	957	710	\N
1778	70	2	f	235	957	711	\N
1779	71	1	f	235	958	530	\N
1780	72	2	f	235	958	531	\N
1781	73	1	f	235	959	661	\N
1782	72	2	f	235	959	660	\N
1783	71	1	f	235	960	526	\N
1784	70	2	f	235	960	527	\N
1761	71	1	f	233	1017	755	\N
1762	72	2	f	233	1017	754	\N
1763	67	1	f	233	1018	767	\N
1764	68	2	f	233	1018	766	\N
1765	71	1	f	233	1019	721	\N
1766	70	2	f	233	1019	720	\N
1767	66	1	f	233	1020	783	\N
1768	66	2	f	233	1020	782	\N
1713	74	1	f	227	997	827	\N
1714	73	2	f	227	997	826	\N
1715	72	1	f	227	998	799	\N
1716	72	2	f	227	998	798	\N
1717	71	1	f	227	999	543	\N
1718	71	2	f	227	999	542	\N
1719	73	1	f	227	1000	524	\N
1720	73	2	f	227	1000	525	\N
1737	72	1	f	230	953	535	\N
1738	71	2	f	230	953	534	\N
1739	71	1	f	230	954	829	\N
1740	73	2	f	230	954	828	\N
1741	70	1	f	230	955	792	\N
1742	70	2	f	230	955	793	\N
1743	71	1	f	230	956	508	\N
1744	70	2	f	230	956	509	\N
1769	73	1	f	234	1005	651	\N
1770	72	2	f	234	1005	650	\N
1771	69	1	f	234	1006	539	\N
1772	68	2	f	234	1006	538	\N
1773	70	1	f	234	1007	591	\N
1774	72	2	f	234	1007	590	\N
1775	71	1	f	234	1008	746	\N
1776	72	2	f	234	1008	747	\N
1785	75	1	f	236	993	823	\N
1786	75	2	f	236	993	822	\N
1787	70	1	f	236	994	803	\N
1788	70	2	f	236	994	802	\N
1789	71	1	f	236	995	690	\N
1790	72	2	f	236	995	691	\N
1791	73	1	f	236	996	716	\N
1792	72	2	f	236	996	717	\N
1793	68	1	f	237	969	800	\N
1794	68	2	f	237	969	801	\N
1795	69	1	f	237	970	587	\N
1796	69	2	f	237	970	586	\N
1797	67	1	f	237	971	516	\N
1798	67	2	f	237	971	517	\N
1799	66	1	f	237	972	584	\N
1800	66	2	f	237	972	585	\N
1801	51	1	f	238	1029	814	\N
1802	51	2	f	238	1029	815	\N
1803	51	1	f	238	1030	637	\N
1804	50	2	f	238	1030	636	\N
1805	50	1	f	238	1031	678	\N
1806	50	2	f	238	1031	679	\N
1807	67	1	f	238	1032	743	\N
1808	67	2	f	238	1032	742	\N
1810	69	2	f	239	1081	585	\N
1811	68	1	f	239	1082	737	\N
1812	68	2	f	239	1082	736	\N
1813	50	1	f	239	1083	812	\N
1814	51	2	f	239	1083	813	\N
1815	50	1	f	239	1084	606	\N
1816	50	2	f	239	1084	607	\N
1809	69	1	f	239	1081	584	\N
1818	68	2	f	240	1101	516	\N
1881	70	1	f	248	1105	560	\N
1882	70	2	f	248	1105	561	\N
1883	68	1	f	248	1106	508	\N
1884	67	2	f	248	1106	509	\N
1885	72	1	f	248	1107	535	\N
1886	71	2	f	248	1107	534	\N
1887	66	1	f	248	1108	664	\N
1888	66	2	f	248	1108	665	\N
1825	68	1	f	241	1069	748	\N
1826	68	2	f	241	1069	749	\N
1827	67	1	f	241	1070	694	\N
1828	67	2	f	241	1070	695	\N
1829	65	1	f	241	1071	628	\N
1830	66	2	f	241	1071	629	\N
1831	67	1	f	241	1072	539	\N
1832	66	2	f	241	1072	538	\N
1905	70	1	f	251	1045	649	\N
1906	70	2	f	251	1045	648	\N
1907	69	1	f	251	1046	651	\N
1908	70	2	f	251	1046	650	\N
1909	68	1	f	251	1047	754	\N
1910	68	2	f	251	1047	755	\N
1911	69	1	f	251	1048	666	\N
1912	69	2	f	251	1048	667	\N
1857	70	1	f	245	1037	718	\N
1858	71	2	f	245	1037	719	\N
1859	70	1	f	245	1038	527	\N
1860	72	2	f	245	1038	526	\N
1861	70	1	f	245	1039	728	\N
1862	70	2	f	245	1039	729	\N
1863	69	1	f	245	1040	587	\N
1864	50	2	f	245	1040	586	\N
1889	69	1	f	249	1085	745	\N
1890	69	2	f	249	1085	744	\N
1891	70	1	f	249	1086	514	\N
1892	71	2	f	249	1086	515	\N
1893	68	1	f	249	1087	687	\N
1894	67	2	f	249	1087	686	\N
1895	66	1	f	249	1088	741	\N
1896	66	2	f	249	1088	740	\N
1873	69	1	f	247	1109	557	\N
1874	70	2	f	247	1109	556	\N
1875	68	1	f	247	1110	725	\N
1876	68	2	f	247	1110	724	\N
1877	71	1	f	247	1111	730	\N
1878	70	2	f	247	1111	731	\N
1879	67	1	f	247	1112	807	\N
1880	67	2	f	247	1112	806	\N
1897	73	1	f	250	1089	720	\N
1898	74	2	f	250	1089	721	\N
1899	72	1	f	250	1090	708	\N
1900	71	2	f	250	1090	709	\N
1901	74	1	f	250	1091	552	\N
1902	72	2	f	250	1091	553	\N
1903	72	1	f	250	1092	734	\N
1904	72	2	f	250	1092	735	\N
1865	68	1	f	246	1073	533	\N
1866	68	2	f	246	1073	532	\N
1867	69	1	f	246	1074	732	\N
1868	69	2	f	246	1074	733	\N
1869	67	1	f	246	1075	579	\N
1870	67	2	f	246	1075	578	\N
1871	50	1	f	246	1076	792	\N
1872	50	2	f	246	1076	793	\N
1849	68	1	f	244	1093	722	\N
1850	68	2	f	244	1093	723	\N
1851	69	1	f	244	1094	778	\N
1852	68	2	f	244	1094	779	\N
1853	50	1	f	244	1095	766	\N
1854	50	2	f	244	1095	767	\N
1855	67	1	f	244	1096	802	\N
1856	66	2	f	244	1096	803	\N
1841	69	1	f	243	1049	608	\N
1842	68	2	f	243	1049	609	\N
1843	70	1	f	243	1050	690	\N
1844	72	2	f	243	1050	691	\N
1845	50	1	f	243	1051	612	\N
1846	50	2	f	243	1051	613	\N
1847	68	1	f	243	1052	590	\N
1848	68	2	f	243	1052	591	\N
1817	68	1	f	240	1101	517	\N
1819	70	1	f	240	1102	592	\N
1820	68	2	f	240	1102	593	\N
1821	67	1	f	240	1103	810	\N
1822	67	2	f	240	1103	811	\N
1823	66	1	f	240	1104	799	\N
1824	67	2	f	240	1104	798	\N
1833	50	1	f	242	1097	700	\N
1834	50	2	f	242	1097	701	\N
1835	69	1	f	242	1098	801	\N
1836	69	2	f	242	1098	800	\N
1837	69	1	f	242	1099	711	\N
1838	70	2	f	242	1099	710	\N
1839	68	1	f	242	1100	542	\N
1840	68	2	f	242	1100	543	\N
1913	76	1	f	252	1061	818	\N
1914	76	2	f	252	1061	819	\N
1915	73	1	f	252	1062	598	\N
1916	73	2	f	252	1062	599	\N
1917	75	1	f	252	1063	689	\N
1918	75	2	f	252	1063	688	\N
1919	76	1	f	252	1064	824	\N
1920	75	2	f	252	1064	825	\N
1930	72	2	f	254	1077	717	\N
1931	72	1	f	254	1078	823	\N
1921	74	1	f	253	1041	529	\N
1922	73	2	f	253	1041	528	\N
1923	73	1	f	253	1042	821	\N
1924	75	2	f	253	1042	820	\N
1925	72	1	f	253	1043	706	\N
1926	71	2	f	253	1043	707	\N
1927	71	1	f	253	1044	661	\N
1928	70	2	f	253	1044	660	\N
1937	73	1	f	255	1033	827	\N
1938	73	2	f	255	1033	826	\N
1939	72	1	f	255	1034	520	\N
1940	72	2	f	255	1034	521	\N
1941	75	1	f	255	1035	512	\N
1942	74	2	f	255	1035	513	\N
1943	73	1	f	255	1036	829	\N
1944	74	2	f	255	1036	828	\N
1929	73	1	f	254	1077	716	\N
1932	72	2	f	254	1078	822	\N
1933	71	1	f	254	1079	652	\N
1934	70	2	f	254	1079	653	\N
1935	72	1	f	254	1080	804	\N
1936	71	2	f	254	1080	805	\N
1945	72	1	f	256	1057	715	\N
1946	72	2	f	256	1057	714	\N
1947	70	1	f	256	1058	550	\N
1948	69	2	f	256	1058	551	\N
1949	67	1	f	256	1059	746	\N
1950	67	2	f	256	1059	747	\N
1951	69	1	f	256	1060	662	\N
1952	67	2	f	256	1060	663	\N
1971	68	1	f	273	1206	1037	\N
1972	68	2	f	273	1206	1036	\N
1973	68	1	f	273	1207	1177	\N
1974	69	2	f	273	1207	1176	\N
1975	70	1	f	273	1208	1168	\N
1976	69	2	f	273	1208	1169	\N
1977	69	1	f	274	1193	982	\N
1978	69	2	f	274	1193	983	\N
1961	72	1	f	258	1065	797	\N
1962	71	2	f	258	1065	796	\N
1963	71	1	f	258	1066	525	\N
1964	71	2	f	258	1066	524	\N
1965	69	1	f	258	1067	654	\N
1966	69	2	f	258	1067	655	\N
1967	68	1	f	258	1068	794	\N
1968	68	2	f	258	1068	795	\N
1953	74	1	f	257	1053	704	\N
1954	73	2	f	257	1053	705	\N
1955	73	1	f	257	1054	830	\N
1956	73	2	f	257	1054	831	\N
1957	75	1	f	257	1055	531	\N
1958	74	2	f	257	1055	530	\N
1959	71	1	f	257	1056	507	\N
1960	70	2	f	257	1056	506	\N
1969	50	1	f	273	1205	1238	\N
1970	50	2	f	273	1205	1239	\N
1979	71	1	f	274	1194	1242	\N
1980	70	2	f	274	1194	1243	\N
1981	69	1	f	274	1195	1179	\N
1982	68	2	f	274	1195	1178	\N
1983	70	1	f	274	1196	942	\N
1984	70	2	f	274	1196	943	\N
1985	72	1	f	275	1221	1223	\N
1986	72	2	f	275	1221	1222	\N
1987	70	1	f	275	1222	1180	\N
1988	70	2	f	275	1222	1181	\N
1989	69	1	f	275	1223	922	\N
1990	69	2	f	275	1223	923	\N
1991	72	1	f	275	1224	988	\N
1992	71	2	f	275	1224	989	\N
2009	73	1	f	278	1285	963	\N
2010	74	2	f	278	1285	962	\N
2011	68	1	f	278	1286	1228	\N
2012	68	2	f	278	1286	1229	\N
2013	73	1	f	278	1287	1237	\N
2014	72	2	f	278	1287	1236	\N
2015	71	1	f	278	1288	890	\N
2016	71	2	f	278	1288	891	\N
2001	67	1	f	277	1293	1156	\N
2002	67	2	f	277	1293	1157	\N
2003	69	1	f	277	1294	1202	\N
2004	68	2	f	277	1294	1203	\N
2005	68	1	f	277	1295	952	\N
2006	68	2	f	277	1295	953	\N
2007	68	1	f	277	1296	1007	\N
2008	67	2	f	277	1296	1006	\N
2017	68	1	f	279	1249	1207	\N
2018	68	2	f	279	1249	1206	\N
2019	65	1	f	279	1250	1253	\N
2020	65	2	f	279	1250	1252	\N
2021	59	1	f	279	1251	1240	\N
2022	63	2	f	279	1251	1241	\N
2023	63	1	f	279	1252	1069	\N
2024	63	2	f	279	1252	1068	\N
1993	70	1	f	276	1301	1167	\N
1994	70	2	f	276	1301	1166	\N
1995	67	1	f	276	1302	1163	\N
1996	67	2	f	276	1302	1162	\N
1997	69	1	f	276	1303	1043	\N
1998	69	2	f	276	1303	1042	\N
1999	68	1	f	276	1304	1208	\N
2000	68	2	f	276	1304	1209	\N
2026	72	2	f	280	1201	904	\N
2027	72	1	f	280	1202	1188	\N
2029	69	1	f	280	1203	916	\N
2030	68	2	f	280	1203	917	\N
2031	70	1	f	280	1204	1065	\N
2032	69	2	f	280	1204	1064	\N
2041	69	1	f	282	1197	1224	\N
2042	70	2	f	282	1197	1225	\N
2043	68	1	f	282	1198	1038	\N
2044	68	2	f	282	1198	1039	\N
2045	72	1	f	282	1199	1151	\N
2033	69	1	f	281	1277	926	\N
2034	70	2	f	281	1277	927	\N
2035	69	1	f	281	1278	1161	\N
2036	71	2	f	281	1278	1160	\N
2037	72	1	f	281	1279	1299	\N
2038	69	2	f	281	1279	1300	\N
2039	69	1	f	281	1280	889	\N
2089	71	1	f	288	1305	1000	\N
2090	71	2	f	288	1305	1001	\N
2091	70	1	f	288	1306	1130	\N
2092	70	2	f	288	1306	1131	\N
2093	69	1	f	288	1307	1190	\N
2094	69	2	f	288	1307	1191	\N
2095	68	1	f	288	1308	1092	\N
2096	68	2	f	288	1308	1093	\N
2025	72	1	f	280	1201	905	\N
2028	71	2	f	280	1202	1189	\N
2129	71	1	f	293	1325	1132	\N
2130	71	2	f	293	1325	1133	\N
2131	71	1	f	293	1326	990	\N
2132	72	2	f	293	1326	991	\N
2133	67	1	f	293	1327	1205	\N
2134	66	2	f	293	1327	1204	\N
2135	68	1	f	293	1328	996	\N
2136	66	2	f	293	1328	997	\N
2046	70	2	f	282	1199	1150	\N
2047	66	1	f	282	1200	1073	\N
2048	66	2	f	282	1200	1072	\N
2049	71	1	f	283	1173	1052	\N
2050	71	2	f	283	1173	1053	\N
2051	68	1	f	283	1174	1100	\N
2052	68	2	f	283	1174	1101	\N
2053	68	1	f	283	1175	1054	\N
2054	67	2	f	283	1175	1055	\N
2055	70	1	f	283	1176	1008	\N
2056	70	2	f	283	1176	1009	\N
2097	72	1	f	289	1241	1094	\N
2098	71	2	f	289	1241	1095	\N
2099	68	1	f	289	1242	1075	\N
2100	69	2	f	289	1242	1074	\N
2101	73	1	f	289	1243	1117	\N
2102	74	2	f	289	1243	1116	\N
2103	68	1	f	289	1244	987	\N
2104	68	2	f	289	1244	986	\N
2081	73	1	f	287	1269	980	\N
2082	72	2	f	287	1269	981	\N
2083	72	1	f	287	1270	1216	\N
2084	72	2	f	287	1270	1217	\N
2085	72	1	f	287	1271	956	\N
2086	71	2	f	287	1271	957	\N
2087	70	1	f	287	1272	1154	\N
2088	69	2	f	287	1272	1155	\N
2057	68	1	f	284	1297	1230	\N
2058	68	2	f	284	1297	1231	\N
2059	69	1	f	284	1298	1123	\N
2060	70	2	f	284	1298	1122	\N
2061	67	1	f	284	1299	1096	\N
2062	67	2	f	284	1299	1097	\N
2063	66	1	f	284	1300	897	\N
2064	66	2	f	284	1300	896	\N
2137	74	1	f	294	1177	1014	\N
2138	73	2	f	294	1177	1015	\N
2139	75	1	f	294	1178	1182	\N
2140	73	2	f	294	1178	1183	\N
2141	50	1	f	294	1179	1128	\N
2142	50	2	f	294	1179	1129	\N
2143	72	1	f	294	1180	1135	\N
2144	71	2	f	294	1180	1134	\N
2040	69	2	f	281	1280	888	\N
2105	50	1	f	290	1265	934	\N
2106	50	2	f	290	1265	935	\N
2107	75	1	f	290	1266	970	\N
2108	74	2	f	290	1266	971	\N
2109	71	1	f	290	1267	992	\N
2110	70	2	f	290	1267	993	\N
2111	68	1	f	290	1268	1127	\N
2112	68	2	f	290	1268	1126	\N
2113	70	1	f	291	1237	1066	\N
2114	70	2	f	291	1237	1067	\N
2115	70	1	f	291	1238	1226	\N
2116	69	2	f	291	1238	1227	\N
2117	69	1	f	291	1239	1199	\N
2118	69	2	f	291	1239	1198	\N
2119	71	1	f	291	1240	1200	\N
2120	71	2	f	291	1240	1201	\N
2121	70	1	f	292	1253	930	\N
2122	69	2	f	292	1253	931	\N
2123	67	1	f	292	1254	978	\N
2124	68	2	f	292	1254	979	\N
2125	71	1	f	292	1255	1142	\N
2126	70	2	f	292	1255	1143	\N
2127	69	1	f	292	1256	878	\N
2128	69	2	f	292	1256	879	\N
2065	70	1	f	285	1289	898	\N
2066	71	2	f	285	1289	899	\N
2067	70	1	f	285	1290	1254	\N
2068	70	2	f	285	1290	1255	\N
2069	68	1	f	285	1291	1172	\N
2070	68	2	f	285	1291	1173	\N
2071	69	1	f	285	1292	1138	\N
2072	69	2	f	285	1292	1139	\N
2073	72	1	f	286	1261	1149	\N
2074	72	2	f	286	1261	1148	\N
2075	66	1	f	286	1262	893	\N
2076	66	2	f	286	1262	892	\N
2077	70	1	f	286	1263	1085	\N
2078	70	2	f	286	1263	1084	\N
2079	68	1	f	286	1264	910	\N
2080	68	2	f	286	1264	911	\N
2154	69	2	f	296	1185	1070	\N
2155	66	1	f	296	1186	1082	\N
2156	66	2	f	296	1186	1083	\N
2145	70	1	f	295	1189	1145	\N
2146	70	2	f	295	1189	1144	\N
2148	68	2	f	295	1190	1041	\N
2149	68	1	f	295	1191	1048	\N
2150	67	2	f	295	1191	1049	\N
2151	72	1	f	295	1192	1016	\N
2152	71	2	f	295	1192	1017	\N
2153	69	1	f	296	1185	1071	\N
2157	68	1	f	296	1187	907	\N
2158	69	2	f	296	1187	906	\N
2159	65	1	f	296	1188	947	\N
2160	65	2	f	296	1188	946	\N
2147	68	1	f	295	1190	1040	\N
2161	71	1	f	297	1229	895	\N
2162	71	2	f	297	1229	894	\N
2163	74	1	f	297	1230	960	\N
2164	75	2	f	297	1230	961	\N
2165	74	1	f	297	1231	1109	\N
2166	74	2	f	297	1231	1108	\N
2167	72	1	f	297	1232	1146	\N
2168	72	2	f	297	1232	1147	\N
2169	70	1	f	298	1273	882	\N
2170	70	2	f	298	1273	883	\N
2171	69	1	f	298	1274	1059	\N
2172	69	2	f	298	1274	1058	\N
2173	73	1	f	298	1275	1113	\N
2174	72	2	f	298	1275	1112	\N
2175	68	1	f	298	1276	1029	\N
2176	67	2	f	298	1276	1028	\N
2193	71	1	f	301	1225	975	\N
2194	71	2	f	301	1225	974	\N
2195	70	1	f	301	1226	1248	\N
2196	69	2	f	301	1226	1249	\N
2197	69	1	f	301	1227	880	\N
2198	68	2	f	301	1227	881	\N
2199	50	1	f	301	1228	1102	\N
2200	50	2	f	301	1228	1103	\N
2177	73	1	f	299	1169	1033	\N
2178	73	2	f	299	1169	1032	\N
2179	72	1	f	299	1170	985	\N
2180	72	2	f	299	1170	984	\N
2181	70	1	f	299	1171	924	\N
2182	69	2	f	299	1171	925	\N
2183	71	1	f	299	1172	1088	\N
2184	70	2	f	299	1172	1089	\N
2221	69	1	f	304	1323	1174	\N
2222	70	2	f	304	1323	1175	\N
2223	68	1	f	304	1324	948	\N
2224	68	2	f	304	1324	949	\N
2225	74	1	f	305	1309	1056	\N
2226	72	2	f	305	1309	1057	\N
2227	71	1	f	305	1310	1196	\N
2228	72	2	f	305	1310	1197	\N
2185	71	1	f	300	1313	1170	\N
2186	71	2	f	300	1313	1171	\N
2187	69	1	f	300	1314	1136	\N
2188	69	2	f	300	1314	1137	\N
2189	69	1	f	300	1315	998	\N
2190	68	2	f	300	1315	999	\N
2191	68	1	f	300	1316	1233	\N
2192	68	2	f	300	1316	1232	\N
2201	71	1	f	302	1313	1170	\N
2202	71	2	f	302	1313	1171	\N
2203	69	1	f	302	1314	1136	\N
2204	69	2	f	302	1314	1137	\N
2205	69	1	f	302	1315	998	\N
2206	68	2	f	302	1315	999	\N
2207	68	1	f	302	1316	1233	\N
2208	68	2	f	302	1316	1232	\N
2209	71	1	f	303	1313	1170	\N
2210	71	2	f	303	1313	1171	\N
2211	69	1	f	303	1314	1136	\N
2212	69	2	f	303	1314	1137	\N
2213	68	1	f	303	1315	998	\N
2214	68	2	f	303	1315	999	\N
2215	69	1	f	303	1316	1233	\N
2216	68	2	f	303	1316	1232	\N
2217	73	1	f	304	1321	1247	\N
2218	74	2	f	304	1321	1246	\N
2219	72	1	f	304	1322	900	\N
2220	71	2	f	304	1322	901	\N
2229	72	1	f	305	1311	885	\N
2230	72	2	f	305	1311	884	\N
2231	70	1	f	305	1312	951	\N
2232	69	2	f	305	1312	950	\N
2241	66	1	f	307	1217	1062	\N
2242	66	2	f	307	1217	1063	\N
2243	72	1	f	307	1218	1047	\N
2244	73	2	f	307	1218	1046	\N
2245	70	1	f	307	1219	1013	\N
2246	70	2	f	307	1219	1012	\N
2247	70	1	f	307	1220	958	\N
2248	69	2	f	307	1220	959	\N
2249	71	1	f	308	1233	940	\N
2250	71	2	f	308	1233	941	\N
2251	71	1	f	308	1234	1215	\N
2252	70	2	f	308	1234	1214	\N
2253	70	1	f	308	1235	1004	\N
2254	70	2	f	308	1235	1005	\N
2255	71	1	f	308	1236	1104	\N
2256	73	2	f	308	1236	1105	\N
2233	70	1	f	306	1181	1193	\N
2234	70	2	f	306	1181	1192	\N
2235	68	1	f	306	1182	1050	\N
2236	68	2	f	306	1182	1051	\N
2237	66	1	f	306	1183	1234	\N
2238	66	2	f	306	1183	1235	\N
2239	67	1	f	306	1184	1027	\N
2240	67	2	f	306	1184	1026	\N
2257	68	1	f	309	1317	875	\N
2258	69	2	f	309	1317	874	\N
2259	72	1	f	309	1318	1120	\N
2260	72	2	f	309	1318	1121	\N
2261	71	1	f	309	1319	1044	\N
2262	71	2	f	309	1319	1045	\N
2263	71	1	f	309	1320	886	\N
2264	70	2	f	309	1320	887	\N
2266	75	2	f	310	1281	1213	\N
2267	70	1	f	310	1282	1218	\N
2265	75	1	f	310	1281	1212	\N
2268	70	2	f	310	1282	1219	\N
2269	72	1	f	310	1283	969	\N
2270	72	2	f	310	1283	968	\N
2271	74	1	f	310	1284	1019	\N
2272	74	2	f	310	1284	1018	\N
2281	70	1	f	312	1257	1060	\N
2282	69	2	f	312	1257	1061	\N
2283	69	1	f	312	1258	1251	\N
2284	68	2	f	312	1258	1250	\N
2285	68	1	f	312	1259	1077	\N
2286	68	2	f	312	1259	1076	\N
2287	67	1	f	312	1260	972	\N
2288	67	2	f	312	1260	973	\N
2273	72	1	f	311	1213	1159	\N
2274	71	2	f	311	1213	1158	\N
2275	71	1	f	311	1214	1011	\N
2276	71	2	f	311	1214	1010	\N
2277	69	1	f	311	1215	937	\N
2278	69	2	f	311	1215	936	\N
2279	69	1	f	311	1216	918	\N
2280	70	2	f	311	1216	919	\N
2289	71	1	f	313	1209	1164	\N
2290	71	2	f	313	1209	1165	\N
2291	68	1	f	313	1210	1211	\N
2292	68	2	f	313	1210	1210	\N
2293	72	1	f	313	1211	1119	\N
2294	73	2	f	313	1211	1118	\N
2295	71	1	f	313	1212	1107	\N
2296	70	2	f	313	1212	1106	\N
2297	72	1	f	314	1245	1080	\N
2298	72	2	f	314	1245	1081	\N
2299	73	1	f	314	1246	954	\N
2300	73	2	f	314	1246	955	\N
2301	71	1	f	314	1247	976	\N
2302	70	2	f	314	1247	977	\N
2303	70	1	f	314	1248	932	\N
2304	69	2	f	314	1248	933	\N
2305	72	1	f	315	1245	1080	\N
2306	72	2	f	315	1245	1081	\N
2307	73	1	f	315	1246	954	\N
2308	73	2	f	315	1246	955	\N
2309	71	1	f	315	1247	976	\N
2310	70	2	f	315	1247	977	\N
2311	70	1	f	315	1248	932	\N
2312	69	2	f	315	1248	933	\N
2329	72	1	f	318	1377	1172	\N
2330	72	2	f	318	1377	1173	\N
2331	70	1	f	318	1378	1204	\N
2332	70	2	f	318	1378	1205	\N
2333	69	1	f	318	1379	1063	\N
2334	69	2	f	318	1379	1062	\N
2335	71	1	f	318	1380	1210	\N
2336	71	2	f	318	1380	1211	\N
2321	50	1	f	317	1349	1102	\N
2322	50	2	f	317	1349	1103	\N
2323	70	1	f	317	1350	949	\N
2324	70	2	f	317	1350	948	\N
2325	50	1	f	317	1351	1303	\N
2326	51	2	f	317	1351	1304	\N
2327	69	1	f	317	1352	998	\N
2328	69	2	f	317	1352	999	\N
2313	65	1	f	316	1469	1073	\N
2314	65	2	f	316	1469	1072	\N
2315	60	1	f	316	1470	1235	\N
2316	60	2	f	316	1470	1234	\N
2317	50	1	f	316	1471	1218	\N
2318	50	2	f	316	1471	1219	\N
2319	64	1	f	316	1472	1198	\N
2320	63	2	f	316	1472	1199	\N
2353	72	1	f	321	1457	952	\N
2354	72	2	f	321	1457	953	\N
2355	70	1	f	321	1458	942	\N
2356	71	2	f	321	1458	943	\N
2357	67	1	f	321	1459	1080	\N
2358	67	2	f	321	1459	1081	\N
2359	69	1	f	321	1460	1066	\N
2360	68	2	f	321	1460	1067	\N
2345	70	1	f	320	1465	937	\N
2346	71	2	f	320	1465	936	\N
2347	69	1	f	320	1466	1048	\N
2348	68	2	f	320	1466	1049	\N
2349	50	1	f	320	1467	1154	\N
2350	50	2	f	320	1467	1155	\N
2351	67	1	f	320	1468	1240	\N
2352	67	2	f	320	1468	1241	\N
2337	65	1	f	319	1341	1096	\N
2338	65	2	f	319	1341	1097	\N
2339	55	1	f	319	1342	1069	\N
2340	59	2	f	319	1342	1068	\N
2341	66	1	f	319	1343	910	\N
2342	67	2	f	319	1343	911	\N
2343	68	1	f	319	1344	982	\N
2344	68	2	f	319	1344	983	\N
2369	69	1	f	323	1449	1232	\N
2370	68	2	f	323	1449	1233	\N
2371	68	1	f	323	1450	1076	\N
2372	67	2	f	323	1450	1077	\N
2373	68	1	f	323	1451	1215	\N
2374	68	2	f	323	1451	1214	\N
2375	67	1	f	323	1452	1083	\N
2376	66	2	f	323	1452	1082	\N
2361	65	1	f	322	1421	1093	\N
2362	65	2	f	322	1421	1092	\N
2363	50	1	f	322	1422	946	\N
2364	50	2	f	322	1422	947	\N
2365	69	1	f	322	1423	1028	\N
2366	69	2	f	322	1423	1029	\N
2367	67	1	f	322	1424	1005	\N
2368	67	2	f	322	1424	1004	\N
2378	71	2	f	324	1429	979	\N
2379	69	1	f	324	1430	922	\N
2380	69	2	f	324	1430	923	\N
2377	71	1	f	324	1429	978	\N
2381	50	1	f	324	1431	892	\N
2382	50	2	f	324	1431	893	\N
2383	70	1	f	324	1432	1179	\N
2384	70	2	f	324	1432	1178	\N
2393	69	1	f	326	1477	1026	\N
2394	70	2	f	326	1477	1027	\N
2395	69	1	f	326	1478	1135	\N
2396	69	2	f	326	1478	1134	\N
2397	70	1	f	326	1479	875	\N
2398	71	2	f	326	1479	874	\N
2399	69	1	f	326	1480	1197	\N
2400	68	2	f	326	1480	1196	\N
2425	65	1	f	330	1393	972	\N
2426	65	2	f	330	1393	973	\N
2427	64	1	f	330	1394	895	\N
2428	64	2	f	330	1394	894	\N
2429	51	1	f	330	1395	1228	\N
2430	51	2	f	330	1395	1229	\N
2431	50	1	f	330	1396	1162	\N
2432	50	2	f	330	1396	1163	\N
2401	74	1	f	327	1397	1151	\N
2402	72	2	f	327	1397	1150	\N
2403	72	1	f	327	1398	1060	\N
2404	72	2	f	327	1398	1061	\N
2405	71	1	f	327	1399	904	\N
2406	71	2	f	327	1399	905	\N
2407	71	1	f	327	1400	1193	\N
2408	72	2	f	327	1400	1192	\N
2385	69	1	f	325	1365	1248	\N
2386	70	2	f	325	1365	1249	\N
2387	70	1	f	325	1366	1044	\N
2388	70	2	f	325	1366	1045	\N
2389	69	1	f	325	1367	1208	\N
2390	69	2	f	325	1367	1209	\N
2391	68	1	f	325	1368	1094	\N
2392	68	2	f	325	1368	1095	\N
2433	71	1	f	331	1389	1054	\N
2434	71	2	f	331	1389	1055	\N
2435	67	1	f	331	1390	1156	\N
2436	68	2	f	331	1390	1157	\N
2437	69	1	f	331	1391	897	\N
2438	69	2	f	331	1391	896	\N
2439	70	1	f	331	1392	916	\N
2440	70	2	f	331	1392	917	\N
2409	71	1	f	328	1437	1038	\N
2410	71	2	f	328	1437	1039	\N
2411	69	1	f	328	1438	1147	\N
2412	69	2	f	328	1438	1146	\N
2413	71	1	f	328	1439	1181	\N
2414	70	2	f	328	1439	1180	\N
2415	73	1	f	328	1440	976	\N
2416	72	2	f	328	1440	977	\N
2449	71	1	f	333	1345	1202	\N
2450	71	2	f	333	1345	1203	\N
2451	74	1	f	333	1346	1149	\N
2452	73	2	f	333	1346	1148	\N
2453	72	1	f	333	1347	1170	\N
2454	72	2	f	333	1347	1171	\N
2455	69	1	f	333	1348	954	\N
2456	70	2	f	333	1348	955	\N
2417	70	1	f	329	1409	918	\N
2418	71	2	f	329	1409	919	\N
2419	70	1	f	329	1410	1138	\N
2420	69	2	f	329	1410	1139	\N
2421	66	1	f	329	1411	1100	\N
2422	67	2	f	329	1411	1101	\N
2423	68	1	f	329	1412	1191	\N
2424	68	2	f	329	1412	1190	\N
2441	71	1	f	332	1453	1176	\N
2442	71	2	f	332	1453	1177	\N
2443	72	1	f	332	1454	1237	\N
2444	71	2	f	332	1454	1236	\N
2445	67	1	f	332	1455	1224	\N
2446	68	2	f	332	1455	1225	\N
2447	69	1	f	332	1456	1231	\N
2448	68	2	f	332	1456	1230	\N
2481	75	1	f	337	1473	970	\N
2482	75	2	f	337	1473	971	\N
2483	73	1	f	337	1474	1105	\N
2484	72	2	f	337	1474	1104	\N
2485	72	1	f	337	1475	980	\N
2486	72	2	f	337	1475	981	\N
2487	71	1	f	337	1476	1222	\N
2488	72	2	f	337	1476	1223	\N
2457	50	1	f	334	1481	1008	\N
2458	50	2	f	334	1481	1009	\N
2459	72	1	f	334	1482	1085	\N
2460	71	2	f	334	1482	1084	\N
2461	74	1	f	334	1483	1251	\N
2462	72	2	f	334	1483	1250	\N
2463	70	1	f	334	1484	882	\N
2464	70	2	f	334	1484	883	\N
2465	69	1	f	335	1461	996	\N
2466	68	2	f	335	1461	997	\N
2467	70	1	f	335	1462	1175	\N
2468	69	2	f	335	1462	1174	\N
2469	68	1	f	335	1463	1127	\N
2470	67	2	f	335	1463	1126	\N
2471	66	1	f	335	1464	1226	\N
2472	66	2	f	335	1464	1227	\N
2473	69	1	f	336	1353	1253	\N
2474	69	2	f	336	1353	1252	\N
2475	75	1	f	336	1354	1108	\N
2476	75	2	f	336	1354	1109	\N
2477	74	1	f	336	1355	900	\N
2478	74	2	f	336	1355	901	\N
2479	72	1	f	336	1356	1188	\N
2480	71	2	f	336	1356	1189	\N
2490	69	2	f	338	1373	1300	\N
2491	71	1	f	338	1374	1053	\N
2492	73	2	f	338	1374	1052	\N
2786	72	2	f	375	1553	1041	\N
2489	69	1	f	338	1373	1299	\N
2493	72	1	f	338	1375	1046	\N
2494	71	2	f	338	1375	1047	\N
2495	70	1	f	338	1376	1207	\N
2496	70	2	f	338	1376	1206	\N
2505	71	1	f	340	1413	1168	\N
2506	71	2	f	340	1413	1169	\N
2507	74	1	f	340	1414	1113	\N
2508	74	2	f	340	1414	1112	\N
2509	72	1	f	340	1415	899	\N
2510	72	2	f	340	1415	898	\N
2511	73	1	f	340	1416	1032	\N
2512	72	2	f	340	1416	1033	\N
2497	68	1	f	339	1357	1088	\N
2498	67	2	f	339	1357	1089	\N
2499	69	1	f	339	1358	926	\N
2500	68	2	f	339	1358	927	\N
2501	70	1	f	339	1359	1040	\N
2502	70	2	f	339	1359	1041	\N
2503	69	1	f	339	1360	956	\N
2504	69	2	f	339	1360	957	\N
2537	68	1	f	344	1445	987	\N
2538	70	2	f	344	1445	986	\N
2539	68	1	f	344	1446	950	\N
2540	69	2	f	344	1446	951	\N
2541	68	1	f	344	1447	889	\N
2542	68	2	f	344	1447	888	\N
2543	50	1	f	344	1448	924	\N
2544	50	2	f	344	1448	925	\N
2561	73	1	f	347	1433	1107	\N
2562	72	2	f	347	1433	1106	\N
2563	65	1	f	347	1434	1064	\N
2564	65	2	f	347	1434	1065	\N
2565	71	1	f	347	1435	1037	\N
2566	70	2	f	347	1435	1036	\N
2567	67	1	f	347	1436	1059	\N
2568	67	2	f	347	1436	1058	\N
2569	72	1	f	348	1385	1123	\N
2570	74	2	f	348	1385	1122	\N
2571	71	1	f	348	1386	1016	\N
2572	71	2	f	348	1386	1017	\N
2573	75	1	f	348	1387	960	\N
2574	75	2	f	348	1387	961	\N
2575	70	1	f	348	1388	1182	\N
2576	69	2	f	348	1388	1183	\N
2577	74	1	f	349	1369	1200	\N
2578	73	2	f	349	1369	1201	\N
2579	72	1	f	349	1370	1167	\N
2580	71	2	f	349	1370	1166	\N
2581	72	1	f	349	1371	1057	\N
2582	72	2	f	349	1371	1056	\N
2583	72	1	f	349	1372	1159	\N
2584	73	2	f	349	1372	1158	\N
2585	72	1	f	350	1401	1130	\N
2586	71	2	f	350	1401	1131	\N
2587	72	1	f	350	1402	930	\N
2588	72	2	f	350	1402	931	\N
2589	71	1	f	350	1403	988	\N
2590	71	2	f	350	1403	989	\N
2591	70	1	f	350	1404	1165	\N
2592	71	2	f	350	1404	1164	\N
2513	69	1	f	341	1381	880	\N
2514	68	2	f	341	1381	881	\N
2515	69	1	f	341	1382	886	\N
2516	69	2	f	341	1382	887	\N
2517	67	1	f	341	1383	1007	\N
2518	66	2	f	341	1383	1006	\N
2519	68	1	f	341	1384	968	\N
2520	67	2	f	341	1384	969	\N
2521	74	1	f	342	1329	878	\N
2522	73	2	f	342	1329	879	\N
2523	69	1	f	342	1330	890	\N
2524	69	2	f	342	1330	891	\N
2525	72	1	f	342	1331	958	\N
2526	73	2	f	342	1331	959	\N
2527	71	1	f	342	1332	1074	\N
2528	72	2	f	342	1332	1075	\N
2545	73	1	f	345	1441	992	\N
2546	71	2	f	345	1441	993	\N
2547	71	1	f	345	1442	885	\N
2548	70	2	f	345	1442	884	\N
2549	70	1	f	345	1443	1132	\N
2550	70	2	f	345	1443	1133	\N
2551	74	1	f	345	1444	1010	\N
2552	74	2	f	345	1444	1011	\N
2593	70	1	f	351	1337	1216	\N
2594	69	2	f	351	1337	1217	\N
2595	72	1	f	351	1338	1014	\N
2596	72	2	f	351	1338	1015	\N
2597	68	1	f	351	1339	1161	\N
2598	68	2	f	351	1339	1160	\N
2599	71	1	f	351	1340	1144	\N
2600	71	2	f	351	1340	1145	\N
2553	73	1	f	346	1405	1143	\N
2554	72	2	f	346	1405	1142	\N
2555	73	1	f	346	1406	963	\N
2556	74	2	f	346	1406	962	\N
2557	71	1	f	346	1407	1213	\N
2558	70	2	f	346	1407	1212	\N
2559	70	1	f	346	1408	975	\N
2560	70	2	f	346	1408	974	\N
2529	70	1	f	343	1361	1136	\N
2530	70	2	f	343	1361	1137	\N
2531	72	1	f	343	1362	1000	\N
2532	71	2	f	343	1362	1001	\N
2533	72	1	f	343	1363	1246	\N
2534	72	2	f	343	1363	1247	\N
2535	72	1	f	343	1364	1119	\N
2536	73	2	f	343	1364	1118	\N
2601	70	1	f	352	1417	1018	\N
2602	70	2	f	352	1417	1019	\N
2603	69	1	f	352	1418	940	\N
2604	70	2	f	352	1418	941	\N
2605	71	1	f	352	1419	1050	\N
2606	71	2	f	352	1419	1051	\N
2607	72	1	f	352	1420	1013	\N
2608	72	2	f	352	1420	1012	\N
2625	73	1	f	355	1333	1242	\N
2626	72	2	f	355	1333	1243	\N
2627	74	1	f	355	1334	1116	\N
2628	73	2	f	355	1334	1117	\N
2629	75	1	f	355	1335	991	\N
2630	75	2	f	355	1335	990	\N
2631	72	1	f	355	1336	1070	\N
2632	71	2	f	355	1336	1071	\N
2617	73	1	f	354	1433	1107	\N
2618	72	2	f	354	1433	1106	\N
2619	65	1	f	354	1434	1064	\N
2620	65	2	f	354	1434	1065	\N
2621	71	1	f	354	1435	1037	\N
2622	70	2	f	354	1435	1036	\N
2623	67	1	f	354	1436	1059	\N
2624	67	2	f	354	1436	1058	\N
2609	73	1	f	353	1425	1255	\N
2610	73	2	f	353	1425	1254	\N
2611	69	1	f	353	1426	907	\N
2612	68	2	f	353	1426	906	\N
2613	71	1	f	353	1427	985	\N
2614	71	2	f	353	1427	984	\N
2615	70	1	f	353	1428	1043	\N
2616	70	2	f	353	1428	1042	\N
2633	72	1	f	356	1401	1130	\N
2634	71	2	f	356	1401	1131	\N
2635	72	1	f	356	1402	930	\N
2636	72	2	f	356	1402	931	\N
2637	71	1	f	356	1403	988	\N
2638	71	2	f	356	1403	989	\N
2639	70	1	f	356	1404	1165	\N
2640	71	2	f	356	1404	1164	\N
2681	71	1	f	362	1549	1075	\N
2682	72	2	f	362	1549	1074	\N
2683	72	1	f	362	1550	1208	\N
2684	73	2	f	362	1550	1209	\N
2685	50	1	f	362	1551	1008	\N
2686	50	2	f	362	1551	1009	\N
2687	68	1	f	362	1552	941	\N
2688	67	2	f	362	1552	940	\N
2649	65	1	f	358	1577	1147	\N
2650	63	2	f	358	1577	1146	\N
2651	50	1	f	358	1578	1006	\N
2652	50	2	f	358	1578	1007	\N
2653	50	1	f	358	1579	1068	\N
2654	51	2	f	358	1579	1069	\N
2655	62	1	f	358	1580	1235	\N
2656	62	2	f	358	1580	1234	\N
2657	69	1	f	359	1585	998	\N
2658	69	2	f	359	1585	999	\N
2659	70	1	f	359	1586	1178	\N
2660	70	2	f	359	1586	1179	\N
2661	50	1	f	359	1587	895	\N
2662	50	2	f	359	1587	894	\N
2663	50	1	f	359	1588	907	\N
2664	51	2	f	359	1588	906	\N
2673	67	1	f	361	1505	1101	\N
2674	66	2	f	361	1505	1100	\N
2675	68	1	f	361	1506	888	\N
2676	68	2	f	361	1506	889	\N
2677	67	1	f	361	1507	1092	\N
2678	67	2	f	361	1507	1093	\N
2679	50	1	f	361	1508	1303	\N
2680	50	2	f	361	1508	1304	\N
2641	67	1	f	357	1597	891	\N
2642	67	2	f	357	1597	890	\N
2643	65	1	f	357	1598	1241	\N
2644	65	2	f	357	1598	1240	\N
2645	66	1	f	357	1599	1196	\N
2646	66	2	f	357	1599	1197	\N
2647	50	1	f	357	1600	922	\N
2648	50	2	f	357	1600	923	\N
2665	50	1	f	360	1609	1218	\N
2666	50	2	f	360	1609	1219	\N
2667	70	1	f	360	1610	1088	\N
2668	69	2	f	360	1610	1089	\N
2669	50	1	f	360	1611	1082	\N
2670	51	2	f	360	1611	1083	\N
2671	67	1	f	360	1612	1229	\N
2672	67	2	f	360	1612	1228	\N
2689	50	1	f	363	1529	1064	\N
2690	50	2	f	363	1529	1065	\N
2691	50	1	f	363	1530	925	\N
2692	51	2	f	363	1530	924	\N
2693	51	1	f	363	1531	1156	\N
2694	52	2	f	363	1531	1157	\N
2695	71	1	f	363	1532	1205	\N
2696	71	2	f	363	1532	1204	\N
2697	50	1	f	364	1529	1064	\N
2698	50	2	f	364	1529	1065	\N
2699	50	1	f	364	1530	924	\N
2700	51	2	f	364	1530	925	\N
2701	51	1	f	364	1531	1156	\N
2702	51	2	f	364	1531	1157	\N
2703	71	1	f	364	1532	1205	\N
2704	71	2	f	364	1532	1204	\N
2705	73	1	f	365	1561	958	\N
2706	73	2	f	365	1561	959	\N
2707	71	1	f	365	1562	910	\N
2708	71	2	f	365	1562	911	\N
2709	69	1	f	365	1563	972	\N
2710	69	2	f	365	1563	973	\N
2711	50	1	f	365	1564	1096	\N
2712	50	2	f	365	1564	1097	\N
2801	73	1	f	377	1613	957	\N
2714	73	2	f	366	1521	1160	\N
2715	68	1	f	366	1522	1081	\N
2716	68	2	f	366	1522	1080	\N
2717	70	1	f	366	1523	1211	\N
2718	72	2	f	366	1523	1210	\N
2719	70	1	f	366	1524	1253	\N
2720	69	2	f	366	1524	1252	\N
2722	50	2	f	367	1573	1227	\N
2723	50	1	f	367	1574	1004	\N
2713	71	1	f	366	1521	1161	\N
2729	72	1	f	368	1589	1191	\N
2730	72	2	f	368	1589	1190	\N
2731	70	1	f	368	1590	897	\N
2732	70	2	f	368	1590	896	\N
2733	73	1	f	368	1591	1094	\N
2734	72	2	f	368	1591	1095	\N
2735	69	1	f	368	1592	1048	\N
2736	69	2	f	368	1592	1049	\N
2721	50	1	f	367	1573	1226	\N
2724	51	2	f	367	1574	1005	\N
2725	64	1	f	367	1575	1165	\N
2726	64	2	f	367	1575	1164	\N
2727	67	1	f	367	1576	1077	\N
2728	66	2	f	367	1576	1076	\N
2745	71	1	f	370	1605	1044	\N
2746	72	2	f	370	1605	1045	\N
2747	67	1	f	370	1606	952	\N
2748	66	2	f	370	1606	953	\N
2749	69	1	f	370	1607	1061	\N
2750	68	2	f	370	1607	1060	\N
2751	71	1	f	370	1608	1251	\N
2752	69	2	f	370	1608	1250	\N
2761	72	1	f	372	1593	885	\N
2762	72	2	f	372	1593	884	\N
2763	72	1	f	372	1594	880	\N
2764	71	2	f	372	1594	881	\N
2765	70	1	f	372	1595	975	\N
2766	70	2	f	372	1595	974	\N
2767	69	1	f	372	1596	1037	\N
2768	69	2	f	372	1596	1036	\N
2802	72	2	f	377	1613	956	\N
2803	72	1	f	377	1614	1043	\N
2804	71	2	f	377	1614	1042	\N
2805	68	1	f	377	1615	882	\N
2806	68	2	f	377	1615	883	\N
2807	70	1	f	377	1616	1038	\N
2808	67	2	f	377	1616	1039	\N
2753	70	1	f	371	1581	901	\N
2754	70	2	f	371	1581	900	\N
2755	71	1	f	371	1582	1193	\N
2756	71	2	f	371	1582	1192	\N
2757	69	1	f	371	1583	1000	\N
2758	68	2	f	371	1583	1001	\N
2759	70	1	f	371	1584	1249	\N
2760	69	2	f	371	1584	1248	\N
2737	71	1	f	369	1513	1050	\N
2738	71	2	f	369	1513	1051	\N
2739	70	1	f	369	1514	1232	\N
2740	70	2	f	369	1514	1233	\N
2741	69	1	f	369	1515	982	\N
2742	68	2	f	369	1515	983	\N
2743	68	1	f	369	1516	1174	\N
2744	68	2	f	369	1516	1175	\N
2788	72	2	f	375	1554	1106	\N
2789	71	1	f	375	1555	1130	\N
2790	71	2	f	375	1555	1131	\N
2791	71	1	f	375	1556	980	\N
2792	69	2	f	375	1556	981	\N
2833	68	1	f	381	1617	1189	\N
2834	69	2	f	381	1617	1188	\N
2835	67	1	f	381	1618	996	\N
2836	67	2	f	381	1618	997	\N
2837	68	1	f	381	1619	986	\N
2838	68	2	f	381	1619	987	\N
2839	66	1	f	381	1620	978	\N
2840	66	2	f	381	1620	979	\N
2865	70	1	f	385	1517	942	\N
2866	70	2	f	385	1517	943	\N
2867	71	1	f	385	1518	1176	\N
2868	70	2	f	385	1518	1177	\N
2869	73	1	f	385	1519	1144	\N
2870	73	2	f	385	1519	1145	\N
2871	69	1	f	385	1520	1212	\N
2872	69	2	f	385	1520	1213	\N
2854	73	2	f	383	1603	1017	\N
2855	70	1	f	383	1604	1057	\N
2856	71	2	f	383	1604	1056	\N
2873	75	1	f	386	1569	1011	\N
2874	74	2	f	386	1569	1010	\N
2875	72	1	f	386	1570	1170	\N
2876	73	2	f	386	1570	1171	\N
2877	74	1	f	386	1571	930	\N
2878	73	2	f	386	1571	931	\N
2879	72	1	f	386	1572	1237	\N
2880	72	2	f	386	1572	1236	\N
2881	72	1	f	387	1509	990	\N
2885	73	1	f	387	1511	1122	\N
2886	73	2	f	387	1511	1123	\N
2887	71	1	f	387	1512	1053	\N
2888	72	2	f	387	1512	1052	\N
2889	73	1	f	388	1501	1012	\N
2890	70	2	f	388	1501	1013	\N
2891	70	1	f	388	1502	918	\N
2892	70	2	f	388	1502	919	\N
2893	68	1	f	388	1503	1159	\N
2894	68	2	f	388	1503	1158	\N
2895	69	1	f	388	1504	1117	\N
2896	69	2	f	388	1504	1116	\N
2897	73	1	f	389	1501	1012	\N
2898	70	2	f	389	1501	1013	\N
2899	70	1	f	389	1502	918	\N
2900	70	2	f	389	1502	919	\N
2901	68	1	f	389	1503	1159	\N
2902	68	2	f	389	1503	1158	\N
2903	69	1	f	389	1504	1117	\N
2904	69	2	f	389	1504	1116	\N
2906	69	2	f	390	1617	1188	\N
2907	67	1	f	390	1618	996	\N
2908	67	2	f	390	1618	997	\N
2909	68	1	f	390	1619	986	\N
2910	68	2	f	390	1619	987	\N
2911	66	1	f	390	1620	978	\N
2912	66	2	f	390	1620	979	\N
2913	73	1	f	391	1541	1046	\N
2905	68	1	f	390	1617	1189	\N
2914	73	2	f	391	1541	1047	\N
2915	72	1	f	391	1542	1207	\N
2916	72	2	f	391	1542	1206	\N
2917	73	1	f	391	1543	1014	\N
2918	72	2	f	391	1543	1015	\N
2919	71	1	f	391	1544	1143	\N
2920	71	2	f	391	1544	1142	\N
2921	66	1	f	392	1557	950	\N
2922	66	2	f	392	1557	951	\N
2923	68	1	f	392	1558	1225	\N
2924	67	2	f	392	1558	1224	\N
2925	70	1	f	392	1559	926	\N
2926	69	2	f	392	1559	927	\N
2927	65	1	f	392	1560	1136	\N
2928	65	2	f	392	1560	1137	\N
2929	72	1	f	393	1485	985	\N
2930	72	2	f	393	1485	984	\N
2931	69	1	f	393	1486	905	\N
2932	70	2	f	393	1486	904	\N
2933	71	1	f	393	1487	1202	\N
2934	71	2	f	393	1487	1203	\N
2935	70	1	f	393	1488	899	\N
2936	70	2	f	393	1488	898	\N
2937	68	1	f	394	1629	1180	\N
2938	68	2	f	394	1629	1181	\N
2939	67	1	f	394	1630	1231	\N
2940	67	2	f	394	1630	1230	\N
2941	70	1	f	394	1631	1070	\N
2942	69	2	f	394	1631	1071	\N
2943	66	1	f	394	1632	1172	\N
2944	66	2	f	394	1632	1173	\N
2945	72	1	f	395	1489	1119	\N
2946	72	2	f	395	1489	1118	\N
2947	71	1	f	395	1490	1151	\N
2948	71	2	f	395	1490	1150	\N
2949	77	1	f	395	1491	970	\N
2950	76	2	f	395	1491	971	\N
2951	74	1	f	395	1492	1113	\N
2952	72	2	f	395	1492	1112	\N
2953	75	1	f	396	1493	1104	\N
2954	75	2	f	396	1493	1105	\N
2955	75	1	f	396	1494	1247	\N
2956	74	2	f	396	1494	1246	\N
2957	73	1	f	396	1495	1255	\N
2958	73	2	f	396	1495	1254	\N
2959	78	1	f	396	1496	1109	\N
2960	76	2	f	396	1496	1108	\N
2961	51	1	f	397	1645	896	\N
2962	51	2	f	397	1645	897	\N
2963	50	1	f	397	1646	1304	\N
2964	50	2	f	397	1646	1303	\N
2965	51	1	f	397	1647	1096	\N
2966	50	2	f	397	1647	1097	\N
2967	65	1	f	397	1648	1100	\N
2968	65	2	f	397	1648	1101	\N
2978	67	2	f	399	1705	1049	\N
2979	50	1	f	399	1706	1198	\N
2980	51	2	f	399	1706	1199	\N
2981	50	1	f	399	1707	1240	\N
2982	50	2	f	399	1707	1241	\N
2983	51	1	f	399	1708	1080	\N
2985	69	1	f	400	1709	1038	\N
2986	69	2	f	400	1709	1039	\N
2987	71	1	f	400	1710	980	\N
2988	72	2	f	400	1710	981	\N
2989	68	1	f	400	1711	1146	\N
2990	68	2	f	400	1711	1147	\N
2991	50	1	f	400	1712	972	\N
2992	50	2	f	400	1712	973	\N
3026	64	2	f	405	1677	1197	\N
3027	65	1	f	405	1678	1172	\N
3028	65	2	f	405	1678	1173	\N
3029	63	1	f	405	1679	978	\N
2969	50	1	f	398	1661	1234	\N
2993	69	1	f	401	1713	1037	\N
2994	69	2	f	401	1713	1036	\N
2995	70	1	f	401	1714	1026	\N
2997	72	1	f	401	1715	1168	\N
2998	70	2	f	401	1715	1169	\N
2999	50	1	f	401	1716	904	\N
3000	50	2	f	401	1716	905	\N
3001	67	1	f	402	1721	1204	\N
3002	66	2	f	402	1721	1205	\N
3003	69	1	f	402	1722	974	\N
3004	68	2	f	402	1722	975	\N
3005	71	1	f	402	1723	891	\N
3006	70	2	f	402	1723	890	\N
3007	70	1	f	402	1724	1181	\N
3008	69	2	f	402	1724	1180	\N
3017	68	1	f	404	1657	888	\N
3018	67	2	f	404	1657	889	\N
3019	68	1	f	404	1658	1191	\N
3020	68	2	f	404	1658	1190	\N
3022	67	2	f	404	1659	1230	\N
3023	50	1	f	404	1660	1000	\N
3024	50	2	f	404	1660	1001	\N
3025	64	1	f	405	1677	1196	\N
2970	50	2	f	398	1661	1235	\N
2971	69	1	f	398	1662	875	\N
2972	68	2	f	398	1662	874	\N
2973	68	1	f	398	1663	941	\N
2974	68	2	f	398	1663	940	\N
2975	51	1	f	398	1664	1132	\N
2976	50	2	f	398	1664	1133	\N
3009	69	1	f	403	1637	1043	\N
3010	68	2	f	403	1637	1042	\N
3011	69	1	f	403	1638	1300	\N
3012	69	2	f	403	1638	1299	\N
3013	67	1	f	403	1639	1066	\N
3015	67	1	f	403	1640	1161	\N
3016	68	2	f	403	1640	1160	\N
2977	68	1	f	399	1705	1048	\N
2984	51	2	f	399	1708	1081	\N
3089	71	1	f	413	1749	1229	\N
3090	71	2	f	413	1749	1228	\N
3091	69	1	f	413	1750	882	\N
3092	70	2	f	413	1750	883	\N
3093	70	1	f	413	1751	950	\N
3094	70	2	f	413	1751	951	\N
3095	69	1	f	413	1752	1072	\N
3096	68	2	f	413	1752	1073	\N
3145	75	1	f	420	1653	1123	\N
3146	75	2	f	420	1653	1122	\N
3032	62	2	f	405	1680	1093	\N
3033	67	1	f	406	1685	887	\N
3041	69	1	f	407	1729	1138	\N
3042	69	2	f	407	1729	1139	\N
3043	68	1	f	407	1730	998	\N
3044	68	2	f	407	1730	999	\N
3045	68	1	f	407	1731	996	\N
3046	67	2	f	407	1731	997	\N
3047	71	1	f	407	1732	988	\N
3048	71	2	f	407	1732	989	\N
3121	70	1	f	417	1717	1237	\N
3123	71	1	f	417	1718	987	\N
3124	71	2	f	417	1718	986	\N
3125	69	1	f	417	1719	1249	\N
3126	68	2	f	417	1719	1248	\N
3127	69	1	f	417	1720	952	\N
3128	69	2	f	417	1720	953	\N
3129	72	1	f	418	1733	930	\N
3130	72	2	f	418	1733	931	\N
3131	73	1	f	418	1734	1014	\N
3132	73	2	f	418	1734	1015	\N
3133	70	1	f	418	1735	1193	\N
3134	70	2	f	418	1735	1192	\N
3135	71	1	f	418	1736	1150	\N
3136	71	2	f	418	1736	1151	\N
3113	73	1	f	416	1693	1060	\N
3114	73	2	f	416	1693	1061	\N
3116	72	2	f	416	1694	956	\N
3117	71	1	f	416	1695	1053	\N
3118	71	2	f	416	1695	1052	\N
3119	70	1	f	416	1696	992	\N
3120	70	2	f	416	1696	993	\N
3049	69	1	f	408	1649	1149	\N
3050	69	2	f	408	1649	1148	\N
3051	70	1	f	408	1650	1094	\N
3052	69	2	f	408	1650	1095	\N
3053	71	1	f	408	1651	878	\N
3054	71	2	f	408	1651	879	\N
3055	68	1	f	408	1652	885	\N
3056	68	2	f	408	1652	884	\N
3065	69	1	f	410	1697	910	\N
3066	69	2	f	410	1697	911	\N
3067	70	1	f	410	1698	982	\N
3069	71	1	f	410	1699	942	\N
3070	71	2	f	410	1699	943	\N
3071	68	1	f	410	1700	926	\N
3072	68	2	f	410	1700	927	\N
3073	71	1	f	411	1681	1210	\N
3074	70	2	f	411	1681	1211	\N
3075	71	1	f	411	1682	1213	\N
3076	72	2	f	411	1682	1212	\N
3077	70	1	f	411	1683	1075	\N
3078	69	2	f	411	1683	1074	\N
3079	69	1	f	411	1684	1054	\N
3080	69	2	f	411	1684	1055	\N
3106	70	2	f	415	1665	1178	\N
3107	69	1	f	415	1666	1059	\N
3108	69	2	f	415	1666	1058	\N
3111	71	1	f	415	1668	880	\N
3112	70	2	f	415	1668	881	\N
3097	73	1	f	414	1673	1174	\N
3098	73	2	f	414	1673	1175	\N
3099	71	1	f	414	1674	1057	\N
3100	70	2	f	414	1674	1056	\N
3101	50	1	f	414	1675	1242	\N
3102	50	2	f	414	1675	1243	\N
3103	69	1	f	414	1676	1167	\N
3104	69	2	f	414	1676	1166	\N
3031	62	1	f	405	1680	1092	\N
3034	66	2	f	406	1685	886	\N
3035	69	1	f	406	1686	1159	\N
3036	68	2	f	406	1686	1158	\N
3037	50	1	f	406	1687	1206	\N
3038	50	2	f	406	1687	1207	\N
3039	67	1	f	406	1688	1254	\N
3040	68	2	f	406	1688	1255	\N
3137	73	1	f	419	1753	1016	\N
3138	73	2	f	419	1753	1017	\N
3139	74	1	f	419	1754	1119	\N
3140	73	2	f	419	1754	1118	\N
3141	71	1	f	419	1755	1104	\N
3142	71	2	f	419	1755	1105	\N
3143	72	1	f	419	1756	1050	\N
3144	72	2	f	419	1756	1051	\N
3057	72	1	f	409	1633	1029	\N
3058	72	2	f	409	1633	1028	\N
3059	72	1	f	409	1634	958	\N
3060	73	2	f	409	1634	959	\N
3061	50	1	f	409	1635	919	\N
3062	50	2	f	409	1635	918	\N
3064	70	2	f	409	1636	1203	\N
3081	72	1	f	412	1689	1232	\N
3082	73	2	f	412	1689	1233	\N
3083	75	1	f	412	1690	1040	\N
3084	74	2	f	412	1690	1041	\N
3085	72	1	f	412	1691	949	\N
3086	72	2	f	412	1691	948	\N
3087	70	1	f	412	1692	1177	\N
3088	72	2	f	412	1692	1176	\N
3105	70	1	f	415	1665	1179	\N
3147	76	1	f	420	1654	1144	\N
3148	75	2	f	420	1654	1145	\N
3149	73	1	f	420	1655	1200	\N
3150	73	2	f	420	1655	1201	\N
3151	72	1	f	420	1656	1247	\N
3152	72	2	f	420	1656	1246	\N
2996	70	2	f	401	1714	1027	\N
3181	73	1	f	424	1747	1019	\N
3182	71	2	f	424	1747	1018	\N
3183	71	1	f	424	1748	1130	\N
3184	70	2	f	424	1748	1131	\N
3193	69	1	f	426	1757	1208	\N
3194	69	2	f	426	1757	1209	\N
3195	70	1	f	426	1758	898	\N
3196	70	2	f	426	1758	899	\N
3122	69	2	f	417	1717	1236	\N
3153	73	1	f	421	1737	1251	\N
3154	73	2	f	421	1737	1250	\N
3155	73	1	f	421	1738	976	\N
3156	72	2	f	421	1738	977	\N
3157	74	1	f	421	1739	1010	\N
3158	73	2	f	421	1739	1011	\N
3159	71	1	f	421	1740	1044	\N
3160	71	2	f	421	1740	1045	\N
3115	73	1	f	416	1694	957	\N
3068	69	2	f	410	1698	983	\N
3021	67	1	f	404	1659	1231	\N
3030	63	2	f	405	1679	979	\N
3014	67	2	f	403	1639	1067	\N
3063	70	1	f	409	1636	1202	\N
3185	72	1	f	425	1669	900	\N
3186	72	2	f	425	1669	901	\N
3187	70	1	f	425	1670	1071	\N
3188	70	2	f	425	1670	1070	\N
3189	68	1	f	425	1671	1189	\N
3190	69	2	f	425	1671	1188	\N
3191	71	1	f	425	1672	1215	\N
3192	71	2	f	425	1672	1214	\N
3169	71	1	f	423	1761	1116	\N
3170	71	2	f	423	1761	1117	\N
3171	71	1	f	423	1762	1143	\N
3172	72	2	f	423	1762	1142	\N
3173	69	1	f	423	1763	954	\N
3174	70	2	f	423	1763	955	\N
3175	70	1	f	423	1764	1170	\N
3176	70	2	f	423	1764	1171	\N
3197	68	1	f	426	1759	1223	\N
3198	68	2	f	426	1759	1222	\N
3199	67	1	f	426	1760	1085	\N
3200	67	2	f	426	1760	1084	\N
3223	71	1	f	429	1728	1225	\N
3224	70	2	f	429	1728	1224	\N
3109	72	1	f	415	1667	1217	\N
3110	70	2	f	415	1667	1216	\N
3161	75	1	f	422	1641	1108	\N
3162	76	2	f	422	1641	1109	\N
3163	76	1	f	422	1642	960	\N
3164	76	2	f	422	1642	961	\N
3165	74	1	f	422	1643	962	\N
3166	74	2	f	422	1643	963	\N
3167	75	1	f	422	1644	970	\N
3168	74	2	f	422	1644	971	\N
3177	69	1	f	424	1745	1077	\N
3178	68	2	f	424	1745	1076	\N
3179	70	1	f	424	1746	937	\N
3180	70	2	f	424	1746	936	\N
3201	73	1	f	427	1701	1113	\N
3202	73	2	f	427	1701	1112	\N
3203	74	1	f	427	1702	1013	\N
3204	74	2	f	427	1702	1012	\N
3205	71	1	f	427	1703	1032	\N
3206	71	2	f	427	1703	1033	\N
3207	72	1	f	427	1704	1046	\N
3208	72	2	f	427	1704	1047	\N
3209	71	1	f	428	1741	1182	\N
3210	70	2	f	428	1741	1183	\N
3211	69	1	f	428	1742	990	\N
3212	70	2	f	428	1742	991	\N
3213	73	1	f	428	1743	1107	\N
3214	71	2	f	428	1743	1106	\N
3215	72	1	f	428	1744	985	\N
3216	71	2	f	428	1744	984	\N
3217	71	1	f	429	1725	917	\N
3218	71	2	f	429	1725	916	\N
3219	50	1	f	429	1726	1165	\N
3220	50	2	f	429	1726	1164	\N
3221	70	1	f	429	1727	1088	\N
3222	70	2	f	429	1727	1089	\N
\.


--
-- Data for Name: results_speakerscorebyadj; Type: TABLE DATA; Schema: public; Owner: tabbycat
--

COPY public.results_speakerscorebyadj (id, score, "position", ballot_submission_id, debate_adjudicator_id, debate_team_id) FROM stdin;
\.


--
-- Data for Name: results_teamscore; Type: TABLE DATA; Schema: public; Owner: tabbycat
--

COPY public.results_teamscore (id, points, win, margin, score, votes_given, votes_possible, ballot_submission_id, debate_team_id, has_ghost) FROM stdin;
1	0	f	\N	138	\N	\N	1	9	f
2	2	f	\N	142	\N	\N	1	10	f
3	1	f	\N	140	\N	\N	1	11	f
5	3	f	\N	144	\N	\N	2	5	f
6	2	f	\N	142	\N	\N	2	6	f
7	0	f	\N	139	\N	\N	2	7	f
1229	1	f	\N	130	\N	\N	322	1421	f
1230	0	f	\N	100	\N	\N	322	1422	f
13	0	f	\N	138	\N	\N	4	21	f
14	2	f	\N	142	\N	\N	4	22	f
15	1	f	\N	140	\N	\N	4	23	f
1231	3	f	\N	138	\N	\N	322	1423	f
17	1	f	\N	139	\N	\N	5	25	f
18	2	f	\N	141	\N	\N	5	26	f
19	0	f	\N	137	\N	\N	5	27	f
1232	2	f	\N	134	\N	\N	322	1424	f
21	0	f	\N	140	\N	\N	6	13	f
22	1	f	\N	141	\N	\N	6	14	f
23	2	f	\N	142	\N	\N	6	15	f
25	0	f	\N	138	\N	\N	7	17	f
26	2	f	\N	141	\N	\N	7	18	f
27	1	f	\N	140	\N	\N	7	19	f
41	1	f	\N	146	\N	\N	11	45	f
42	3	f	\N	150	\N	\N	11	46	f
43	2	f	\N	148	\N	\N	11	47	f
33	3	f	\N	142	\N	\N	9	29	f
34	0	f	\N	138	\N	\N	9	30	f
35	1	f	\N	140	\N	\N	9	31	f
29	3	f	\N	142	\N	\N	8	49	f
30	2	f	\N	141	\N	\N	8	50	f
31	1	f	\N	140	\N	\N	8	51	f
1245	2	f	\N	139	\N	\N	326	1477	f
45	2	f	\N	144	\N	\N	12	33	f
46	3	f	\N	145	\N	\N	12	34	f
47	1	f	\N	142	\N	\N	12	35	f
1249	3	f	\N	146	\N	\N	327	1397	f
1250	2	f	\N	144	\N	\N	327	1398	f
49	2	f	\N	142	\N	\N	13	37	f
50	3	f	\N	143	\N	\N	13	38	f
51	1	f	\N	140	\N	\N	13	39	f
1251	0	f	\N	142	\N	\N	327	1399	f
1252	1	f	\N	143	\N	\N	327	1400	f
53	1	f	\N	144	\N	\N	14	41	f
54	2	f	\N	148	\N	\N	14	42	f
55	0	f	\N	142	\N	\N	14	43	f
1241	2	f	\N	139	\N	\N	325	1365	f
1242	3	f	\N	140	\N	\N	325	1366	f
1243	1	f	\N	138	\N	\N	325	1367	f
1244	0	f	\N	136	\N	\N	325	1368	f
69	3	f	\N	142	\N	\N	18	73	f
70	2	f	\N	140	\N	\N	18	74	f
71	1	f	\N	137	\N	\N	18	75	f
1265	3	f	\N	142	\N	\N	331	1389	f
61	2	f	\N	141	\N	\N	16	65	f
62	3	f	\N	142	\N	\N	16	66	f
63	1	f	\N	140	\N	\N	16	67	f
1266	0	f	\N	135	\N	\N	331	1390	f
57	3	f	\N	143	\N	\N	15	81	f
58	1	f	\N	140	\N	\N	15	82	f
59	2	f	\N	142	\N	\N	15	83	f
1267	1	f	\N	138	\N	\N	331	1391	f
65	2	f	\N	144	\N	\N	17	61	f
66	3	f	\N	145	\N	\N	17	62	f
67	1	f	\N	142	\N	\N	17	63	f
1268	2	f	\N	140	\N	\N	331	1392	f
73	0	f	\N	140	\N	\N	19	77	f
74	1	f	\N	141	\N	\N	19	78	f
75	3	f	\N	143	\N	\N	19	79	f
77	3	f	\N	149	\N	\N	20	69	f
78	1	f	\N	145	\N	\N	20	70	f
79	0	f	\N	144	\N	\N	20	71	f
1273	1	f	\N	142	\N	\N	333	1345	f
81	3	f	\N	146	\N	\N	21	57	f
82	0	f	\N	140	\N	\N	21	58	f
83	2	f	\N	144	\N	\N	21	59	f
1274	3	f	\N	147	\N	\N	333	1346	f
85	0	f	\N	138	\N	\N	22	109	f
86	2	f	\N	142	\N	\N	22	110	f
87	1	f	\N	140	\N	\N	22	111	f
1275	2	f	\N	144	\N	\N	333	1347	f
1276	0	f	\N	139	\N	\N	333	1348	f
1257	3	f	\N	141	\N	\N	329	1409	f
89	1	f	\N	139	\N	\N	23	97	f
90	2	f	\N	141	\N	\N	23	98	f
91	3	f	\N	145	\N	\N	23	99	f
1258	2	f	\N	139	\N	\N	329	1410	f
94	2	f	\N	145	\N	\N	24	102	f
95	0	f	\N	142	\N	\N	24	103	f
1259	0	f	\N	133	\N	\N	329	1411	f
97	2	f	\N	142	\N	\N	25	89	f
1260	1	f	\N	136	\N	\N	329	1412	f
93	1	f	\N	143	\N	\N	24	101	f
98	1	f	\N	140	\N	\N	25	90	f
99	0	f	\N	138	\N	\N	25	91	f
101	0	f	\N	138	\N	\N	26	85	f
102	1	f	\N	140	\N	\N	26	86	f
103	2	f	\N	142	\N	\N	26	87	f
105	1	f	\N	128	\N	\N	27	93	f
106	0	f	\N	127	\N	\N	27	94	f
107	2	f	\N	133	\N	\N	27	95	f
109	0	f	\N	142	\N	\N	28	105	f
110	1	f	\N	146	\N	\N	28	106	f
111	3	f	\N	150	\N	\N	28	107	f
114	1	f	\N	142	\N	\N	29	134	f
115	0	f	\N	140	\N	\N	29	135	f
1289	3	f	\N	150	\N	\N	337	1473	f
1290	2	f	\N	145	\N	\N	337	1474	f
1291	1	f	\N	144	\N	\N	337	1475	f
1292	0	f	\N	143	\N	\N	337	1476	f
1281	2	f	\N	137	\N	\N	335	1461	f
1282	3	f	\N	139	\N	\N	335	1462	f
1283	1	f	\N	135	\N	\N	335	1463	f
1284	0	f	\N	132	\N	\N	335	1464	f
117	1	f	\N	146	\N	\N	30	117	f
118	3	f	\N	149	\N	\N	30	118	f
119	0	f	\N	143	\N	\N	30	119	f
120	2	f	\N	148	\N	\N	30	120	f
113	3	f	\N	145	\N	\N	29	133	f
116	2	f	\N	144	\N	\N	29	136	f
121	0	f	\N	145	\N	\N	31	121	f
122	1	f	\N	146	\N	\N	31	122	f
123	3	f	\N	149	\N	\N	31	123	f
124	2	f	\N	147	\N	\N	31	124	f
125	1	f	\N	146	\N	\N	32	125	f
126	3	f	\N	150	\N	\N	32	126	f
127	2	f	\N	148	\N	\N	32	127	f
128	0	f	\N	145	\N	\N	32	128	f
133	2	f	\N	152	\N	\N	34	129	f
134	0	f	\N	138	\N	\N	34	130	f
135	1	f	\N	147	\N	\N	34	131	f
136	3	f	\N	156	\N	\N	34	132	f
129	3	f	\N	149	\N	\N	33	113	f
130	1	f	\N	142	\N	\N	33	114	f
131	0	f	\N	141	\N	\N	33	115	f
132	2	f	\N	145	\N	\N	33	116	f
153	1	f	\N	145	\N	\N	39	157	f
154	0	f	\N	141	\N	\N	39	158	f
155	2	f	\N	150	\N	\N	39	159	f
156	3	f	\N	154	\N	\N	39	160	f
137	1	f	\N	142	\N	\N	35	137	f
138	2	f	\N	144	\N	\N	35	138	f
139	3	f	\N	146	\N	\N	35	139	f
140	0	f	\N	139	\N	\N	35	140	f
141	1	f	\N	146	\N	\N	36	141	f
142	0	f	\N	144	\N	\N	36	142	f
143	3	f	\N	150	\N	\N	36	143	f
144	2	f	\N	149	\N	\N	36	144	f
145	3	f	\N	145	\N	\N	37	153	f
146	2	f	\N	144	\N	\N	37	154	f
147	1	f	\N	142	\N	\N	37	155	f
148	0	f	\N	140	\N	\N	37	156	f
149	3	f	\N	145	\N	\N	38	145	f
150	2	f	\N	140	\N	\N	38	146	f
151	1	f	\N	138	\N	\N	38	147	f
152	0	f	\N	136	\N	\N	38	148	f
157	0	f	\N	148	\N	\N	40	149	f
158	3	f	\N	156	\N	\N	40	150	f
159	2	f	\N	154	\N	\N	40	151	f
160	1	f	\N	149	\N	\N	40	152	f
161	3	f	\N	143	\N	\N	41	181	f
162	1	f	\N	129	\N	\N	41	182	f
163	0	f	\N	128	\N	\N	41	183	f
164	2	f	\N	134	\N	\N	41	184	f
169	1	f	\N	145	\N	\N	43	173	f
170	0	f	\N	144	\N	\N	43	174	f
171	2	f	\N	149	\N	\N	43	175	f
172	3	f	\N	151	\N	\N	43	176	f
165	1	f	\N	146	\N	\N	42	169	f
166	2	f	\N	147	\N	\N	42	170	f
167	3	f	\N	148	\N	\N	42	171	f
168	0	f	\N	144	\N	\N	42	172	f
173	1	f	\N	149	\N	\N	44	177	f
174	0	f	\N	134	\N	\N	44	178	f
175	3	f	\N	153	\N	\N	44	179	f
176	2	f	\N	151	\N	\N	44	180	f
177	0	f	\N	150	\N	\N	45	165	f
178	1	f	\N	151	\N	\N	45	166	f
179	3	f	\N	154	\N	\N	45	167	f
180	2	f	\N	153	\N	\N	45	168	f
181	2	f	\N	142	\N	\N	46	161	f
182	3	f	\N	146	\N	\N	46	162	f
183	1	f	\N	140	\N	\N	46	163	f
184	0	f	\N	138	\N	\N	46	164	f
185	2	f	\N	142	\N	\N	47	197	f
186	3	f	\N	146	\N	\N	47	198	f
187	1	f	\N	140	\N	\N	47	199	f
188	0	f	\N	138	\N	\N	47	200	f
192	1	f	\N	133	\N	\N	48	196	f
205	2	f	\N	140	\N	\N	52	209	f
206	1	f	\N	137	\N	\N	52	210	f
207	0	f	\N	134	\N	\N	52	211	f
208	3	f	\N	142	\N	\N	52	212	f
209	2	f	\N	144	\N	\N	53	221	f
210	1	f	\N	142	\N	\N	53	222	f
211	3	f	\N	145	\N	\N	53	223	f
212	0	f	\N	140	\N	\N	53	224	f
197	1	f	\N	142	\N	\N	50	213	f
198	2	f	\N	145	\N	\N	50	214	f
199	0	f	\N	140	\N	\N	50	215	f
200	3	f	\N	148	\N	\N	50	216	f
193	1	f	\N	144	\N	\N	49	229	f
194	2	f	\N	145	\N	\N	49	230	f
195	0	f	\N	139	\N	\N	49	231	f
196	3	f	\N	150	\N	\N	49	232	f
213	1	f	\N	146	\N	\N	54	225	f
214	2	f	\N	148	\N	\N	54	226	f
215	3	f	\N	152	\N	\N	54	227	f
216	0	f	\N	141	\N	\N	54	228	f
201	1	f	\N	139	\N	\N	51	217	f
202	3	f	\N	143	\N	\N	51	218	f
203	0	f	\N	138	\N	\N	51	219	f
204	2	f	\N	142	\N	\N	51	220	f
217	2	f	\N	146	\N	\N	55	233	f
218	3	f	\N	148	\N	\N	55	234	f
219	1	f	\N	144	\N	\N	55	235	f
220	0	f	\N	142	\N	\N	55	236	f
225	2	f	\N	146	\N	\N	57	241	f
226	1	f	\N	145	\N	\N	57	242	f
227	3	f	\N	147	\N	\N	57	243	f
228	0	f	\N	142	\N	\N	57	244	f
221	0	f	\N	140	\N	\N	56	237	f
222	1	f	\N	143	\N	\N	56	238	f
223	2	f	\N	144	\N	\N	56	239	f
224	3	f	\N	146	\N	\N	56	240	f
1234	1	f	\N	135	\N	\N	323	1450	f
230	3	f	\N	152	\N	\N	58	254	f
1235	2	f	\N	136	\N	\N	323	1451	f
233	2	f	\N	150	\N	\N	59	245	f
234	3	f	\N	152	\N	\N	59	246	f
235	1	f	\N	148	\N	\N	59	247	f
236	0	f	\N	143	\N	\N	59	248	f
229	1	f	\N	142	\N	\N	58	253	f
231	0	f	\N	141	\N	\N	58	255	f
232	2	f	\N	145	\N	\N	58	256	f
237	2	f	\N	144	\N	\N	60	249	f
238	1	f	\N	140	\N	\N	60	250	f
239	0	f	\N	138	\N	\N	60	251	f
240	3	f	\N	147	\N	\N	60	252	f
241	0	f	\N	136	\N	\N	61	261	f
242	2	f	\N	143	\N	\N	61	262	f
243	3	f	\N	145	\N	\N	61	263	f
244	1	f	\N	140	\N	\N	61	264	f
245	3	f	\N	141	\N	\N	62	265	f
246	1	f	\N	135	\N	\N	62	266	f
247	0	f	\N	133	\N	\N	62	267	f
248	2	f	\N	138	\N	\N	62	268	f
249	3	f	\N	151	\N	\N	63	273	f
250	1	f	\N	148	\N	\N	63	274	f
251	2	f	\N	150	\N	\N	63	275	f
252	0	f	\N	146	\N	\N	63	276	f
293	1	f	\N	137	\N	\N	74	309	f
294	0	f	\N	136	\N	\N	74	310	f
295	2	f	\N	148	\N	\N	74	311	f
296	3	f	\N	149	\N	\N	74	312	f
257	2	f	\N	142	\N	\N	65	257	f
258	1	f	\N	140	\N	\N	65	258	f
259	3	f	\N	144	\N	\N	65	259	f
260	0	f	\N	139	\N	\N	65	260	f
253	0	f	\N	149	\N	\N	64	277	f
254	2	f	\N	151	\N	\N	64	278	f
255	3	f	\N	154	\N	\N	64	279	f
256	1	f	\N	150	\N	\N	64	280	f
261	1	f	\N	142	\N	\N	66	269	f
262	3	f	\N	147	\N	\N	66	270	f
263	2	f	\N	145	\N	\N	66	271	f
264	0	f	\N	141	\N	\N	66	272	f
309	1	f	\N	143	\N	\N	78	329	f
310	3	f	\N	148	\N	\N	78	330	f
311	0	f	\N	142	\N	\N	78	331	f
312	2	f	\N	145	\N	\N	78	332	f
277	2	f	\N	143	\N	\N	70	305	f
278	1	f	\N	142	\N	\N	70	306	f
279	0	f	\N	140	\N	\N	70	307	f
280	3	f	\N	144	\N	\N	70	308	f
281	3	f	\N	145	\N	\N	71	321	f
282	0	f	\N	140	\N	\N	71	322	f
283	2	f	\N	144	\N	\N	71	323	f
284	1	f	\N	142	\N	\N	71	324	f
273	1	f	\N	140	\N	\N	69	289	f
274	2	f	\N	141	\N	\N	69	290	f
275	3	f	\N	144	\N	\N	69	291	f
276	0	f	\N	138	\N	\N	69	292	f
305	3	f	\N	143	\N	\N	77	325	f
306	1	f	\N	140	\N	\N	77	326	f
307	0	f	\N	138	\N	\N	77	327	f
308	2	f	\N	142	\N	\N	77	328	f
285	2	f	\N	145	\N	\N	72	317	f
286	3	f	\N	146	\N	\N	72	318	f
287	1	f	\N	141	\N	\N	72	319	f
288	0	f	\N	138	\N	\N	72	320	f
265	1	f	\N	145	\N	\N	67	301	f
266	2	f	\N	146	\N	\N	67	302	f
267	0	f	\N	144	\N	\N	67	303	f
268	3	f	\N	148	\N	\N	67	304	f
301	3	f	\N	137	\N	\N	76	297	f
302	2	f	\N	136	\N	\N	76	298	f
303	1	f	\N	134	\N	\N	76	299	f
304	0	f	\N	130	\N	\N	76	300	f
297	2	f	\N	143	\N	\N	75	293	f
298	3	f	\N	147	\N	\N	75	294	f
299	1	f	\N	140	\N	\N	75	295	f
300	0	f	\N	139	\N	\N	75	296	f
269	2	f	\N	137	\N	\N	68	337	f
270	1	f	\N	135	\N	\N	68	338	f
271	3	f	\N	140	\N	\N	68	339	f
272	0	f	\N	134	\N	\N	68	340	f
289	3	f	\N	142	\N	\N	73	333	f
290	0	f	\N	137	\N	\N	73	334	f
291	2	f	\N	140	\N	\N	73	335	f
292	1	f	\N	138	\N	\N	73	336	f
313	3	f	\N	148	\N	\N	79	313	f
314	2	f	\N	145	\N	\N	79	314	f
315	1	f	\N	142	\N	\N	79	315	f
316	0	f	\N	139	\N	\N	79	316	f
317	3	f	\N	148	\N	\N	80	313	f
318	2	f	\N	145	\N	\N	80	314	f
319	1	f	\N	142	\N	\N	80	315	f
320	0	f	\N	139	\N	\N	80	316	f
333	3	f	\N	152	\N	\N	84	381	f
334	1	f	\N	146	\N	\N	84	382	f
335	2	f	\N	148	\N	\N	84	383	f
336	0	f	\N	144	\N	\N	84	384	f
325	0	f	\N	134	\N	\N	82	369	f
326	2	f	\N	138	\N	\N	82	370	f
327	3	f	\N	140	\N	\N	82	371	f
328	1	f	\N	137	\N	\N	82	372	f
329	1	f	\N	143	\N	\N	83	365	f
330	0	f	\N	140	\N	\N	83	366	f
331	3	f	\N	150	\N	\N	83	367	f
332	2	f	\N	148	\N	\N	83	368	f
342	1	f	\N	145	\N	\N	86	354	f
343	3	f	\N	147	\N	\N	86	355	f
344	0	f	\N	143	\N	\N	86	356	f
337	3	f	\N	142	\N	\N	85	389	f
338	2	f	\N	140	\N	\N	85	390	f
339	1	f	\N	137	\N	\N	85	391	f
340	0	f	\N	135	\N	\N	85	392	f
345	3	f	\N	147	\N	\N	87	361	f
321	1	f	\N	133	\N	\N	81	349	f
322	0	f	\N	132	\N	\N	81	350	f
323	3	f	\N	140	\N	\N	81	351	f
324	2	f	\N	139	\N	\N	81	352	f
353	0	f	\N	134	\N	\N	89	377	f
354	1	f	\N	136	\N	\N	89	378	f
355	3	f	\N	140	\N	\N	89	379	f
356	2	f	\N	138	\N	\N	89	380	f
341	2	f	\N	146	\N	\N	86	353	f
346	2	f	\N	145	\N	\N	87	362	f
347	0	f	\N	142	\N	\N	87	363	f
348	1	f	\N	144	\N	\N	87	364	f
349	3	f	\N	147	\N	\N	88	341	f
350	1	f	\N	143	\N	\N	88	342	f
351	2	f	\N	145	\N	\N	88	343	f
352	0	f	\N	141	\N	\N	88	344	f
357	3	f	\N	145	\N	\N	90	345	f
358	2	f	\N	142	\N	\N	90	346	f
359	1	f	\N	139	\N	\N	90	347	f
360	0	f	\N	138	\N	\N	90	348	f
361	1	f	\N	142	\N	\N	91	373	f
362	3	f	\N	146	\N	\N	91	374	f
363	2	f	\N	144	\N	\N	91	375	f
364	0	f	\N	141	\N	\N	91	376	f
365	3	f	\N	145	\N	\N	92	385	f
366	2	f	\N	142	\N	\N	92	386	f
367	0	f	\N	138	\N	\N	92	387	f
368	1	f	\N	141	\N	\N	92	388	f
369	2	f	\N	145	\N	\N	93	357	f
370	1	f	\N	144	\N	\N	93	358	f
371	0	f	\N	140	\N	\N	93	359	f
372	3	f	\N	150	\N	\N	93	360	f
389	1	f	\N	150	\N	\N	98	413	f
390	2	f	\N	151	\N	\N	98	414	f
391	3	f	\N	152	\N	\N	98	415	f
392	0	f	\N	149	\N	\N	98	416	f
373	2	f	\N	140	\N	\N	94	433	f
374	0	f	\N	138	\N	\N	94	434	f
375	1	f	\N	139	\N	\N	94	435	f
376	3	f	\N	142	\N	\N	94	436	f
429	3	f	\N	137	\N	\N	108	453	f
430	1	f	\N	102	\N	\N	108	454	f
431	0	f	\N	100	\N	\N	108	455	f
432	2	f	\N	134	\N	\N	108	456	f
393	2	f	\N	144	\N	\N	99	437	f
394	3	f	\N	147	\N	\N	99	438	f
395	1	f	\N	141	\N	\N	99	439	f
396	0	f	\N	140	\N	\N	99	440	f
385	0	f	\N	134	\N	\N	97	421	f
386	1	f	\N	138	\N	\N	97	422	f
387	2	f	\N	141	\N	\N	97	423	f
388	3	f	\N	144	\N	\N	97	424	f
377	1	f	\N	140	\N	\N	95	397	f
378	2	f	\N	143	\N	\N	95	398	f
379	0	f	\N	137	\N	\N	95	399	f
380	3	f	\N	145	\N	\N	95	400	f
401	3	f	\N	145	\N	\N	101	425	f
402	2	f	\N	143	\N	\N	101	426	f
403	1	f	\N	140	\N	\N	101	427	f
404	0	f	\N	139	\N	\N	101	428	f
397	2	f	\N	146	\N	\N	100	417	f
398	3	f	\N	147	\N	\N	100	418	f
399	0	f	\N	142	\N	\N	100	419	f
400	1	f	\N	144	\N	\N	100	420	f
405	0	f	\N	142	\N	\N	102	401	f
406	2	f	\N	148	\N	\N	102	402	f
407	3	f	\N	149	\N	\N	102	403	f
408	1	f	\N	145	\N	\N	102	404	f
381	1	f	\N	138	\N	\N	96	429	f
382	2	f	\N	139	\N	\N	96	430	f
383	0	f	\N	134	\N	\N	96	431	f
384	3	f	\N	141	\N	\N	96	432	f
413	2	f	\N	138	\N	\N	104	393	f
414	3	f	\N	140	\N	\N	104	394	f
415	1	f	\N	137	\N	\N	104	395	f
416	0	f	\N	134	\N	\N	104	396	f
409	3	f	\N	144	\N	\N	103	405	t
410	2	f	\N	143	\N	\N	103	406	f
411	1	f	\N	142	\N	\N	103	407	f
412	0	f	\N	140	\N	\N	103	408	f
417	0	f	\N	129	\N	\N	105	409	f
418	3	f	\N	143	\N	\N	105	410	f
419	1	f	\N	139	\N	\N	105	411	f
420	2	f	\N	141	\N	\N	105	412	f
433	3	f	\N	146	\N	\N	109	445	f
434	1	f	\N	140	\N	\N	109	446	f
435	2	f	\N	142	\N	\N	109	447	f
436	0	f	\N	100	\N	\N	109	448	f
421	1	f	\N	140	\N	\N	106	481	f
422	0	f	\N	120	\N	\N	106	482	f
423	2	f	\N	142	\N	\N	106	483	f
424	3	f	\N	144	\N	\N	106	484	f
425	3	f	\N	140	\N	\N	107	477	f
426	0	f	\N	130	\N	\N	107	478	f
427	1	f	\N	136	\N	\N	107	479	f
428	2	f	\N	138	\N	\N	107	480	f
437	3	f	\N	142	\N	\N	110	441	f
438	0	f	\N	135	\N	\N	110	442	f
439	2	f	\N	139	\N	\N	110	443	f
440	1	f	\N	137	\N	\N	110	444	f
441	1	f	\N	150	\N	\N	111	465	f
442	3	f	\N	152	\N	\N	111	466	f
443	2	f	\N	151	\N	\N	111	467	f
444	0	f	\N	140	\N	\N	111	468	f
446	2	f	\N	149	\N	\N	112	470	f
447	3	f	\N	150	\N	\N	112	471	f
448	0	f	\N	144	\N	\N	112	472	f
445	1	f	\N	146	\N	\N	112	469	t
449	2	f	\N	142	\N	\N	113	485	f
450	0	f	\N	136	\N	\N	113	486	f
451	3	f	\N	145	\N	\N	113	487	f
452	1	f	\N	141	\N	\N	113	488	f
453	1	f	\N	142	\N	\N	114	457	f
454	2	f	\N	146	\N	\N	114	458	f
455	3	f	\N	147	\N	\N	114	459	f
456	0	f	\N	140	\N	\N	114	460	f
459	3	f	\N	143	\N	\N	115	475	f
457	2	f	\N	140	\N	\N	115	473	f
458	0	f	\N	134	\N	\N	115	474	f
460	1	f	\N	137	\N	\N	115	476	f
461	3	f	\N	148	\N	\N	116	461	f
462	0	f	\N	140	\N	\N	116	462	f
463	1	f	\N	142	\N	\N	116	463	f
464	2	f	\N	143	\N	\N	116	464	f
465	2	f	\N	145	\N	\N	117	449	f
466	0	f	\N	142	\N	\N	117	450	f
467	3	f	\N	146	\N	\N	117	451	f
468	1	f	\N	144	\N	\N	117	452	f
469	\N	t	\N	\N	\N	\N	118	609	f
470	\N	f	\N	\N	\N	\N	118	610	f
471	\N	t	\N	\N	\N	\N	118	611	f
472	\N	f	\N	\N	\N	\N	118	612	f
473	\N	f	\N	\N	\N	\N	119	605	f
474	\N	t	\N	\N	\N	\N	119	606	f
475	\N	t	\N	\N	\N	\N	119	607	f
476	\N	f	\N	\N	\N	\N	119	608	f
477	\N	t	\N	\N	\N	\N	120	613	f
478	\N	f	\N	\N	\N	\N	120	614	f
479	\N	t	\N	\N	\N	\N	120	615	f
480	\N	f	\N	\N	\N	\N	120	616	f
481	\N	t	\N	\N	\N	\N	121	601	f
482	\N	f	\N	\N	\N	\N	121	602	f
483	\N	f	\N	\N	\N	\N	121	603	f
484	\N	t	\N	\N	\N	\N	121	604	f
552	\N	f	\N	\N	\N	\N	152	188	f
553	\N	t	\N	\N	\N	\N	153	189	f
554	\N	f	\N	\N	\N	\N	153	190	f
555	\N	f	\N	\N	\N	\N	153	191	f
491	0	f	-1	249	\N	\N	125	647	f
492	1	t	1	250	\N	\N	125	648	f
489	1	t	3	257	\N	\N	124	645	f
490	0	f	-3	254	\N	\N	124	646	f
487	0	f	-7	247	\N	\N	123	667	f
488	1	t	7	254	\N	\N	123	668	f
485	1	t	1	243	\N	\N	122	659	f
486	0	f	-1	242	\N	\N	122	660	f
499	1	t	5	254	\N	\N	129	669	f
500	0	f	-5	249	\N	\N	129	670	f
497	1	t	1	255	\N	\N	128	671	f
498	0	f	-1	254	\N	\N	128	672	f
495	0	f	-3	247	\N	\N	127	665	f
496	1	t	3	250	\N	\N	127	666	f
493	1	t	3	247	\N	\N	126	661	f
494	0	f	-3	244	\N	\N	126	662	f
501	1	t	2	255	\N	\N	130	663	f
502	0	f	-2	253	\N	\N	130	664	f
503	0	f	-6	256	\N	\N	131	657	f
504	1	t	6	262	\N	\N	131	658	f
505	0	f	-4	254	\N	\N	132	655	f
506	1	t	4	258	\N	\N	132	656	f
507	0	f	-4	259	\N	\N	133	653	f
508	1	t	4	263	\N	\N	133	654	f
509	0	f	-3	250	\N	\N	134	651	f
510	1	t	3	253	\N	\N	134	652	f
511	0	f	-4	255	\N	\N	135	649	f
512	1	t	4	259	\N	\N	135	650	f
531	0	f	-16	247	\N	\N	144	695	f
532	1	t	16	263	\N	\N	144	696	f
527	1	t	2	244	\N	\N	142	699	f
528	0	f	-2	242	\N	\N	142	700	f
537	0	f	-4	259	\N	\N	147	691	f
519	1	t	4	256	\N	\N	138	681	f
520	0	f	-4	252	\N	\N	138	682	f
523	0	f	-10	246	\N	\N	140	689	f
524	1	t	10	256	\N	\N	140	690	f
521	1	t	14	251	\N	\N	139	697	f
522	0	f	-14	237	\N	\N	139	698	f
529	1	t	3	259	\N	\N	143	705	f
530	0	f	-3	256	\N	\N	143	706	f
556	\N	t	\N	\N	\N	\N	153	192	f
557	\N	f	\N	\N	\N	\N	154	709	f
517	0	f	-3	256	\N	\N	137	701	f
518	1	t	3	259	\N	\N	137	702	f
533	1	t	2	260	\N	\N	145	707	f
534	0	f	-2	258	\N	\N	145	708	f
535	1	t	1	254	\N	\N	146	685	f
536	0	f	-1	253	\N	\N	146	686	f
538	1	t	4	263	\N	\N	147	692	f
539	1	t	5	250	\N	\N	148	683	f
540	0	f	-5	245	\N	\N	148	684	f
541	1	t	5	262	\N	\N	149	703	f
542	0	f	-5	257	\N	\N	149	704	f
525	0	f	-2	255	\N	\N	141	693	f
526	1	t	2	257	\N	\N	141	694	f
543	1	t	2	260	\N	\N	150	687	f
544	0	f	-2	258	\N	\N	150	688	f
513	\N	t	\N	\N	\N	\N	136	677	f
514	\N	t	\N	\N	\N	\N	136	678	f
515	\N	f	\N	\N	\N	\N	136	679	f
516	\N	f	\N	\N	\N	\N	136	680	f
545	\N	f	\N	\N	\N	\N	151	673	f
546	\N	t	\N	\N	\N	\N	151	674	f
547	\N	f	\N	\N	\N	\N	151	675	f
548	\N	t	\N	\N	\N	\N	151	676	f
549	\N	f	\N	\N	\N	\N	152	185	f
550	\N	t	\N	\N	\N	\N	152	186	f
551	\N	t	\N	\N	\N	\N	152	187	f
558	\N	f	\N	\N	\N	\N	154	710	f
559	\N	f	\N	\N	\N	\N	154	711	f
560	\N	t	\N	\N	\N	\N	154	712	f
561	\N	f	\N	\N	\N	\N	155	285	f
562	\N	t	\N	\N	\N	\N	155	286	f
563	\N	f	\N	\N	\N	\N	155	287	f
564	\N	t	\N	\N	\N	\N	155	288	f
565	\N	f	\N	\N	\N	\N	156	281	f
566	\N	t	\N	\N	\N	\N	156	282	f
567	\N	t	\N	\N	\N	\N	156	283	f
568	\N	f	\N	\N	\N	\N	156	284	f
569	\N	f	\N	\N	\N	\N	157	713	f
570	\N	t	\N	\N	\N	\N	157	714	f
571	\N	f	\N	\N	\N	\N	157	715	f
572	\N	f	\N	\N	\N	\N	157	716	f
585	0	f	\N	136	\N	\N	161	769	f
586	1	f	\N	138	\N	\N	161	770	f
587	2	f	\N	140	\N	\N	161	771	f
588	3	f	\N	144	\N	\N	161	772	f
577	3	f	\N	138	\N	\N	159	809	f
578	0	f	\N	120	\N	\N	159	810	f
579	1	f	\N	130	\N	\N	159	811	f
580	2	f	\N	137	\N	\N	159	812	f
581	0	f	\N	136	\N	\N	160	757	f
582	1	f	\N	140	\N	\N	160	758	f
583	3	f	\N	145	\N	\N	160	759	f
584	2	f	\N	143	\N	\N	160	760	f
573	2	f	\N	136	\N	\N	158	777	f
574	0	f	\N	100	\N	\N	158	778	f
575	3	f	\N	150	\N	\N	158	779	f
576	1	f	\N	135	\N	\N	158	780	f
593	1	f	\N	142	\N	\N	163	801	f
594	0	f	\N	140	\N	\N	163	802	f
595	2	f	\N	147	\N	\N	163	803	f
596	3	f	\N	148	\N	\N	163	804	f
589	0	f	\N	136	\N	\N	162	717	f
590	1	f	\N	138	\N	\N	162	718	f
591	2	f	\N	139	\N	\N	162	719	f
592	3	f	\N	141	\N	\N	162	720	f
617	3	f	\N	147	\N	\N	169	745	f
618	0	f	\N	120	\N	\N	169	746	f
619	2	f	\N	143	\N	\N	169	747	f
620	1	f	\N	141	\N	\N	169	748	f
648	0	f	\N	139	\N	\N	176	744	f
649	3	f	\N	146	\N	\N	177	781	f
650	0	f	\N	137	\N	\N	177	782	f
651	2	f	\N	143	\N	\N	177	783	f
613	3	f	\N	140	\N	\N	168	749	f
614	2	f	\N	139	\N	\N	168	750	f
615	1	f	\N	138	\N	\N	168	751	f
616	0	f	\N	137	\N	\N	168	752	f
633	3	f	\N	142	\N	\N	173	789	f
634	0	f	\N	124	\N	\N	173	790	f
635	2	f	\N	140	\N	\N	173	791	f
636	1	f	\N	139	\N	\N	173	792	f
609	3	f	\N	136	\N	\N	167	725	f
610	2	f	\N	135	\N	\N	167	726	f
611	1	f	\N	133	\N	\N	167	727	f
612	0	f	\N	130	\N	\N	167	728	f
601	3	f	\N	141	\N	\N	165	737	f
602	2	f	\N	139	\N	\N	165	738	f
603	0	f	\N	132	\N	\N	165	739	f
604	1	f	\N	134	\N	\N	165	740	f
629	3	f	\N	143	\N	\N	172	793	f
630	1	f	\N	137	\N	\N	172	794	f
631	2	f	\N	142	\N	\N	172	795	f
632	0	f	\N	136	\N	\N	172	796	f
625	0	f	\N	120	\N	\N	171	797	f
626	3	f	\N	135	\N	\N	171	798	f
627	1	f	\N	128	\N	\N	171	799	f
628	2	f	\N	130	\N	\N	171	800	f
621	2	f	\N	139	\N	\N	170	821	f
622	3	f	\N	143	\N	\N	170	822	f
623	1	f	\N	138	\N	\N	170	823	f
624	0	f	\N	100	\N	\N	170	824	f
605	2	f	\N	140	\N	\N	166	805	f
606	3	f	\N	141	\N	\N	166	806	f
607	1	f	\N	139	\N	\N	166	807	f
608	0	f	\N	136	\N	\N	166	808	f
597	0	f	\N	120	\N	\N	164	817	f
598	3	f	\N	143	\N	\N	164	818	f
599	2	f	\N	136	\N	\N	164	819	f
600	1	f	\N	134	\N	\N	164	820	f
637	2	f	\N	144	\N	\N	174	761	f
638	3	f	\N	145	\N	\N	174	762	f
639	1	f	\N	143	\N	\N	174	763	f
640	0	f	\N	140	\N	\N	174	764	f
645	2	f	\N	142	\N	\N	176	741	f
646	1	f	\N	140	\N	\N	176	742	f
647	3	f	\N	143	\N	\N	176	743	f
652	1	f	\N	139	\N	\N	177	784	f
641	1	f	\N	141	\N	\N	175	765	f
642	2	f	\N	144	\N	\N	175	766	f
643	0	f	\N	139	\N	\N	175	767	t
644	3	f	\N	152	\N	\N	175	768	f
653	3	f	\N	144	\N	\N	178	813	f
654	0	f	\N	136	\N	\N	178	814	f
655	2	f	\N	140	\N	\N	178	815	f
656	1	f	\N	138	\N	\N	178	816	f
661	3	f	\N	140	\N	\N	180	825	f
662	1	f	\N	136	\N	\N	180	826	f
663	0	f	\N	134	\N	\N	180	827	f
664	2	f	\N	138	\N	\N	180	828	f
657	0	f	\N	132	\N	\N	179	773	f
658	3	f	\N	146	\N	\N	179	774	f
659	2	f	\N	143	\N	\N	179	775	f
660	1	f	\N	141	\N	\N	179	776	f
665	2	f	\N	144	\N	\N	181	753	f
666	3	f	\N	150	\N	\N	181	754	f
667	0	f	\N	136	\N	\N	181	755	f
668	1	f	\N	138	\N	\N	181	756	f
673	0	f	\N	130	\N	\N	183	733	f
674	2	f	\N	133	\N	\N	183	734	f
675	3	f	\N	146	\N	\N	183	735	f
676	1	f	\N	131	\N	\N	183	736	f
677	3	f	\N	149	\N	\N	184	729	f
678	2	f	\N	142	\N	\N	184	730	f
679	0	f	\N	120	\N	\N	184	731	f
680	1	f	\N	140	\N	\N	184	732	f
669	0	f	\N	130	\N	\N	182	733	f
670	2	f	\N	133	\N	\N	182	734	f
671	3	f	\N	146	\N	\N	182	735	f
672	1	f	\N	131	\N	\N	182	736	f
681	2	f	\N	140	\N	\N	185	721	f
682	3	f	\N	142	\N	\N	185	722	f
683	1	f	\N	139	\N	\N	185	723	f
684	0	f	\N	136	\N	\N	185	724	f
1233	3	f	\N	137	\N	\N	323	1449	f
686	1	f	\N	144	\N	\N	186	786	f
685	2	f	\N	145	\N	\N	186	785	f
687	3	f	\N	148	\N	\N	186	787	f
688	0	f	\N	140	\N	\N	186	788	f
693	1	f	\N	130	\N	\N	188	873	f
694	3	f	\N	134	\N	\N	188	874	f
695	2	f	\N	131	\N	\N	188	875	f
696	0	f	\N	100	\N	\N	188	876	f
697	1	f	\N	101	\N	\N	189	917	f
698	3	f	\N	140	\N	\N	189	918	f
699	0	f	\N	100	\N	\N	189	919	f
700	2	f	\N	139	\N	\N	189	920	f
689	3	f	\N	138	\N	\N	187	853	f
690	1	f	\N	101	\N	\N	187	854	f
691	2	f	\N	135	\N	\N	187	855	f
692	0	f	\N	100	\N	\N	187	856	f
701	0	f	\N	100	\N	\N	190	913	f
702	1	f	\N	130	\N	\N	190	914	f
703	3	f	\N	135	\N	\N	190	915	f
704	2	f	\N	132	\N	\N	190	916	f
721	0	f	\N	100	\N	\N	195	925	f
722	1	f	\N	138	\N	\N	195	926	f
723	2	f	\N	140	\N	\N	195	927	f
724	3	f	\N	146	\N	\N	195	928	f
709	3	f	\N	140	\N	\N	192	905	f
710	2	f	\N	138	\N	\N	192	906	f
711	1	f	\N	134	\N	\N	192	907	f
712	0	f	\N	100	\N	\N	192	908	f
713	2	f	\N	135	\N	\N	193	857	f
714	3	f	\N	140	\N	\N	193	858	f
715	0	f	\N	130	\N	\N	193	859	f
716	1	f	\N	134	\N	\N	193	860	f
717	0	f	\N	100	\N	\N	194	833	f
718	2	f	\N	136	\N	\N	194	834	f
719	3	f	\N	137	\N	\N	194	835	f
720	1	f	\N	132	\N	\N	194	836	f
705	1	f	\N	132	\N	\N	191	841	f
706	3	f	\N	136	\N	\N	191	842	f
707	2	f	\N	135	\N	\N	191	843	f
708	0	f	\N	100	\N	\N	191	844	f
737	0	f	\N	138	\N	\N	199	865	f
738	2	f	\N	147	\N	\N	199	866	f
739	1	f	\N	144	\N	\N	199	867	f
740	3	f	\N	151	\N	\N	199	868	f
729	1	f	\N	136	\N	\N	197	869	f
730	3	f	\N	141	\N	\N	197	870	f
731	2	f	\N	138	\N	\N	197	871	f
732	0	f	\N	132	\N	\N	197	872	f
725	0	f	\N	100	\N	\N	196	933	f
726	2	f	\N	137	\N	\N	196	934	f
727	3	f	\N	140	\N	\N	196	935	f
728	1	f	\N	134	\N	\N	196	936	f
733	3	f	\N	148	\N	\N	198	881	f
734	0	f	\N	133	\N	\N	198	882	f
735	1	f	\N	142	\N	\N	198	883	f
736	2	f	\N	143	\N	\N	198	884	f
741	2	f	\N	139	\N	\N	200	897	f
742	1	f	\N	136	\N	\N	200	898	f
743	3	f	\N	140	\N	\N	200	899	f
744	0	f	\N	134	\N	\N	200	900	f
745	3	f	\N	145	\N	\N	201	877	f
746	2	f	\N	143	\N	\N	201	878	f
747	0	f	\N	138	\N	\N	201	879	f
748	1	f	\N	140	\N	\N	201	880	f
749	3	f	\N	146	\N	\N	202	909	f
750	2	f	\N	145	\N	\N	202	910	f
751	0	f	\N	140	\N	\N	202	911	f
752	1	f	\N	144	\N	\N	202	912	f
773	1	f	\N	149	\N	\N	208	893	f
774	0	f	\N	148	\N	\N	208	894	f
775	3	f	\N	151	\N	\N	208	895	f
776	2	f	\N	150	\N	\N	208	896	f
777	1	f	\N	132	\N	\N	209	861	f
778	2	f	\N	136	\N	\N	209	862	f
779	3	f	\N	137	\N	\N	209	863	f
780	0	f	\N	130	\N	\N	209	864	f
761	1	f	\N	139	\N	\N	205	885	f
762	3	f	\N	144	\N	\N	205	886	f
763	0	f	\N	137	\N	\N	205	887	f
764	2	f	\N	141	\N	\N	205	888	f
753	2	f	\N	146	\N	\N	203	845	f
754	1	f	\N	144	\N	\N	203	846	f
755	3	f	\N	147	\N	\N	203	847	f
756	0	f	\N	141	\N	\N	203	848	f
765	2	f	\N	146	\N	\N	206	837	f
766	3	f	\N	149	\N	\N	206	838	f
767	1	f	\N	144	\N	\N	206	839	f
768	0	f	\N	142	\N	\N	206	840	f
781	2	f	\N	143	\N	\N	210	921	f
782	3	f	\N	145	\N	\N	210	922	f
783	0	f	\N	139	\N	\N	210	923	f
784	1	f	\N	141	\N	\N	210	924	f
757	3	f	\N	141	\N	\N	204	889	f
758	0	f	\N	100	\N	\N	204	890	f
759	2	f	\N	135	\N	\N	204	891	f
760	1	f	\N	133	\N	\N	204	892	f
769	0	f	\N	100	\N	\N	207	849	f
770	2	f	\N	140	\N	\N	207	850	f
771	1	f	\N	137	\N	\N	207	851	f
772	3	f	\N	143	\N	\N	207	852	f
785	1	f	\N	132	\N	\N	211	861	f
786	2	f	\N	136	\N	\N	211	862	f
787	3	f	\N	137	\N	\N	211	863	f
788	0	f	\N	130	\N	\N	211	864	f
789	0	f	\N	100	\N	\N	212	929	f
790	1	f	\N	101	\N	\N	212	930	f
791	3	f	\N	110	\N	\N	212	931	f
792	2	f	\N	102	\N	\N	212	932	f
793	2	f	\N	134	\N	\N	213	829	f
794	0	f	\N	100	\N	\N	213	830	f
795	1	f	\N	132	\N	\N	213	831	f
796	3	f	\N	137	\N	\N	213	832	f
1236	0	f	\N	133	\N	\N	323	1452	f
798	3	f	\N	149	\N	\N	214	902	f
799	1	f	\N	143	\N	\N	214	903	f
797	2	f	\N	146	\N	\N	214	901	f
800	0	f	\N	142	\N	\N	214	904	f
817	0	f	\N	132	\N	\N	219	1009	f
818	3	f	\N	138	\N	\N	219	1010	f
819	1	f	\N	134	\N	\N	219	1011	f
820	2	f	\N	135	\N	\N	219	1012	f
801	0	f	\N	100	\N	\N	215	945	f
802	2	f	\N	120	\N	\N	215	946	f
803	3	f	\N	127	\N	\N	215	947	f
804	1	f	\N	101	\N	\N	215	948	f
805	0	f	\N	100	\N	\N	216	1025	f
806	3	f	\N	133	\N	\N	216	1026	f
807	1	f	\N	101	\N	\N	216	1027	f
808	2	f	\N	102	\N	\N	216	1028	f
821	3	f	\N	141	\N	\N	220	961	f
822	1	f	\N	136	\N	\N	220	962	f
823	2	f	\N	140	\N	\N	220	963	f
824	0	f	\N	135	\N	\N	220	964	f
829	3	f	\N	135	\N	\N	222	965	f
830	2	f	\N	130	\N	\N	222	966	f
831	0	f	\N	100	\N	\N	222	967	f
832	1	f	\N	128	\N	\N	222	968	f
825	1	f	\N	135	\N	\N	221	1001	f
826	0	f	\N	131	\N	\N	221	1002	f
827	2	f	\N	136	\N	\N	221	1003	f
828	3	f	\N	139	\N	\N	221	1004	f
809	3	f	\N	134	\N	\N	217	1013	f
810	0	f	\N	100	\N	\N	217	1014	f
811	2	f	\N	132	\N	\N	217	1015	f
812	1	f	\N	101	\N	\N	217	1016	f
813	3	f	\N	138	\N	\N	218	981	f
814	2	f	\N	137	\N	\N	218	982	f
815	0	f	\N	100	\N	\N	218	983	f
816	1	f	\N	136	\N	\N	218	984	f
837	3	f	\N	146	\N	\N	224	985	f
838	2	f	\N	145	\N	\N	224	986	f
839	0	f	\N	138	\N	\N	224	987	f
840	1	f	\N	140	\N	\N	224	988	f
833	2	f	\N	138	\N	\N	223	941	f
834	3	f	\N	140	\N	\N	223	942	f
835	1	f	\N	133	\N	\N	223	943	f
836	0	f	\N	131	\N	\N	223	944	f
841	2	f	\N	144	\N	\N	225	977	f
842	3	f	\N	147	\N	\N	225	978	f
843	0	f	\N	140	\N	\N	225	979	f
844	1	f	\N	142	\N	\N	225	980	f
845	0	f	\N	136	\N	\N	226	989	f
846	3	f	\N	142	\N	\N	226	990	f
847	2	f	\N	141	\N	\N	226	991	f
848	1	f	\N	139	\N	\N	226	992	f
869	3	f	\N	148	\N	\N	232	937	f
870	2	f	\N	147	\N	\N	232	938	f
871	1	f	\N	145	\N	\N	232	939	f
872	0	f	\N	143	\N	\N	232	940	f
865	3	f	\N	152	\N	\N	231	949	f
866	2	f	\N	151	\N	\N	231	950	f
867	1	f	\N	150	\N	\N	231	951	f
868	0	f	\N	144	\N	\N	231	952	f
857	3	f	\N	151	\N	\N	229	1021	f
858	1	f	\N	145	\N	\N	229	1022	f
859	0	f	\N	144	\N	\N	229	1023	f
860	2	f	\N	150	\N	\N	229	1024	f
853	1	f	\N	143	\N	\N	228	973	f
854	0	f	\N	140	\N	\N	228	974	f
855	2	f	\N	145	\N	\N	228	975	f
856	3	f	\N	147	\N	\N	228	976	f
881	0	f	\N	140	\N	\N	235	957	f
882	2	f	\N	143	\N	\N	235	958	f
883	3	f	\N	145	\N	\N	235	959	f
884	1	f	\N	141	\N	\N	235	960	f
873	3	f	\N	143	\N	\N	233	1017	f
874	1	f	\N	135	\N	\N	233	1018	f
875	2	f	\N	141	\N	\N	233	1019	f
876	0	f	\N	132	\N	\N	233	1020	f
849	3	f	\N	147	\N	\N	227	997	f
850	1	f	\N	144	\N	\N	227	998	f
851	0	f	\N	142	\N	\N	227	999	f
852	2	f	\N	146	\N	\N	227	1000	f
861	2	f	\N	143	\N	\N	230	953	f
862	3	f	\N	144	\N	\N	230	954	f
863	0	f	\N	140	\N	\N	230	955	f
864	1	f	\N	141	\N	\N	230	956	f
877	3	f	\N	145	\N	\N	234	1005	f
878	0	f	\N	137	\N	\N	234	1006	f
879	1	f	\N	142	\N	\N	234	1007	f
880	2	f	\N	143	\N	\N	234	1008	f
885	3	f	\N	150	\N	\N	236	993	f
886	0	f	\N	140	\N	\N	236	994	f
887	1	f	\N	143	\N	\N	236	995	f
888	2	f	\N	145	\N	\N	236	996	f
889	2	f	\N	136	\N	\N	237	969	f
890	3	f	\N	138	\N	\N	237	970	f
891	1	f	\N	134	\N	\N	237	971	f
892	0	f	\N	132	\N	\N	237	972	f
893	2	f	\N	102	\N	\N	238	1029	f
894	1	f	\N	101	\N	\N	238	1030	f
895	0	f	\N	100	\N	\N	238	1031	f
896	3	f	\N	134	\N	\N	238	1032	f
898	2	f	\N	136	\N	\N	239	1082	f
899	1	f	\N	101	\N	\N	239	1083	f
900	0	f	\N	100	\N	\N	239	1084	f
897	3	f	\N	138	\N	\N	239	1081	f
906	2	f	\N	134	\N	\N	241	1070	f
907	0	f	\N	131	\N	\N	241	1071	f
908	1	f	\N	133	\N	\N	241	1072	f
901	2	f	\N	136	\N	\N	240	1101	f
902	3	f	\N	138	\N	\N	240	1102	f
903	1	f	\N	134	\N	\N	240	1103	f
904	0	f	\N	133	\N	\N	240	1104	f
909	0	f	\N	100	\N	\N	242	1097	f
910	2	f	\N	138	\N	\N	242	1098	f
911	3	f	\N	139	\N	\N	242	1099	f
912	1	f	\N	136	\N	\N	242	1100	f
933	2	f	\N	140	\N	\N	248	1105	f
934	1	f	\N	135	\N	\N	248	1106	f
935	3	f	\N	143	\N	\N	248	1107	f
936	0	f	\N	132	\N	\N	248	1108	f
905	3	f	\N	136	\N	\N	241	1069	f
945	3	f	\N	140	\N	\N	251	1045	f
946	2	f	\N	139	\N	\N	251	1046	f
947	0	f	\N	136	\N	\N	251	1047	f
948	1	f	\N	138	\N	\N	251	1048	f
921	2	f	\N	141	\N	\N	245	1037	f
922	3	f	\N	142	\N	\N	245	1038	f
923	1	f	\N	140	\N	\N	245	1039	f
924	0	f	\N	119	\N	\N	245	1040	f
937	2	f	\N	138	\N	\N	249	1085	f
938	3	f	\N	141	\N	\N	249	1086	f
939	1	f	\N	135	\N	\N	249	1087	f
940	0	f	\N	132	\N	\N	249	1088	f
929	2	f	\N	139	\N	\N	247	1109	f
930	1	f	\N	136	\N	\N	247	1110	f
931	3	f	\N	141	\N	\N	247	1111	f
932	0	f	\N	134	\N	\N	247	1112	f
941	3	f	\N	147	\N	\N	250	1089	f
942	0	f	\N	143	\N	\N	250	1090	f
943	2	f	\N	146	\N	\N	250	1091	f
944	1	f	\N	144	\N	\N	250	1092	f
925	2	f	\N	136	\N	\N	246	1073	f
926	3	f	\N	138	\N	\N	246	1074	f
927	1	f	\N	134	\N	\N	246	1075	f
928	0	f	\N	100	\N	\N	246	1076	f
917	2	f	\N	136	\N	\N	244	1093	f
918	3	f	\N	137	\N	\N	244	1094	f
919	0	f	\N	100	\N	\N	244	1095	f
920	1	f	\N	133	\N	\N	244	1096	f
913	2	f	\N	137	\N	\N	243	1049	f
914	3	f	\N	142	\N	\N	243	1050	f
915	0	f	\N	100	\N	\N	243	1051	f
916	1	f	\N	136	\N	\N	243	1052	f
949	3	f	\N	152	\N	\N	252	1061	f
950	0	f	\N	146	\N	\N	252	1062	f
951	1	f	\N	150	\N	\N	252	1063	f
952	2	f	\N	151	\N	\N	252	1064	f
961	1	f	\N	146	\N	\N	255	1033	f
962	0	f	\N	144	\N	\N	255	1034	f
963	3	f	\N	149	\N	\N	255	1035	f
964	2	f	\N	147	\N	\N	255	1036	f
957	3	f	\N	145	\N	\N	254	1077	f
958	2	f	\N	144	\N	\N	254	1078	f
959	0	f	\N	141	\N	\N	254	1079	f
960	1	f	\N	143	\N	\N	254	1080	f
953	2	f	\N	147	\N	\N	253	1041	f
954	3	f	\N	148	\N	\N	253	1042	f
955	1	f	\N	143	\N	\N	253	1043	f
956	0	f	\N	141	\N	\N	253	1044	f
965	3	f	\N	144	\N	\N	256	1057	f
966	2	f	\N	139	\N	\N	256	1058	f
967	0	f	\N	134	\N	\N	256	1059	f
968	1	f	\N	136	\N	\N	256	1060	f
973	3	f	\N	143	\N	\N	258	1065	f
974	2	f	\N	142	\N	\N	258	1066	f
975	1	f	\N	138	\N	\N	258	1067	f
976	0	f	\N	136	\N	\N	258	1068	f
969	2	f	\N	147	\N	\N	257	1053	f
970	1	f	\N	146	\N	\N	257	1054	f
971	3	f	\N	149	\N	\N	257	1055	f
972	0	f	\N	141	\N	\N	257	1056	f
997	\N	f	\N	\N	\N	\N	264	1129	f
998	\N	t	\N	\N	\N	\N	264	1130	f
999	\N	f	\N	\N	\N	\N	264	1131	f
1000	\N	t	\N	\N	\N	\N	264	1132	f
977	\N	f	\N	\N	\N	\N	259	1117	f
978	\N	t	\N	\N	\N	\N	259	1118	f
979	\N	f	\N	\N	\N	\N	259	1119	f
980	\N	t	\N	\N	\N	\N	259	1120	f
981	\N	f	\N	\N	\N	\N	260	1121	f
982	\N	t	\N	\N	\N	\N	260	1122	f
983	\N	t	\N	\N	\N	\N	260	1123	f
984	\N	f	\N	\N	\N	\N	260	1124	f
989	\N	t	\N	\N	\N	\N	262	1125	f
990	\N	t	\N	\N	\N	\N	262	1126	f
991	\N	f	\N	\N	\N	\N	262	1127	f
992	\N	f	\N	\N	\N	\N	262	1128	f
985	\N	f	\N	\N	\N	\N	261	1133	f
986	\N	t	\N	\N	\N	\N	261	1134	f
987	\N	f	\N	\N	\N	\N	261	1135	f
988	\N	t	\N	\N	\N	\N	261	1136	f
993	\N	t	\N	\N	\N	\N	263	1113	f
994	\N	t	\N	\N	\N	\N	263	1114	f
995	\N	f	\N	\N	\N	\N	263	1115	f
996	\N	f	\N	\N	\N	\N	263	1116	f
1001	\N	f	\N	\N	\N	\N	265	1141	f
1002	\N	f	\N	\N	\N	\N	265	1142	f
1003	\N	t	\N	\N	\N	\N	265	1143	f
1004	\N	t	\N	\N	\N	\N	265	1144	f
1005	\N	t	\N	\N	\N	\N	266	1137	f
1006	\N	t	\N	\N	\N	\N	266	1138	f
1007	\N	f	\N	\N	\N	\N	266	1139	f
1008	\N	f	\N	\N	\N	\N	266	1140	f
1009	\N	f	\N	\N	\N	\N	267	1153	f
1010	\N	f	\N	\N	\N	\N	267	1154	f
1011	\N	t	\N	\N	\N	\N	267	1155	f
1012	\N	t	\N	\N	\N	\N	267	1156	f
1013	\N	f	\N	\N	\N	\N	268	1157	f
1014	\N	t	\N	\N	\N	\N	268	1158	f
1015	\N	t	\N	\N	\N	\N	268	1159	f
1016	\N	f	\N	\N	\N	\N	268	1160	f
1017	\N	t	\N	\N	\N	\N	269	1149	f
1018	\N	t	\N	\N	\N	\N	269	1150	f
1019	\N	f	\N	\N	\N	\N	269	1151	f
1020	\N	f	\N	\N	\N	\N	269	1152	f
1021	\N	f	\N	\N	\N	\N	270	1145	f
1022	\N	f	\N	\N	\N	\N	270	1146	f
1023	\N	t	\N	\N	\N	\N	270	1147	f
1024	\N	t	\N	\N	\N	\N	270	1148	f
1025	\N	f	\N	\N	\N	\N	271	1161	f
1026	\N	f	\N	\N	\N	\N	271	1162	f
1027	\N	t	\N	\N	\N	\N	271	1163	f
1028	\N	t	\N	\N	\N	\N	271	1164	f
1029	\N	f	\N	\N	\N	\N	272	1165	f
1030	\N	t	\N	\N	\N	\N	272	1166	f
1031	\N	f	\N	\N	\N	\N	272	1167	f
1032	\N	t	\N	\N	\N	\N	272	1168	f
1033	0	f	\N	100	\N	\N	273	1205	f
1034	1	f	\N	136	\N	\N	273	1206	f
1035	2	f	\N	137	\N	\N	273	1207	f
1036	3	f	\N	139	\N	\N	273	1208	f
1037	1	f	\N	138	\N	\N	274	1193	f
1038	3	f	\N	141	\N	\N	274	1194	f
1039	0	f	\N	137	\N	\N	274	1195	f
1040	2	f	\N	140	\N	\N	274	1196	f
1041	3	f	\N	144	\N	\N	275	1221	f
1042	1	f	\N	140	\N	\N	275	1222	f
1043	0	f	\N	138	\N	\N	275	1223	f
1044	2	f	\N	143	\N	\N	275	1224	f
1053	3	f	\N	147	\N	\N	278	1285	f
1054	0	f	\N	136	\N	\N	278	1286	f
1055	2	f	\N	145	\N	\N	278	1287	f
1056	1	f	\N	142	\N	\N	278	1288	f
1049	0	f	\N	134	\N	\N	277	1293	f
1050	3	f	\N	137	\N	\N	277	1294	f
1051	2	f	\N	136	\N	\N	277	1295	f
1052	1	f	\N	135	\N	\N	277	1296	f
1057	3	f	\N	136	\N	\N	279	1249	f
1058	2	f	\N	130	\N	\N	279	1250	f
1059	0	f	\N	122	\N	\N	279	1251	f
1060	1	f	\N	126	\N	\N	279	1252	f
1045	3	f	\N	140	\N	\N	276	1301	f
1046	0	f	\N	134	\N	\N	276	1302	f
1047	2	f	\N	138	\N	\N	276	1303	f
1048	1	f	\N	136	\N	\N	276	1304	f
1093	3	f	\N	142	\N	\N	288	1305	f
1094	2	f	\N	140	\N	\N	288	1306	f
1095	1	f	\N	138	\N	\N	288	1307	f
1096	0	f	\N	136	\N	\N	288	1308	f
1061	3	f	\N	144	\N	\N	280	1201	f
1062	2	f	\N	143	\N	\N	280	1202	f
1063	0	f	\N	137	\N	\N	280	1203	f
1064	1	f	\N	139	\N	\N	280	1204	f
1113	2	f	\N	142	\N	\N	293	1325	f
1114	3	f	\N	143	\N	\N	293	1326	f
1115	0	f	\N	133	\N	\N	293	1327	f
1116	1	f	\N	134	\N	\N	293	1328	f
1069	2	f	\N	139	\N	\N	282	1197	f
1070	1	f	\N	136	\N	\N	282	1198	f
1071	3	f	\N	142	\N	\N	282	1199	f
1072	0	f	\N	132	\N	\N	282	1200	f
1073	3	f	\N	142	\N	\N	283	1173	f
1074	1	f	\N	136	\N	\N	283	1174	f
1075	0	f	\N	135	\N	\N	283	1175	f
1076	2	f	\N	140	\N	\N	283	1176	f
1097	2	f	\N	143	\N	\N	289	1241	f
1098	1	f	\N	137	\N	\N	289	1242	f
1099	3	f	\N	147	\N	\N	289	1243	f
1100	0	f	\N	136	\N	\N	289	1244	f
1089	3	f	\N	145	\N	\N	287	1269	f
1090	2	f	\N	144	\N	\N	287	1270	f
1091	1	f	\N	143	\N	\N	287	1271	f
1092	0	f	\N	139	\N	\N	287	1272	f
1077	2	f	\N	136	\N	\N	284	1297	f
1078	3	f	\N	139	\N	\N	284	1298	f
1079	1	f	\N	134	\N	\N	284	1299	f
1080	0	f	\N	132	\N	\N	284	1300	f
1117	2	f	\N	147	\N	\N	294	1177	f
1118	3	f	\N	148	\N	\N	294	1178	f
1119	0	f	\N	100	\N	\N	294	1179	f
1120	1	f	\N	143	\N	\N	294	1180	f
1065	1	f	\N	139	\N	\N	281	1277	f
1066	2	f	\N	140	\N	\N	281	1278	f
1067	3	f	\N	141	\N	\N	281	1279	f
1068	0	f	\N	138	\N	\N	281	1280	f
1101	0	f	\N	100	\N	\N	290	1265	f
1102	3	f	\N	149	\N	\N	290	1266	f
1103	2	f	\N	141	\N	\N	290	1267	f
1104	1	f	\N	136	\N	\N	290	1268	f
1105	2	f	\N	140	\N	\N	291	1237	f
1106	1	f	\N	139	\N	\N	291	1238	f
1107	0	f	\N	138	\N	\N	291	1239	f
1108	3	f	\N	142	\N	\N	291	1240	f
1109	2	f	\N	139	\N	\N	292	1253	f
1110	0	f	\N	135	\N	\N	292	1254	f
1111	3	f	\N	141	\N	\N	292	1255	f
1112	1	f	\N	138	\N	\N	292	1256	f
1081	3	f	\N	141	\N	\N	285	1289	f
1082	2	f	\N	140	\N	\N	285	1290	f
1083	0	f	\N	136	\N	\N	285	1291	f
1084	1	f	\N	138	\N	\N	285	1292	f
1085	3	f	\N	144	\N	\N	286	1261	f
1086	0	f	\N	132	\N	\N	286	1262	f
1087	2	f	\N	140	\N	\N	286	1263	f
1088	1	f	\N	136	\N	\N	286	1264	f
1125	3	f	\N	138	\N	\N	296	1185	f
1126	1	f	\N	132	\N	\N	296	1186	f
1127	2	f	\N	137	\N	\N	296	1187	f
1128	0	f	\N	130	\N	\N	296	1188	f
1121	2	f	\N	140	\N	\N	295	1189	f
1122	1	f	\N	136	\N	\N	295	1190	f
1123	0	f	\N	135	\N	\N	295	1191	f
1124	3	f	\N	143	\N	\N	295	1192	f
1129	0	f	\N	142	\N	\N	297	1229	f
1130	3	f	\N	149	\N	\N	297	1230	f
1131	2	f	\N	148	\N	\N	297	1231	f
1132	1	f	\N	144	\N	\N	297	1232	f
1134	1	f	\N	138	\N	\N	298	1274	f
1135	3	f	\N	145	\N	\N	298	1275	f
1136	0	f	\N	135	\N	\N	298	1276	f
1145	3	f	\N	142	\N	\N	301	1225	f
1146	2	f	\N	139	\N	\N	301	1226	f
1137	3	f	\N	146	\N	\N	299	1169	f
1138	2	f	\N	144	\N	\N	299	1170	f
1139	0	f	\N	139	\N	\N	299	1171	f
1140	1	f	\N	141	\N	\N	299	1172	f
1143	1	f	\N	137	\N	\N	300	1315	f
1144	0	f	\N	136	\N	\N	300	1316	f
1142	2	f	\N	138	\N	\N	300	1314	f
1133	2	f	\N	140	\N	\N	298	1273	f
1147	1	f	\N	137	\N	\N	301	1227	f
1148	0	f	\N	100	\N	\N	301	1228	f
1141	3	f	\N	142	\N	\N	300	1313	f
1149	3	f	\N	142	\N	\N	302	1313	f
1150	2	f	\N	138	\N	\N	302	1314	f
1151	1	f	\N	137	\N	\N	302	1315	f
1152	0	f	\N	136	\N	\N	302	1316	f
1153	3	f	\N	142	\N	\N	303	1313	f
1154	2	f	\N	138	\N	\N	303	1314	f
1155	0	f	\N	136	\N	\N	303	1315	f
1156	1	f	\N	137	\N	\N	303	1316	f
1157	3	f	\N	147	\N	\N	304	1321	f
1158	2	f	\N	143	\N	\N	304	1322	f
1159	1	f	\N	139	\N	\N	304	1323	f
1160	0	f	\N	136	\N	\N	304	1324	f
1161	3	f	\N	146	\N	\N	305	1309	f
1162	1	f	\N	143	\N	\N	305	1310	f
1163	2	f	\N	144	\N	\N	305	1311	f
1164	0	f	\N	139	\N	\N	305	1312	f
1169	0	f	\N	132	\N	\N	307	1217	f
1170	3	f	\N	145	\N	\N	307	1218	f
1171	2	f	\N	140	\N	\N	307	1219	f
1172	1	f	\N	139	\N	\N	307	1220	f
1173	2	f	\N	142	\N	\N	308	1233	f
1174	1	f	\N	141	\N	\N	308	1234	f
1175	0	f	\N	140	\N	\N	308	1235	f
1176	3	f	\N	144	\N	\N	308	1236	f
1165	3	f	\N	140	\N	\N	306	1181	f
1166	2	f	\N	136	\N	\N	306	1182	f
1167	0	f	\N	132	\N	\N	306	1183	f
1168	1	f	\N	134	\N	\N	306	1184	f
1177	0	f	\N	137	\N	\N	309	1317	f
1178	3	f	\N	144	\N	\N	309	1318	f
1179	2	f	\N	142	\N	\N	309	1319	f
1180	1	f	\N	141	\N	\N	309	1320	f
1181	3	f	\N	150	\N	\N	310	1281	f
1182	0	f	\N	140	\N	\N	310	1282	f
1183	1	f	\N	144	\N	\N	310	1283	f
1184	2	f	\N	148	\N	\N	310	1284	f
1189	3	f	\N	139	\N	\N	312	1257	f
1190	2	f	\N	137	\N	\N	312	1258	f
1191	1	f	\N	136	\N	\N	312	1259	f
1192	0	f	\N	134	\N	\N	312	1260	f
1185	3	f	\N	143	\N	\N	311	1213	f
1186	2	f	\N	142	\N	\N	311	1214	f
1187	0	f	\N	138	\N	\N	311	1215	f
1188	1	f	\N	139	\N	\N	311	1216	f
1193	2	f	\N	142	\N	\N	313	1209	f
1194	0	f	\N	136	\N	\N	313	1210	f
1195	3	f	\N	145	\N	\N	313	1211	f
1196	1	f	\N	141	\N	\N	313	1212	f
1197	2	f	\N	144	\N	\N	314	1245	f
1198	3	f	\N	146	\N	\N	314	1246	f
1199	1	f	\N	141	\N	\N	314	1247	f
1200	0	f	\N	139	\N	\N	314	1248	f
1201	2	f	\N	144	\N	\N	315	1245	f
1202	3	f	\N	146	\N	\N	315	1246	f
1203	1	f	\N	141	\N	\N	315	1247	f
1204	0	f	\N	139	\N	\N	315	1248	f
1213	3	f	\N	144	\N	\N	318	1377	f
1214	1	f	\N	140	\N	\N	318	1378	f
1215	0	f	\N	138	\N	\N	318	1379	f
1216	2	f	\N	142	\N	\N	318	1380	f
1209	0	f	\N	100	\N	\N	317	1349	f
1210	3	f	\N	140	\N	\N	317	1350	f
1211	1	f	\N	101	\N	\N	317	1351	f
1212	2	f	\N	138	\N	\N	317	1352	f
1205	3	f	\N	130	\N	\N	316	1469	f
1206	1	f	\N	120	\N	\N	316	1470	f
1207	0	f	\N	100	\N	\N	316	1471	f
1208	2	f	\N	127	\N	\N	316	1472	f
1225	3	f	\N	144	\N	\N	321	1457	f
1226	2	f	\N	141	\N	\N	321	1458	f
1227	0	f	\N	134	\N	\N	321	1459	f
1228	1	f	\N	137	\N	\N	321	1460	f
1221	3	f	\N	141	\N	\N	320	1465	f
1222	2	f	\N	137	\N	\N	320	1466	f
1223	0	f	\N	100	\N	\N	320	1467	f
1224	1	f	\N	134	\N	\N	320	1468	f
1217	1	f	\N	130	\N	\N	319	1341	f
1218	0	f	\N	114	\N	\N	319	1342	f
1219	2	f	\N	133	\N	\N	319	1343	f
1220	3	f	\N	136	\N	\N	319	1344	f
1237	3	f	\N	142	\N	\N	324	1429	f
1238	1	f	\N	138	\N	\N	324	1430	f
1239	0	f	\N	100	\N	\N	324	1431	f
1240	2	f	\N	140	\N	\N	324	1432	f
1246	1	f	\N	138	\N	\N	326	1478	f
1247	3	f	\N	141	\N	\N	326	1479	f
1248	0	f	\N	137	\N	\N	326	1480	f
1261	3	f	\N	130	\N	\N	330	1393	f
1262	2	f	\N	128	\N	\N	330	1394	f
1263	1	f	\N	102	\N	\N	330	1395	f
1264	0	f	\N	100	\N	\N	330	1396	f
1253	2	f	\N	142	\N	\N	328	1437	f
1254	0	f	\N	138	\N	\N	328	1438	f
1255	1	f	\N	141	\N	\N	328	1439	f
1256	3	f	\N	145	\N	\N	328	1440	f
1269	2	f	\N	142	\N	\N	332	1453	f
1270	3	f	\N	143	\N	\N	332	1454	f
1271	0	f	\N	135	\N	\N	332	1455	f
1272	1	f	\N	137	\N	\N	332	1456	f
1277	0	f	\N	100	\N	\N	334	1481	f
1278	2	f	\N	143	\N	\N	334	1482	f
1279	3	f	\N	146	\N	\N	334	1483	f
1280	1	f	\N	140	\N	\N	334	1484	f
1285	0	f	\N	138	\N	\N	336	1353	f
1286	3	f	\N	150	\N	\N	336	1354	f
1287	2	f	\N	148	\N	\N	336	1355	f
1288	1	f	\N	143	\N	\N	336	1356	f
1294	3	f	\N	144	\N	\N	338	1374	f
1295	2	f	\N	143	\N	\N	338	1375	f
1293	0	f	\N	138	\N	\N	338	1373	f
1296	1	f	\N	140	\N	\N	338	1376	f
1301	0	f	\N	142	\N	\N	340	1413	f
1302	3	f	\N	148	\N	\N	340	1414	f
1303	1	f	\N	144	\N	\N	340	1415	f
1304	2	f	\N	145	\N	\N	340	1416	f
1297	0	f	\N	135	\N	\N	339	1357	f
1298	1	f	\N	137	\N	\N	339	1358	f
1299	3	f	\N	140	\N	\N	339	1359	f
1300	2	f	\N	138	\N	\N	339	1360	f
1317	3	f	\N	138	\N	\N	344	1445	f
1318	2	f	\N	137	\N	\N	344	1446	f
1319	1	f	\N	136	\N	\N	344	1447	f
1320	0	f	\N	100	\N	\N	344	1448	f
1329	3	f	\N	145	\N	\N	347	1433	f
1330	0	f	\N	130	\N	\N	347	1434	f
1331	2	f	\N	141	\N	\N	347	1435	f
1332	1	f	\N	134	\N	\N	347	1436	f
1333	2	f	\N	146	\N	\N	348	1385	f
1334	1	f	\N	142	\N	\N	348	1386	f
1335	3	f	\N	150	\N	\N	348	1387	f
1336	0	f	\N	139	\N	\N	348	1388	f
1337	3	f	\N	147	\N	\N	349	1369	f
1338	0	f	\N	143	\N	\N	349	1370	f
1339	1	f	\N	144	\N	\N	349	1371	f
1340	2	f	\N	145	\N	\N	349	1372	f
1341	2	f	\N	143	\N	\N	350	1401	f
1342	3	f	\N	144	\N	\N	350	1402	f
1343	1	f	\N	142	\N	\N	350	1403	f
1344	0	f	\N	141	\N	\N	350	1404	f
1305	2	f	\N	137	\N	\N	341	1381	f
1306	3	f	\N	138	\N	\N	341	1382	f
1307	0	f	\N	133	\N	\N	341	1383	f
1308	1	f	\N	135	\N	\N	341	1384	f
1309	3	f	\N	147	\N	\N	342	1329	f
1310	0	f	\N	138	\N	\N	342	1330	f
1311	2	f	\N	145	\N	\N	342	1331	f
1312	1	f	\N	143	\N	\N	342	1332	f
1321	2	f	\N	144	\N	\N	345	1441	f
1322	1	f	\N	141	\N	\N	345	1442	f
1323	0	f	\N	140	\N	\N	345	1443	f
1324	3	f	\N	148	\N	\N	345	1444	f
1345	1	f	\N	139	\N	\N	351	1337	f
1346	3	f	\N	144	\N	\N	351	1338	f
1347	0	f	\N	136	\N	\N	351	1339	f
1348	2	f	\N	142	\N	\N	351	1340	f
1325	2	f	\N	145	\N	\N	346	1405	f
1326	3	f	\N	147	\N	\N	346	1406	f
1327	1	f	\N	141	\N	\N	346	1407	f
1328	0	f	\N	140	\N	\N	346	1408	f
1313	0	f	\N	140	\N	\N	343	1361	f
1314	1	f	\N	143	\N	\N	343	1362	f
1315	2	f	\N	144	\N	\N	343	1363	f
1316	3	f	\N	145	\N	\N	343	1364	f
1349	1	f	\N	140	\N	\N	352	1417	f
1350	0	f	\N	139	\N	\N	352	1418	f
1351	2	f	\N	142	\N	\N	352	1419	f
1352	3	f	\N	144	\N	\N	352	1420	f
1361	1	f	\N	145	\N	\N	355	1333	f
1362	2	f	\N	147	\N	\N	355	1334	f
1363	3	f	\N	150	\N	\N	355	1335	f
1364	0	f	\N	143	\N	\N	355	1336	f
1357	3	f	\N	145	\N	\N	354	1433	f
1358	0	f	\N	130	\N	\N	354	1434	f
1359	2	f	\N	141	\N	\N	354	1435	f
1360	1	f	\N	134	\N	\N	354	1436	f
1389	2	f	\N	143	\N	\N	362	1549	f
1390	3	f	\N	145	\N	\N	362	1550	f
1391	0	f	\N	100	\N	\N	362	1551	f
1392	1	f	\N	135	\N	\N	362	1552	f
1353	3	f	\N	146	\N	\N	353	1425	f
1354	0	f	\N	137	\N	\N	353	1426	f
1355	2	f	\N	142	\N	\N	353	1427	f
1356	1	f	\N	140	\N	\N	353	1428	f
1365	2	f	\N	143	\N	\N	356	1401	f
1366	3	f	\N	144	\N	\N	356	1402	f
1367	1	f	\N	142	\N	\N	356	1403	f
1368	0	f	\N	141	\N	\N	356	1404	f
1373	3	f	\N	128	\N	\N	358	1577	f
1374	0	f	\N	100	\N	\N	358	1578	f
1375	1	f	\N	101	\N	\N	358	1579	f
1376	2	f	\N	124	\N	\N	358	1580	f
1377	2	f	\N	138	\N	\N	359	1585	f
1378	3	f	\N	140	\N	\N	359	1586	f
1379	0	f	\N	100	\N	\N	359	1587	f
1380	1	f	\N	101	\N	\N	359	1588	f
1385	1	f	\N	133	\N	\N	361	1505	f
1386	3	f	\N	136	\N	\N	361	1506	f
1387	2	f	\N	134	\N	\N	361	1507	f
1388	0	f	\N	100	\N	\N	361	1508	f
1369	3	f	\N	134	\N	\N	357	1597	f
1370	1	f	\N	130	\N	\N	357	1598	f
1371	2	f	\N	132	\N	\N	357	1599	f
1372	0	f	\N	100	\N	\N	357	1600	f
1381	0	f	\N	100	\N	\N	360	1609	f
1382	3	f	\N	139	\N	\N	360	1610	f
1383	1	f	\N	101	\N	\N	360	1611	f
1384	2	f	\N	134	\N	\N	360	1612	f
1393	0	f	\N	100	\N	\N	363	1529	f
1394	1	f	\N	101	\N	\N	363	1530	f
1395	2	f	\N	103	\N	\N	363	1531	f
1396	3	f	\N	142	\N	\N	363	1532	f
1397	0	f	\N	100	\N	\N	364	1529	f
1398	1	f	\N	101	\N	\N	364	1530	f
1399	2	f	\N	102	\N	\N	364	1531	f
1400	3	f	\N	142	\N	\N	364	1532	f
1401	3	f	\N	146	\N	\N	365	1561	f
1402	2	f	\N	142	\N	\N	365	1562	f
1403	1	f	\N	138	\N	\N	365	1563	f
1404	0	f	\N	100	\N	\N	365	1564	f
1406	0	f	\N	136	\N	\N	366	1522	f
1407	2	f	\N	142	\N	\N	366	1523	f
1408	1	f	\N	139	\N	\N	366	1524	f
1409	0	f	\N	100	\N	\N	367	1573	f
1410	1	f	\N	101	\N	\N	367	1574	f
1405	3	f	\N	144	\N	\N	366	1521	f
1413	2	f	\N	144	\N	\N	368	1589	f
1414	1	f	\N	140	\N	\N	368	1590	f
1415	3	f	\N	145	\N	\N	368	1591	f
1416	0	f	\N	138	\N	\N	368	1592	f
1411	2	f	\N	128	\N	\N	367	1575	f
1412	3	f	\N	133	\N	\N	367	1576	f
1421	3	f	\N	143	\N	\N	370	1605	f
1422	0	f	\N	133	\N	\N	370	1606	f
1423	1	f	\N	137	\N	\N	370	1607	f
1424	2	f	\N	140	\N	\N	370	1608	f
1437	0	f	\N	120	\N	\N	374	1621	f
1438	2	f	\N	126	\N	\N	374	1622	f
1439	3	f	\N	132	\N	\N	374	1623	f
1440	1	f	\N	125	\N	\N	374	1624	f
1429	3	f	\N	144	\N	\N	372	1593	f
1430	2	f	\N	143	\N	\N	372	1594	f
1431	1	f	\N	140	\N	\N	372	1595	f
1432	0	f	\N	138	\N	\N	372	1596	f
1433	3	f	\N	141	\N	\N	373	1537	f
1434	2	f	\N	140	\N	\N	373	1538	f
1435	1	f	\N	138	\N	\N	373	1539	f
1436	0	f	\N	136	\N	\N	373	1540	f
1449	3	f	\N	145	\N	\N	377	1613	f
1450	2	f	\N	143	\N	\N	377	1614	f
1451	0	f	\N	136	\N	\N	377	1615	f
1452	1	f	\N	137	\N	\N	377	1616	f
1445	3	f	\N	147	\N	\N	376	1565	f
1446	2	f	\N	139	\N	\N	376	1566	f
1447	1	f	\N	138	\N	\N	376	1567	f
1448	0	f	\N	136	\N	\N	376	1568	f
1425	2	f	\N	140	\N	\N	371	1581	f
1426	3	f	\N	142	\N	\N	371	1582	f
1427	0	f	\N	137	\N	\N	371	1583	f
1428	1	f	\N	139	\N	\N	371	1584	f
1417	3	f	\N	142	\N	\N	369	1513	f
1418	2	f	\N	140	\N	\N	369	1514	f
1419	1	f	\N	137	\N	\N	369	1515	f
1420	0	f	\N	136	\N	\N	369	1516	f
1453	3	f	\N	138	\N	\N	378	1625	f
1454	2	f	\N	137	\N	\N	378	1626	f
1455	0	f	\N	135	\N	\N	378	1627	f
1456	1	f	\N	136	\N	\N	378	1628	f
1441	2	f	\N	144	\N	\N	375	1553	f
1442	3	f	\N	145	\N	\N	375	1554	f
1443	1	f	\N	142	\N	\N	375	1555	f
1444	0	f	\N	140	\N	\N	375	1556	f
1457	3	f	\N	149	\N	\N	379	1533	f
1458	1	f	\N	146	\N	\N	379	1534	f
1459	0	f	\N	145	\N	\N	379	1535	f
1460	2	f	\N	147	\N	\N	379	1536	f
1461	3	f	\N	141	\N	\N	380	1545	f
1462	2	f	\N	139	\N	\N	380	1546	f
1463	0	f	\N	135	\N	\N	380	1547	f
1464	1	f	\N	136	\N	\N	380	1548	f
1465	3	f	\N	137	\N	\N	381	1617	f
1466	1	f	\N	134	\N	\N	381	1618	f
1467	2	f	\N	136	\N	\N	381	1619	f
1468	0	f	\N	132	\N	\N	381	1620	f
1481	1	f	\N	140	\N	\N	385	1517	f
1482	2	f	\N	141	\N	\N	385	1518	f
1483	3	f	\N	146	\N	\N	385	1519	f
1484	0	f	\N	138	\N	\N	385	1520	f
1473	1	f	\N	143	\N	\N	383	1601	f
1474	2	f	\N	144	\N	\N	383	1602	f
1475	3	f	\N	146	\N	\N	383	1603	f
1476	0	f	\N	141	\N	\N	383	1604	f
1477	1	f	\N	136	\N	\N	384	1525	f
1478	3	f	\N	139	\N	\N	384	1526	f
1479	0	f	\N	135	\N	\N	384	1527	f
1480	2	f	\N	137	\N	\N	384	1528	f
1469	3	f	\N	142	\N	\N	382	1497	f
1470	0	f	\N	132	\N	\N	382	1498	f
1471	1	f	\N	135	\N	\N	382	1499	f
1472	2	f	\N	138	\N	\N	382	1500	f
1485	3	f	\N	149	\N	\N	386	1569	f
1486	1	f	\N	145	\N	\N	386	1570	f
1487	2	f	\N	147	\N	\N	386	1571	f
1488	0	f	\N	144	\N	\N	386	1572	f
1489	1	f	\N	144	\N	\N	387	1509	f
1490	3	f	\N	148	\N	\N	387	1510	f
1491	2	f	\N	146	\N	\N	387	1511	f
1492	0	f	\N	143	\N	\N	387	1512	f
1493	3	f	\N	143	\N	\N	388	1501	f
1494	2	f	\N	140	\N	\N	388	1502	f
1495	0	f	\N	136	\N	\N	388	1503	f
1496	1	f	\N	138	\N	\N	388	1504	f
1497	3	f	\N	143	\N	\N	389	1501	f
1498	2	f	\N	140	\N	\N	389	1502	f
1499	0	f	\N	136	\N	\N	389	1503	f
1500	1	f	\N	138	\N	\N	389	1504	f
1501	3	f	\N	137	\N	\N	390	1617	f
1502	1	f	\N	134	\N	\N	390	1618	f
1503	2	f	\N	136	\N	\N	390	1619	f
1504	0	f	\N	132	\N	\N	390	1620	f
1505	3	f	\N	146	\N	\N	391	1541	f
1506	1	f	\N	144	\N	\N	391	1542	f
1507	2	f	\N	145	\N	\N	391	1543	f
1508	0	f	\N	142	\N	\N	391	1544	f
1509	1	f	\N	132	\N	\N	392	1557	f
1510	2	f	\N	135	\N	\N	392	1558	f
1511	3	f	\N	139	\N	\N	392	1559	f
1512	0	f	\N	130	\N	\N	392	1560	f
1513	3	f	\N	144	\N	\N	393	1485	f
1514	0	f	\N	139	\N	\N	393	1486	f
1515	2	f	\N	142	\N	\N	393	1487	f
1516	1	f	\N	140	\N	\N	393	1488	f
1517	2	f	\N	136	\N	\N	394	1629	f
1518	1	f	\N	134	\N	\N	394	1630	f
1519	3	f	\N	139	\N	\N	394	1631	f
1520	0	f	\N	132	\N	\N	394	1632	f
1522	0	f	\N	142	\N	\N	395	1490	f
1523	3	f	\N	153	\N	\N	395	1491	f
1521	1	f	\N	144	\N	\N	395	1489	f
1524	2	f	\N	146	\N	\N	395	1492	f
1525	2	f	\N	150	\N	\N	396	1493	f
1526	1	f	\N	149	\N	\N	396	1494	f
1527	0	f	\N	146	\N	\N	396	1495	f
1528	3	f	\N	154	\N	\N	396	1496	f
1529	2	f	\N	102	\N	\N	397	1645	f
1530	0	f	\N	100	\N	\N	397	1646	f
1531	1	f	\N	101	\N	\N	397	1647	f
1532	3	f	\N	130	\N	\N	397	1648	f
1537	3	f	\N	135	\N	\N	399	1705	f
1538	1	f	\N	101	\N	\N	399	1706	f
1539	0	f	\N	100	\N	\N	399	1707	f
1540	2	f	\N	102	\N	\N	399	1708	f
1541	2	f	\N	138	\N	\N	400	1709	f
1542	3	f	\N	143	\N	\N	400	1710	f
1543	1	f	\N	136	\N	\N	400	1711	f
1544	0	f	\N	100	\N	\N	400	1712	f
1593	3	f	\N	142	\N	\N	413	1749	f
1594	1	f	\N	139	\N	\N	413	1750	f
1595	2	f	\N	140	\N	\N	413	1751	f
1596	0	f	\N	137	\N	\N	413	1752	f
1621	2	f	\N	150	\N	\N	420	1653	f
1622	3	f	\N	151	\N	\N	420	1654	f
1623	1	f	\N	146	\N	\N	420	1655	f
1624	0	f	\N	144	\N	\N	420	1656	f
1562	3	f	\N	130	\N	\N	405	1678	f
1563	1	f	\N	126	\N	\N	405	1679	f
1564	0	f	\N	124	\N	\N	405	1680	f
1533	0	f	\N	100	\N	\N	398	1661	f
1569	2	f	\N	138	\N	\N	407	1729	f
1570	1	f	\N	136	\N	\N	407	1730	f
1571	0	f	\N	135	\N	\N	407	1731	f
1572	3	f	\N	142	\N	\N	407	1732	f
1545	1	f	\N	138	\N	\N	401	1713	f
1546	2	f	\N	140	\N	\N	401	1714	f
1547	3	f	\N	142	\N	\N	401	1715	f
1548	0	f	\N	100	\N	\N	401	1716	f
1630	3	f	\N	152	\N	\N	422	1642	f
1631	0	f	\N	148	\N	\N	422	1643	f
1632	1	f	\N	149	\N	\N	422	1644	f
1601	1	f	\N	140	\N	\N	415	1665	f
1609	2	f	\N	139	\N	\N	417	1717	f
1610	3	f	\N	142	\N	\N	417	1718	f
1611	0	f	\N	137	\N	\N	417	1719	f
1612	1	f	\N	138	\N	\N	417	1720	f
1625	2	f	\N	146	\N	\N	421	1737	f
1626	1	f	\N	145	\N	\N	421	1738	f
1627	3	f	\N	147	\N	\N	421	1739	f
1628	0	f	\N	142	\N	\N	421	1740	f
1613	2	f	\N	144	\N	\N	418	1733	f
1614	3	f	\N	146	\N	\N	418	1734	f
1615	0	f	\N	140	\N	\N	418	1735	f
1616	1	f	\N	142	\N	\N	418	1736	f
1605	3	f	\N	146	\N	\N	416	1693	f
1606	2	f	\N	145	\N	\N	416	1694	f
1607	1	f	\N	142	\N	\N	416	1695	f
1608	0	f	\N	140	\N	\N	416	1696	f
1573	1	f	\N	138	\N	\N	408	1649	f
1574	2	f	\N	139	\N	\N	408	1650	f
1575	3	f	\N	142	\N	\N	408	1651	f
1576	0	f	\N	136	\N	\N	408	1652	f
1581	1	f	\N	138	\N	\N	410	1697	f
1582	2	f	\N	139	\N	\N	410	1698	f
1583	3	f	\N	142	\N	\N	410	1699	f
1584	0	f	\N	136	\N	\N	410	1700	f
1585	2	f	\N	141	\N	\N	411	1681	f
1586	3	f	\N	143	\N	\N	411	1682	f
1587	1	f	\N	139	\N	\N	411	1683	f
1588	0	f	\N	138	\N	\N	411	1684	f
1549	0	f	\N	133	\N	\N	402	1721	f
1550	1	f	\N	137	\N	\N	402	1722	f
1551	3	f	\N	141	\N	\N	402	1723	f
1552	2	f	\N	139	\N	\N	402	1724	f
1557	2	f	\N	135	\N	\N	404	1657	f
1558	3	f	\N	136	\N	\N	404	1658	f
1559	1	f	\N	134	\N	\N	404	1659	f
1560	0	f	\N	100	\N	\N	404	1660	f
1602	0	f	\N	138	\N	\N	415	1666	f
1603	3	f	\N	142	\N	\N	415	1667	f
1604	2	f	\N	141	\N	\N	415	1668	f
1597	3	f	\N	146	\N	\N	414	1673	f
1598	2	f	\N	141	\N	\N	414	1674	f
1599	0	f	\N	100	\N	\N	414	1675	f
1600	1	f	\N	138	\N	\N	414	1676	f
1561	2	f	\N	128	\N	\N	405	1677	f
1534	3	f	\N	137	\N	\N	398	1662	f
1535	2	f	\N	136	\N	\N	398	1663	f
1536	1	f	\N	101	\N	\N	398	1664	f
1565	1	f	\N	133	\N	\N	406	1685	f
1566	3	f	\N	137	\N	\N	406	1686	f
1567	0	f	\N	100	\N	\N	406	1687	f
1568	2	f	\N	135	\N	\N	406	1688	f
1553	2	f	\N	137	\N	\N	403	1637	f
1554	3	f	\N	138	\N	\N	403	1638	f
1555	0	f	\N	134	\N	\N	403	1639	f
1617	2	f	\N	146	\N	\N	419	1753	f
1618	3	f	\N	147	\N	\N	419	1754	f
1619	0	f	\N	142	\N	\N	419	1755	f
1620	1	f	\N	144	\N	\N	419	1756	f
1577	2	f	\N	144	\N	\N	409	1633	f
1578	3	f	\N	145	\N	\N	409	1634	f
1579	0	f	\N	100	\N	\N	409	1635	f
1580	1	f	\N	140	\N	\N	409	1636	f
1589	2	f	\N	145	\N	\N	412	1689	f
1590	3	f	\N	149	\N	\N	412	1690	f
1591	1	f	\N	144	\N	\N	412	1691	f
1592	0	f	\N	142	\N	\N	412	1692	f
1633	2	f	\N	142	\N	\N	423	1761	f
1634	3	f	\N	143	\N	\N	423	1762	f
1635	0	f	\N	139	\N	\N	423	1763	f
1636	1	f	\N	140	\N	\N	423	1764	f
1556	1	f	\N	135	\N	\N	403	1640	f
1641	3	f	\N	144	\N	\N	425	1669	f
1642	1	f	\N	140	\N	\N	425	1670	f
1643	0	f	\N	137	\N	\N	425	1671	f
1644	2	f	\N	142	\N	\N	425	1672	f
1691	\N	f	\N	\N	\N	\N	437	1791	f
1692	\N	t	\N	\N	\N	\N	437	1792	f
1693	\N	t	\N	\N	\N	\N	438	1781	f
1694	\N	f	\N	\N	\N	\N	438	1782	f
1629	2	f	\N	151	\N	\N	422	1641	f
1637	0	f	\N	137	\N	\N	424	1745	f
1638	1	f	\N	140	\N	\N	424	1746	f
1639	3	f	\N	144	\N	\N	424	1747	f
1640	2	f	\N	141	\N	\N	424	1748	f
1645	2	f	\N	138	\N	\N	426	1757	f
1646	3	f	\N	140	\N	\N	426	1758	f
1647	1	f	\N	136	\N	\N	426	1759	f
1648	0	f	\N	134	\N	\N	426	1760	f
1649	2	f	\N	146	\N	\N	427	1701	f
1650	3	f	\N	148	\N	\N	427	1702	f
1651	0	f	\N	142	\N	\N	427	1703	f
1652	1	f	\N	144	\N	\N	427	1704	f
1653	1	f	\N	141	\N	\N	428	1741	f
1654	0	f	\N	139	\N	\N	428	1742	f
1655	3	f	\N	144	\N	\N	428	1743	f
1656	2	f	\N	143	\N	\N	428	1744	f
1695	\N	f	\N	\N	\N	\N	438	1783	f
1696	\N	t	\N	\N	\N	\N	438	1784	f
1697	\N	t	\N	\N	\N	\N	439	1797	f
1698	\N	t	\N	\N	\N	\N	439	1798	f
1699	\N	f	\N	\N	\N	\N	439	1799	f
1700	\N	f	\N	\N	\N	\N	439	1800	f
1657	3	f	\N	142	\N	\N	429	1725	f
1658	0	f	\N	100	\N	\N	429	1726	f
1659	1	f	\N	140	\N	\N	429	1727	f
1660	2	f	\N	141	\N	\N	429	1728	f
1665	\N	t	\N	\N	\N	\N	431	1765	f
1666	\N	t	\N	\N	\N	\N	431	1766	f
1667	\N	f	\N	\N	\N	\N	431	1767	f
1668	\N	f	\N	\N	\N	\N	431	1768	f
1701	\N	t	\N	\N	\N	\N	440	1801	f
1702	\N	t	\N	\N	\N	\N	440	1802	f
1673	\N	t	\N	\N	\N	\N	433	1777	f
1674	\N	t	\N	\N	\N	\N	433	1778	f
1675	\N	f	\N	\N	\N	\N	433	1779	f
1676	\N	f	\N	\N	\N	\N	433	1780	f
1669	\N	t	\N	\N	\N	\N	432	1793	f
1670	\N	f	\N	\N	\N	\N	432	1794	f
1671	\N	t	\N	\N	\N	\N	432	1795	f
1672	\N	f	\N	\N	\N	\N	432	1796	f
1661	\N	f	\N	\N	\N	\N	430	1769	f
1662	\N	f	\N	\N	\N	\N	430	1770	f
1663	\N	t	\N	\N	\N	\N	430	1771	f
1664	\N	t	\N	\N	\N	\N	430	1772	f
1677	\N	f	\N	\N	\N	\N	434	1773	f
1678	\N	t	\N	\N	\N	\N	434	1774	f
1679	\N	t	\N	\N	\N	\N	434	1775	f
1680	\N	f	\N	\N	\N	\N	434	1776	f
1681	\N	t	\N	\N	\N	\N	435	1785	f
1682	\N	f	\N	\N	\N	\N	435	1786	f
1683	\N	f	\N	\N	\N	\N	435	1787	f
1684	\N	t	\N	\N	\N	\N	435	1788	f
1685	\N	t	\N	\N	\N	\N	436	1789	f
1686	\N	f	\N	\N	\N	\N	436	1790	f
1687	\N	f	\N	\N	\N	\N	436	1791	f
1688	\N	t	\N	\N	\N	\N	436	1792	f
1689	\N	t	\N	\N	\N	\N	437	1789	f
1690	\N	f	\N	\N	\N	\N	437	1790	f
1703	\N	f	\N	\N	\N	\N	440	1803	f
1704	\N	f	\N	\N	\N	\N	440	1804	f
1705	\N	f	\N	\N	\N	\N	441	1809	f
1706	\N	t	\N	\N	\N	\N	441	1810	f
1707	\N	f	\N	\N	\N	\N	441	1811	f
1708	\N	t	\N	\N	\N	\N	441	1812	f
1709	\N	t	\N	\N	\N	\N	442	1805	f
1710	\N	f	\N	\N	\N	\N	442	1806	f
1711	\N	t	\N	\N	\N	\N	442	1807	f
1712	\N	f	\N	\N	\N	\N	442	1808	f
1713	\N	t	\N	\N	\N	\N	443	1813	f
1714	\N	f	\N	\N	\N	\N	443	1814	f
1715	\N	f	\N	\N	\N	\N	443	1815	f
1716	\N	t	\N	\N	\N	\N	443	1816	f
1717	\N	t	\N	\N	\N	\N	444	1817	f
1718	\N	f	\N	\N	\N	\N	444	1818	f
1719	\N	t	\N	\N	\N	\N	444	1819	f
1720	\N	f	\N	\N	\N	\N	444	1820	f
\.


--
-- Data for Name: results_teamscorebyadj; Type: TABLE DATA; Schema: public; Owner: tabbycat
--

COPY public.results_teamscorebyadj (id, win, margin, score, ballot_submission_id, debate_adjudicator_id, debate_team_id) FROM stdin;
\.


--
-- Data for Name: tournaments_round; Type: TABLE DATA; Schema: public; Owner: tabbycat
--

COPY public.tournaments_round (id, seq, name, abbreviation, stage, draw_type, draw_status, feedback_weight, silent, break_category_id, tournament_id, completed, weight, starts_at, motions_status) FROM stdin;
63	8	Son Final	SF	E	E	N	0.5	t	11	12	f	1	\N	N
1	1	Tur 1	T1	P	R	R	0	f	\N	1	t	1	2025-11-22 08:20:40.453801+00	M
17	3	Tur 3	T3	P	P	N	0.2	t	\N	4	f	1	\N	N
18	4	Tur 4	T4	P	P	N	0.30000000000000004	t	\N	4	f	1	\N	N
19	6	Son Final	SF	E	E	N	0.5	t	3	4	f	1	\N	N
20	5	Yar Final	YF	E	E	N	0.5	t	3	4	f	1	\N	N
2	2	Tur 2	T2	P	P	R	0.1	f	\N	1	t	1	2025-11-22 09:14:27.76951+00	M
27	5	eyrek Final	F	E	E	R	0.5	t	4	5	t	1	2025-12-07 07:11:12.436+00	M
15	1	Tur 1	T1	P	R	C	0	f	\N	4	t	1	\N	N
16	2	Tur 2	T2	P	P	C	0.1	f	\N	4	f	1	\N	N
3	3	Tur 3	T3	P	P	R	0.2	f	\N	1	t	1	2025-11-22 11:25:21.048663+00	M
24	4	Tur 4	T4	P	P	R	0.30000000000000004	t	\N	5	t	1	2025-12-06 15:26:17.696252+00	M
4	4	Tur 4	T4	P	P	R	0.30000000000000004	t	\N	1	f	1	\N	N
10	1	Tur 1	T1	P	R	R	0	f	\N	3	t	1	\N	N
30	3	Tur 3	T3	P	P	N	0.2	t	\N	6	f	1	\N	N
31	6	Son Final	SF	E	E	N	0.5	t	5	6	f	1	\N	N
32	5	Yar Final	YF	E	E	N	0.5	t	5	6	f	1	\N	N
11	2	Tur 2	T2	P	P	R	0.1	f	\N	3	t	1	\N	N
33	4	eyrek Final	F	E	E	N	0.5	t	5	6	f	1	\N	N
5	1	Tur 1	T1	P	R	R	0	f	\N	2	t	1	2025-11-24 09:40:38.298861+00	M
12	3	Tur 3	T3	P	P	R	0.2	t	\N	3	t	1	\N	N
66	5	n eyrek Final	F	E	E	R	0.5	t	11	12	t	1	\N	N
6	2	Tur 2	T2	P	P	R	0.1	f	\N	2	t	1	2025-11-24 09:56:52.601619+00	M
25	7	Son Final	SF	E	E	N	0.5	t	4	5	f	1	\N	N
7	3	Tur 3	T3	P	P	R	0.2	t	\N	2	t	1	\N	N
21	1	Tur 1	T1	P	R	R	0	f	\N	5	t	1	2025-12-06 07:28:32.010047+00	M
59	1	Tur 1	T1	P	R	R	0	f	\N	12	t	1	\N	N
28	1	Tur 1	T1	P	R	R	0	f	\N	6	t	1	2025-12-07 08:53:31.286659+00	M
65	6	eyrek Final	F	E	E	R	0.5	t	11	12	t	1	\N	N
22	2	Tur 2	T2	P	P	R	0.1	f	\N	5	t	1	2025-12-06 09:54:08.213708+00	M
29	2	Tur 2	T2	P	P	R	0.1	f	\N	6	t	1	\N	N
26	6	Yar Final	YF	E	E	R	0.5	t	4	5	t	1	2025-12-07 09:44:25.765489+00	M
9	4	Yar Final	YF	E	E	R	0.5	t	1	2	t	1	\N	N
64	7	Yar Final	YF	E	E	R	0.5	t	11	12	t	1	\N	N
23	3	Tur 3	T3	P	P	R	0.2	t	\N	5	t	1	2025-12-06 13:00:46.69683+00	M
8	5	Son Final	SF	E	E	R	0.5	t	1	2	t	1	\N	N
14	4	Yar Final	YF	E	E	R	0.5	t	2	3	t	1	\N	N
58	5	n eyrek Final	F	E	E	R	0.5	f	10	11	t	1	2025-12-14 08:48:08.226233+00	M
57	6	eyrek Final	F	E	E	R	0.5	f	10	11	t	1	2025-12-14 09:53:37.935036+00	M
13	5	Son Final	SF	E	E	R	0.5	t	2	3	t	1	\N	N
60	2	Tur 2	T2	P	P	R	0.1	f	\N	12	t	1	\N	N
55	8	Son Final	SF	E	E	N	0.5	t	10	11	f	1	\N	N
56	7	Yar Final	YF	E	E	R	0.5	t	10	11	t	1	2025-12-14 12:44:34.031028+00	M
51	1	Tur 1	T1	P	R	R	0	f	\N	11	t	1	2025-12-13 08:19:00.28313+00	N
52	2	Tur 2	T2	P	P	R	0.1	f	\N	11	t	1	2025-12-13 10:53:40.990694+00	N
53	3	Tur 3	T3	P	P	R	0.2	f	\N	11	t	1	2025-12-13 12:54:08.475797+00	N
54	4	Tur 4	T4	P	P	R	0.30000000000000004	f	\N	11	t	1	2025-12-13 15:19:01.173145+00	N
61	3	Tur 3	T3	P	P	R	0.2	f	\N	12	t	1	\N	N
62	4	Tur 4	T4	P	P	R	0.30000000000000004	t	\N	12	t	1	\N	N
\.


--
-- Data for Name: tournaments_scheduleevent; Type: TABLE DATA; Schema: public; Owner: tabbycat
--

COPY public.tournaments_scheduleevent (id, title, type, start_time, end_time, round_id, tournament_id) FROM stdin;
\.


--
-- Data for Name: tournaments_tournament; Type: TABLE DATA; Schema: public; Owner: tabbycat
--

COPY public.tournaments_tournament (id, name, short_name, seq, slug, active) FROM stdin;
2	GSB 2025 Trkiye Finali Lise	GSB'25 TR Finali Lise	\N	gsb25trfinallise	t
3	GSB Trkiye Mnazara Finali niversite Etab	GSB Final niversite	\N	gsbfinaluniversite	t
4	shuadhashsa	ashdhashas	\N	jhasdhjsa	t
5	Beikta le Milli Eitim Liseler Aras Mnazara Turnuvas	Beikta IV 2025	\N	Besiktasilcemem2025	t
6	Beikta Ortaokul Turnuvas 2025	Beikta Ortaokul 2025	\N	besiktasortaokul25	t
11	TGVA Liseler Aras Mnazara Yarmalar Marmara Blge Elemeleri	TGVA Marmara Elemeleri	\N	tugvamarmarabolgeelemeleri	t
1	Tenzile Pratik Gn	Tenzile Pratik Gn	\N	tenzilepratik	f
12	TGVA Liseler Aras Mnazara Yarmalar  Anadolu Blge Elemeleri	Tgva  Anadolu	\N	tugvaicanadolubolgeelemeleri	t
\.


--
-- Data for Name: users_group; Type: TABLE DATA; Schema: public; Owner: tabbycat
--

COPY public.users_group (id, name, permissions, tournament_id) FROM stdin;
1	Equity	{view.adjudicatorteamconflict,edit.adjudicatorteamconflict,view.adjudicatoradjudicatorconflict,edit.adjudicatoradjudicatorconflict,view.adjudicatorinstitutionconflict,edit.adjudicatorinstitutionconflict,view.teaminstitutionconflict,edit.teaminstitutionconflict,view.roomconstraints,edit.roomconstraints,view.roomcategories,edit.roomcategories,view.particpants,view.participants.gender,view.participants.contact,view.participants.decoded,view.participants.inst,view.teamname,view.anonymous,view.team,view.adj,view.room,view.inst}	1
2	Adjudication Core	{edit.feedbackignore,edit.feedbackquestion,view.feedbackunsubmitted,view.feedbackoverview,view.feedback,edit.judgescoresind,edit.adj.break,view.adj.break,edit.roundmotion,release.motion,unrelease.motion,edit.debateadjudicator,edit.preformedpanels,view.debateadjudicator,view.break,view.break.overview,view.teamstandings,view.speakersstandings,view.repliesstandings,view.standingsoverview,view.motionstab,view.diversitytab,view.particpants,view.team,view.adj,view.room,view.inst,view.teamname,view.anonymous,view.debate.admin,view.debate}	1
3	Tabulation Director	{view.adjudicatorteamconflict,edit.adjudicatorteamconflict,view.adjudicatoradjudicatorconflict,edit.adjudicatoradjudicatorconflict,view.adjudicatorinstitutionconflict,edit.adjudicatorinstitutionconflict,view.teaminstitutionconflict,edit.teaminstitutionconflict,view.actionlogentry,view.team,add.team,view.teamname,view.anonymous,view.adj,add.adj,view.room,add.room,view.inst,add.inst,view.particpants,view.participants.gender,view.participants.contact,view.participants.decoded,view.participants.inst,view.roundavailability.team,view.roundavailability.adjudicator,view.roundavailability.venue,edit.roundavailability.team,edit.roundavailability.adjudicator,edit.roundavailability.venue,view.roundavailability,edit.roundavailability,view.roomconstraints,view.roomcategories,edit.roomconstraints,edit.roomcategories,view.debate,view.debate.admin,generate.debate,delete.debate,edit.debateteam,view.debateadjudicator,edit.debateadjudicator,view.roomallocations,edit.roomallocations,edit.allocatesides,view.ballotsubmission.new,edit.ballotsubmission.old,view.ballotsubmission,edit.ballotsubmission,add.ballotsubmission,mark.ballotsubmission,mark.ballotsubmission.others,view.ballotsubmission.graph,view.results,view.roundmotion,edit.roundmotion,release.draw,release.motion,unrelease.draw,unrelease.motion,edit.starttime,view.briefingdraw,display.motion,view.preformedpanels,edit.preformedpanels,view.standingsoverview,view.teamstandings,view.speakersstandings,view.repliesstandings,view.motionstab,view.diversitytab,view.feedbackoverview,edit.judgescoresind,view.feedback,edit.feedbackignore,edit.feedbackconfirm,view.feedbackunsubmitted,add.feedback,view.adj.break,edit.adj.break,edit.feedbackquestion,edit.breakeligibility,view.breakeligibility,edit.breakcategories,view.breakcategories,view.speakercategories,edit.speakercategories,view.speakereligibility,edit.speakereligibility,view.break.overview,view.break,generate.break,view.privateurls,generate.privateurls,view.checkin,edit.participantcheckin,edit.roomcheckin,edit.round,delete.round,add.round,confirm.round,silence.round,view.emails,send.emails,export.xml,view.settings,edit.settings,edit.questions,delete.questions,view.answers,edit.events,view.events,view.registration}	1
4	Tabulation Assistant	{add.ballotsubmission,mark.ballotsubmission.others,view.ballotsubmission.graph,add.feedback,view.inst,view.particpants,edit.participantcheckin,edit.roomcheckin,view.briefingdraw,display.motion}	1
5	Dil	{edit.breakeligibility,edit.speakercategories,view.particpants,view.team}	1
6	Registration	{add.team,view.teamname,view.anonymous,add.adj,add.inst,view.particpants,view.participants.gender,view.participants.contact,view.participants.decoded,view.participants.inst,view.settings,edit.questions,delete.questions,view.answers,view.registration}	1
7	Access	{edit.roomconstraints,edit.roomcategories,view.roomcategories,view.roomconstraints,view.roomallocations,view.actionlogentry,view.team,view.adj,view.room,view.particpants,view.roundavailability}	1
8	Equity	{view.adjudicatorteamconflict,edit.adjudicatorteamconflict,view.adjudicatoradjudicatorconflict,edit.adjudicatoradjudicatorconflict,view.adjudicatorinstitutionconflict,edit.adjudicatorinstitutionconflict,view.teaminstitutionconflict,edit.teaminstitutionconflict,view.roomconstraints,edit.roomconstraints,view.roomcategories,edit.roomcategories,view.particpants,view.participants.gender,view.participants.contact,view.participants.decoded,view.participants.inst,view.teamname,view.anonymous,view.team,view.adj,view.room,view.inst}	2
9	Adjudication Core	{edit.feedbackignore,edit.feedbackquestion,view.feedbackunsubmitted,view.feedbackoverview,view.feedback,edit.judgescoresind,edit.adj.break,view.adj.break,edit.roundmotion,release.motion,unrelease.motion,edit.debateadjudicator,edit.preformedpanels,view.debateadjudicator,view.break,view.break.overview,view.teamstandings,view.speakersstandings,view.repliesstandings,view.standingsoverview,view.motionstab,view.diversitytab,view.particpants,view.team,view.adj,view.room,view.inst,view.teamname,view.anonymous,view.debate.admin,view.debate}	2
10	Tabulation Director	{view.adjudicatorteamconflict,edit.adjudicatorteamconflict,view.adjudicatoradjudicatorconflict,edit.adjudicatoradjudicatorconflict,view.adjudicatorinstitutionconflict,edit.adjudicatorinstitutionconflict,view.teaminstitutionconflict,edit.teaminstitutionconflict,view.actionlogentry,view.team,add.team,view.teamname,view.anonymous,view.adj,add.adj,view.room,add.room,view.inst,add.inst,view.particpants,view.participants.gender,view.participants.contact,view.participants.decoded,view.participants.inst,view.roundavailability.team,view.roundavailability.adjudicator,view.roundavailability.venue,edit.roundavailability.team,edit.roundavailability.adjudicator,edit.roundavailability.venue,view.roundavailability,edit.roundavailability,view.roomconstraints,view.roomcategories,edit.roomconstraints,edit.roomcategories,view.debate,view.debate.admin,generate.debate,delete.debate,edit.debateteam,view.debateadjudicator,edit.debateadjudicator,view.roomallocations,edit.roomallocations,edit.allocatesides,view.ballotsubmission.new,edit.ballotsubmission.old,view.ballotsubmission,edit.ballotsubmission,add.ballotsubmission,mark.ballotsubmission,mark.ballotsubmission.others,view.ballotsubmission.graph,view.results,view.roundmotion,edit.roundmotion,release.draw,release.motion,unrelease.draw,unrelease.motion,edit.starttime,view.briefingdraw,display.motion,view.preformedpanels,edit.preformedpanels,view.standingsoverview,view.teamstandings,view.speakersstandings,view.repliesstandings,view.motionstab,view.diversitytab,view.feedbackoverview,edit.judgescoresind,view.feedback,edit.feedbackignore,edit.feedbackconfirm,view.feedbackunsubmitted,add.feedback,view.adj.break,edit.adj.break,edit.feedbackquestion,edit.breakeligibility,view.breakeligibility,edit.breakcategories,view.breakcategories,view.speakercategories,edit.speakercategories,view.speakereligibility,edit.speakereligibility,view.break.overview,view.break,generate.break,view.privateurls,generate.privateurls,view.checkin,edit.participantcheckin,edit.roomcheckin,edit.round,delete.round,add.round,confirm.round,silence.round,view.emails,send.emails,export.xml,view.settings,edit.settings,edit.questions,delete.questions,view.answers,edit.events,view.events,view.registration}	2
11	Tabulation Assistant	{add.ballotsubmission,mark.ballotsubmission.others,view.ballotsubmission.graph,add.feedback,view.inst,view.particpants,edit.participantcheckin,edit.roomcheckin,view.briefingdraw,display.motion}	2
12	Dil	{edit.breakeligibility,edit.speakercategories,view.particpants,view.team}	2
13	Registration	{add.team,view.teamname,view.anonymous,add.adj,add.inst,view.particpants,view.participants.gender,view.participants.contact,view.participants.decoded,view.participants.inst,view.settings,edit.questions,delete.questions,view.answers,view.registration}	2
14	Access	{edit.roomconstraints,edit.roomcategories,view.roomcategories,view.roomconstraints,view.roomallocations,view.actionlogentry,view.team,view.adj,view.room,view.particpants,view.roundavailability}	2
15	Equity	{view.adjudicatorteamconflict,edit.adjudicatorteamconflict,view.adjudicatoradjudicatorconflict,edit.adjudicatoradjudicatorconflict,view.adjudicatorinstitutionconflict,edit.adjudicatorinstitutionconflict,view.teaminstitutionconflict,edit.teaminstitutionconflict,view.roomconstraints,edit.roomconstraints,view.roomcategories,edit.roomcategories,view.particpants,view.participants.gender,view.participants.contact,view.participants.decoded,view.participants.inst,view.teamname,view.anonymous,view.team,view.adj,view.room,view.inst}	3
16	Adjudication Core	{edit.feedbackignore,edit.feedbackquestion,view.feedbackunsubmitted,view.feedbackoverview,view.feedback,edit.judgescoresind,edit.adj.break,view.adj.break,edit.roundmotion,release.motion,unrelease.motion,edit.debateadjudicator,edit.preformedpanels,view.debateadjudicator,view.break,view.break.overview,view.teamstandings,view.speakersstandings,view.repliesstandings,view.standingsoverview,view.motionstab,view.diversitytab,view.particpants,view.team,view.adj,view.room,view.inst,view.teamname,view.anonymous,view.debate.admin,view.debate}	3
17	Tabulation Director	{view.adjudicatorteamconflict,edit.adjudicatorteamconflict,view.adjudicatoradjudicatorconflict,edit.adjudicatoradjudicatorconflict,view.adjudicatorinstitutionconflict,edit.adjudicatorinstitutionconflict,view.teaminstitutionconflict,edit.teaminstitutionconflict,view.actionlogentry,view.team,add.team,view.teamname,view.anonymous,view.adj,add.adj,view.room,add.room,view.inst,add.inst,view.particpants,view.participants.gender,view.participants.contact,view.participants.decoded,view.participants.inst,view.roundavailability.team,view.roundavailability.adjudicator,view.roundavailability.venue,edit.roundavailability.team,edit.roundavailability.adjudicator,edit.roundavailability.venue,view.roundavailability,edit.roundavailability,view.roomconstraints,view.roomcategories,edit.roomconstraints,edit.roomcategories,view.debate,view.debate.admin,generate.debate,delete.debate,edit.debateteam,view.debateadjudicator,edit.debateadjudicator,view.roomallocations,edit.roomallocations,edit.allocatesides,view.ballotsubmission.new,edit.ballotsubmission.old,view.ballotsubmission,edit.ballotsubmission,add.ballotsubmission,mark.ballotsubmission,mark.ballotsubmission.others,view.ballotsubmission.graph,view.results,view.roundmotion,edit.roundmotion,release.draw,release.motion,unrelease.draw,unrelease.motion,edit.starttime,view.briefingdraw,display.motion,view.preformedpanels,edit.preformedpanels,view.standingsoverview,view.teamstandings,view.speakersstandings,view.repliesstandings,view.motionstab,view.diversitytab,view.feedbackoverview,edit.judgescoresind,view.feedback,edit.feedbackignore,edit.feedbackconfirm,view.feedbackunsubmitted,add.feedback,view.adj.break,edit.adj.break,edit.feedbackquestion,edit.breakeligibility,view.breakeligibility,edit.breakcategories,view.breakcategories,view.speakercategories,edit.speakercategories,view.speakereligibility,edit.speakereligibility,view.break.overview,view.break,generate.break,view.privateurls,generate.privateurls,view.checkin,edit.participantcheckin,edit.roomcheckin,edit.round,delete.round,add.round,confirm.round,silence.round,view.emails,send.emails,export.xml,view.settings,edit.settings,edit.questions,delete.questions,view.answers,edit.events,view.events,view.registration}	3
18	Tabulation Assistant	{add.ballotsubmission,mark.ballotsubmission.others,view.ballotsubmission.graph,add.feedback,view.inst,view.particpants,edit.participantcheckin,edit.roomcheckin,view.briefingdraw,display.motion}	3
19	Dil	{edit.breakeligibility,edit.speakercategories,view.particpants,view.team}	3
20	Registration	{add.team,view.teamname,view.anonymous,add.adj,add.inst,view.particpants,view.participants.gender,view.participants.contact,view.participants.decoded,view.participants.inst,view.settings,edit.questions,delete.questions,view.answers,view.registration}	3
21	Access	{edit.roomconstraints,edit.roomcategories,view.roomcategories,view.roomconstraints,view.roomallocations,view.actionlogentry,view.team,view.adj,view.room,view.particpants,view.roundavailability}	3
22	Equity	{view.adjudicatorteamconflict,edit.adjudicatorteamconflict,view.adjudicatoradjudicatorconflict,edit.adjudicatoradjudicatorconflict,view.adjudicatorinstitutionconflict,edit.adjudicatorinstitutionconflict,view.teaminstitutionconflict,edit.teaminstitutionconflict,view.roomconstraints,edit.roomconstraints,view.roomcategories,edit.roomcategories,view.particpants,view.participants.gender,view.participants.contact,view.participants.decoded,view.participants.inst,view.teamname,view.anonymous,view.team,view.adj,view.room,view.inst}	4
23	Adjudication Core	{edit.feedbackignore,edit.feedbackquestion,view.feedbackunsubmitted,view.feedbackoverview,view.feedback,edit.judgescoresind,edit.adj.break,view.adj.break,edit.roundmotion,release.motion,unrelease.motion,edit.debateadjudicator,edit.preformedpanels,view.debateadjudicator,view.break,view.break.overview,view.teamstandings,view.speakersstandings,view.repliesstandings,view.standingsoverview,view.motionstab,view.diversitytab,view.particpants,view.team,view.adj,view.room,view.inst,view.teamname,view.anonymous,view.debate.admin,view.debate}	4
24	Tabulation Director	{view.adjudicatorteamconflict,edit.adjudicatorteamconflict,view.adjudicatoradjudicatorconflict,edit.adjudicatoradjudicatorconflict,view.adjudicatorinstitutionconflict,edit.adjudicatorinstitutionconflict,view.teaminstitutionconflict,edit.teaminstitutionconflict,view.actionlogentry,view.team,add.team,view.teamname,view.anonymous,view.adj,add.adj,view.room,add.room,view.inst,add.inst,view.particpants,view.participants.gender,view.participants.contact,view.participants.decoded,view.participants.inst,view.roundavailability.team,view.roundavailability.adjudicator,view.roundavailability.venue,edit.roundavailability.team,edit.roundavailability.adjudicator,edit.roundavailability.venue,view.roundavailability,edit.roundavailability,view.roomconstraints,view.roomcategories,edit.roomconstraints,edit.roomcategories,view.debate,view.debate.admin,generate.debate,delete.debate,edit.debateteam,view.debateadjudicator,edit.debateadjudicator,view.roomallocations,edit.roomallocations,edit.allocatesides,view.ballotsubmission.new,edit.ballotsubmission.old,view.ballotsubmission,edit.ballotsubmission,add.ballotsubmission,mark.ballotsubmission,mark.ballotsubmission.others,view.ballotsubmission.graph,view.results,view.roundmotion,edit.roundmotion,release.draw,release.motion,unrelease.draw,unrelease.motion,edit.starttime,view.briefingdraw,display.motion,view.preformedpanels,edit.preformedpanels,view.standingsoverview,view.teamstandings,view.speakersstandings,view.repliesstandings,view.motionstab,view.diversitytab,view.feedbackoverview,edit.judgescoresind,view.feedback,edit.feedbackignore,edit.feedbackconfirm,view.feedbackunsubmitted,add.feedback,view.adj.break,edit.adj.break,edit.feedbackquestion,edit.breakeligibility,view.breakeligibility,edit.breakcategories,view.breakcategories,view.speakercategories,edit.speakercategories,view.speakereligibility,edit.speakereligibility,view.break.overview,view.break,generate.break,view.privateurls,generate.privateurls,view.checkin,edit.participantcheckin,edit.roomcheckin,edit.round,delete.round,add.round,confirm.round,silence.round,view.emails,send.emails,export.xml,view.settings,edit.settings,edit.questions,delete.questions,view.answers,edit.events,view.events,view.registration}	4
25	Tabulation Assistant	{add.ballotsubmission,mark.ballotsubmission.others,view.ballotsubmission.graph,add.feedback,view.inst,view.particpants,edit.participantcheckin,edit.roomcheckin,view.briefingdraw,display.motion}	4
26	Dil	{edit.breakeligibility,edit.speakercategories,view.particpants,view.team}	4
27	Registration	{add.team,view.teamname,view.anonymous,add.adj,add.inst,view.particpants,view.participants.gender,view.participants.contact,view.participants.decoded,view.participants.inst,view.settings,edit.questions,delete.questions,view.answers,view.registration}	4
28	Access	{edit.roomconstraints,edit.roomcategories,view.roomcategories,view.roomconstraints,view.roomallocations,view.actionlogentry,view.team,view.adj,view.room,view.particpants,view.roundavailability}	4
29	Equity	{view.adjudicatorteamconflict,edit.adjudicatorteamconflict,view.adjudicatoradjudicatorconflict,edit.adjudicatoradjudicatorconflict,view.adjudicatorinstitutionconflict,edit.adjudicatorinstitutionconflict,view.teaminstitutionconflict,edit.teaminstitutionconflict,view.roomconstraints,edit.roomconstraints,view.roomcategories,edit.roomcategories,view.particpants,view.participants.gender,view.participants.contact,view.participants.decoded,view.participants.inst,view.teamname,view.anonymous,view.team,view.adj,view.room,view.inst}	5
30	Adjudication Core	{edit.feedbackignore,edit.feedbackquestion,view.feedbackunsubmitted,view.feedbackoverview,view.feedback,edit.judgescoresind,edit.adj.break,view.adj.break,edit.roundmotion,release.motion,unrelease.motion,edit.debateadjudicator,edit.preformedpanels,view.debateadjudicator,view.break,view.break.overview,view.teamstandings,view.speakersstandings,view.repliesstandings,view.standingsoverview,view.motionstab,view.diversitytab,view.particpants,view.team,view.adj,view.room,view.inst,view.teamname,view.anonymous,view.debate.admin,view.debate}	5
31	Tabulation Director	{view.adjudicatorteamconflict,edit.adjudicatorteamconflict,view.adjudicatoradjudicatorconflict,edit.adjudicatoradjudicatorconflict,view.adjudicatorinstitutionconflict,edit.adjudicatorinstitutionconflict,view.teaminstitutionconflict,edit.teaminstitutionconflict,view.actionlogentry,view.team,add.team,view.teamname,view.anonymous,view.adj,add.adj,view.room,add.room,view.inst,add.inst,view.particpants,view.participants.gender,view.participants.contact,view.participants.decoded,view.participants.inst,view.roundavailability.team,view.roundavailability.adjudicator,view.roundavailability.venue,edit.roundavailability.team,edit.roundavailability.adjudicator,edit.roundavailability.venue,view.roundavailability,edit.roundavailability,view.roomconstraints,view.roomcategories,edit.roomconstraints,edit.roomcategories,view.debate,view.debate.admin,generate.debate,delete.debate,edit.debateteam,view.debateadjudicator,edit.debateadjudicator,view.roomallocations,edit.roomallocations,edit.allocatesides,view.ballotsubmission.new,edit.ballotsubmission.old,view.ballotsubmission,edit.ballotsubmission,add.ballotsubmission,mark.ballotsubmission,mark.ballotsubmission.others,view.ballotsubmission.graph,view.results,view.roundmotion,edit.roundmotion,release.draw,release.motion,unrelease.draw,unrelease.motion,edit.starttime,view.briefingdraw,display.motion,view.preformedpanels,edit.preformedpanels,view.standingsoverview,view.teamstandings,view.speakersstandings,view.repliesstandings,view.motionstab,view.diversitytab,view.feedbackoverview,edit.judgescoresind,view.feedback,edit.feedbackignore,edit.feedbackconfirm,view.feedbackunsubmitted,add.feedback,view.adj.break,edit.adj.break,edit.feedbackquestion,edit.breakeligibility,view.breakeligibility,edit.breakcategories,view.breakcategories,view.speakercategories,edit.speakercategories,view.speakereligibility,edit.speakereligibility,view.break.overview,view.break,generate.break,view.privateurls,generate.privateurls,view.checkin,edit.participantcheckin,edit.roomcheckin,edit.round,delete.round,add.round,confirm.round,silence.round,view.emails,send.emails,export.xml,view.settings,edit.settings,edit.questions,delete.questions,view.answers,edit.events,view.events,view.registration}	5
32	Tabulation Assistant	{add.ballotsubmission,mark.ballotsubmission.others,view.ballotsubmission.graph,add.feedback,view.inst,view.particpants,edit.participantcheckin,edit.roomcheckin,view.briefingdraw,display.motion}	5
33	Dil	{edit.breakeligibility,edit.speakercategories,view.particpants,view.team}	5
34	Registration	{add.team,view.teamname,view.anonymous,add.adj,add.inst,view.particpants,view.participants.gender,view.participants.contact,view.participants.decoded,view.participants.inst,view.settings,edit.questions,delete.questions,view.answers,view.registration}	5
35	Access	{edit.roomconstraints,edit.roomcategories,view.roomcategories,view.roomconstraints,view.roomallocations,view.actionlogentry,view.team,view.adj,view.room,view.particpants,view.roundavailability}	5
36	Equity	{view.adjudicatorteamconflict,edit.adjudicatorteamconflict,view.adjudicatoradjudicatorconflict,edit.adjudicatoradjudicatorconflict,view.adjudicatorinstitutionconflict,edit.adjudicatorinstitutionconflict,view.teaminstitutionconflict,edit.teaminstitutionconflict,view.roomconstraints,edit.roomconstraints,view.roomcategories,edit.roomcategories,view.particpants,view.participants.gender,view.participants.contact,view.participants.decoded,view.participants.inst,view.teamname,view.anonymous,view.team,view.adj,view.room,view.inst}	6
37	Adjudication Core	{edit.feedbackignore,edit.feedbackquestion,view.feedbackunsubmitted,view.feedbackoverview,view.feedback,edit.judgescoresind,edit.adj.break,view.adj.break,edit.roundmotion,release.motion,unrelease.motion,edit.debateadjudicator,edit.preformedpanels,view.debateadjudicator,view.break,view.break.overview,view.teamstandings,view.speakersstandings,view.repliesstandings,view.standingsoverview,view.motionstab,view.diversitytab,view.particpants,view.team,view.adj,view.room,view.inst,view.teamname,view.anonymous,view.debate.admin,view.debate}	6
38	Tabulation Director	{view.adjudicatorteamconflict,edit.adjudicatorteamconflict,view.adjudicatoradjudicatorconflict,edit.adjudicatoradjudicatorconflict,view.adjudicatorinstitutionconflict,edit.adjudicatorinstitutionconflict,view.teaminstitutionconflict,edit.teaminstitutionconflict,view.actionlogentry,view.team,add.team,view.teamname,view.anonymous,view.adj,add.adj,view.room,add.room,view.inst,add.inst,view.particpants,view.participants.gender,view.participants.contact,view.participants.decoded,view.participants.inst,view.roundavailability.team,view.roundavailability.adjudicator,view.roundavailability.venue,edit.roundavailability.team,edit.roundavailability.adjudicator,edit.roundavailability.venue,view.roundavailability,edit.roundavailability,view.roomconstraints,view.roomcategories,edit.roomconstraints,edit.roomcategories,view.debate,view.debate.admin,generate.debate,delete.debate,edit.debateteam,view.debateadjudicator,edit.debateadjudicator,view.roomallocations,edit.roomallocations,edit.allocatesides,view.ballotsubmission.new,edit.ballotsubmission.old,view.ballotsubmission,edit.ballotsubmission,add.ballotsubmission,mark.ballotsubmission,mark.ballotsubmission.others,view.ballotsubmission.graph,view.results,view.roundmotion,edit.roundmotion,release.draw,release.motion,unrelease.draw,unrelease.motion,edit.starttime,view.briefingdraw,display.motion,view.preformedpanels,edit.preformedpanels,view.standingsoverview,view.teamstandings,view.speakersstandings,view.repliesstandings,view.motionstab,view.diversitytab,view.feedbackoverview,edit.judgescoresind,view.feedback,edit.feedbackignore,edit.feedbackconfirm,view.feedbackunsubmitted,add.feedback,view.adj.break,edit.adj.break,edit.feedbackquestion,edit.breakeligibility,view.breakeligibility,edit.breakcategories,view.breakcategories,view.speakercategories,edit.speakercategories,view.speakereligibility,edit.speakereligibility,view.break.overview,view.break,generate.break,view.privateurls,generate.privateurls,view.checkin,edit.participantcheckin,edit.roomcheckin,edit.round,delete.round,add.round,confirm.round,silence.round,view.emails,send.emails,export.xml,view.settings,edit.settings,edit.questions,delete.questions,view.answers,edit.events,view.events,view.registration}	6
39	Tabulation Assistant	{add.ballotsubmission,mark.ballotsubmission.others,view.ballotsubmission.graph,add.feedback,view.inst,view.particpants,edit.participantcheckin,edit.roomcheckin,view.briefingdraw,display.motion}	6
40	Dil	{edit.breakeligibility,edit.speakercategories,view.particpants,view.team}	6
41	Registration	{add.team,view.teamname,view.anonymous,add.adj,add.inst,view.particpants,view.participants.gender,view.participants.contact,view.participants.decoded,view.participants.inst,view.settings,edit.questions,delete.questions,view.answers,view.registration}	6
42	Access	{edit.roomconstraints,edit.roomcategories,view.roomcategories,view.roomconstraints,view.roomallocations,view.actionlogentry,view.team,view.adj,view.room,view.particpants,view.roundavailability}	6
71	Equity	{view.adjudicatorteamconflict,edit.adjudicatorteamconflict,view.adjudicatoradjudicatorconflict,edit.adjudicatoradjudicatorconflict,view.adjudicatorinstitutionconflict,edit.adjudicatorinstitutionconflict,view.teaminstitutionconflict,edit.teaminstitutionconflict,view.roomconstraints,edit.roomconstraints,view.roomcategories,edit.roomcategories,view.particpants,view.participants.gender,view.participants.contact,view.participants.decoded,view.participants.inst,view.teamname,view.anonymous,view.team,view.adj,view.room,view.inst}	11
72	Adjudication Core	{edit.feedbackignore,edit.feedbackquestion,view.feedbackunsubmitted,view.feedbackoverview,view.feedback,edit.judgescoresind,edit.adj.break,view.adj.break,edit.roundmotion,release.motion,unrelease.motion,edit.debateadjudicator,edit.preformedpanels,view.debateadjudicator,view.break,view.break.overview,view.teamstandings,view.speakersstandings,view.repliesstandings,view.standingsoverview,view.motionstab,view.diversitytab,view.particpants,view.team,view.adj,view.room,view.inst,view.teamname,view.anonymous,view.debate.admin,view.debate}	11
73	Tabulation Director	{view.adjudicatorteamconflict,edit.adjudicatorteamconflict,view.adjudicatoradjudicatorconflict,edit.adjudicatoradjudicatorconflict,view.adjudicatorinstitutionconflict,edit.adjudicatorinstitutionconflict,view.teaminstitutionconflict,edit.teaminstitutionconflict,view.actionlogentry,view.team,add.team,view.teamname,view.anonymous,view.adj,add.adj,view.room,add.room,view.inst,add.inst,view.particpants,view.participants.gender,view.participants.contact,view.participants.decoded,view.participants.inst,view.roundavailability.team,view.roundavailability.adjudicator,view.roundavailability.venue,edit.roundavailability.team,edit.roundavailability.adjudicator,edit.roundavailability.venue,view.roundavailability,edit.roundavailability,view.roomconstraints,view.roomcategories,edit.roomconstraints,edit.roomcategories,view.debate,view.debate.admin,generate.debate,delete.debate,edit.debateteam,view.debateadjudicator,edit.debateadjudicator,view.roomallocations,edit.roomallocations,edit.allocatesides,view.ballotsubmission.new,edit.ballotsubmission.old,view.ballotsubmission,edit.ballotsubmission,add.ballotsubmission,mark.ballotsubmission,mark.ballotsubmission.others,view.ballotsubmission.graph,view.results,view.roundmotion,edit.roundmotion,release.draw,release.motion,unrelease.draw,unrelease.motion,edit.starttime,view.briefingdraw,display.motion,view.preformedpanels,edit.preformedpanels,view.standingsoverview,view.teamstandings,view.speakersstandings,view.repliesstandings,view.motionstab,view.diversitytab,view.feedbackoverview,edit.judgescoresind,view.feedback,edit.feedbackignore,edit.feedbackconfirm,view.feedbackunsubmitted,add.feedback,view.adj.break,edit.adj.break,edit.feedbackquestion,edit.breakeligibility,view.breakeligibility,edit.breakcategories,view.breakcategories,view.speakercategories,edit.speakercategories,view.speakereligibility,edit.speakereligibility,view.break.overview,view.break,generate.break,view.privateurls,generate.privateurls,view.checkin,edit.participantcheckin,edit.roomcheckin,edit.round,delete.round,add.round,confirm.round,silence.round,view.emails,send.emails,export.xml,view.settings,edit.settings,edit.questions,delete.questions,view.answers,edit.events,view.events,view.registration}	11
74	Tabulation Assistant	{add.ballotsubmission,mark.ballotsubmission.others,view.ballotsubmission.graph,add.feedback,view.inst,view.particpants,edit.participantcheckin,edit.roomcheckin,view.briefingdraw,display.motion}	11
75	Dil	{edit.breakeligibility,edit.speakercategories,view.particpants,view.team}	11
76	Registration	{add.team,view.teamname,view.anonymous,add.adj,add.inst,view.particpants,view.participants.gender,view.participants.contact,view.participants.decoded,view.participants.inst,view.settings,edit.questions,delete.questions,view.answers,view.registration}	11
77	Access	{edit.roomconstraints,edit.roomcategories,view.roomcategories,view.roomconstraints,view.roomallocations,view.actionlogentry,view.team,view.adj,view.room,view.particpants,view.roundavailability}	11
78	Equity	{view.adjudicatorteamconflict,edit.adjudicatorteamconflict,view.adjudicatoradjudicatorconflict,edit.adjudicatoradjudicatorconflict,view.adjudicatorinstitutionconflict,edit.adjudicatorinstitutionconflict,view.teaminstitutionconflict,edit.teaminstitutionconflict,view.roomconstraints,edit.roomconstraints,view.roomcategories,edit.roomcategories,view.particpants,view.participants.gender,view.participants.contact,view.participants.decoded,view.participants.inst,view.teamname,view.anonymous,view.team,view.adj,view.room,view.inst}	12
79	Adjudication Core	{edit.feedbackignore,edit.feedbackquestion,view.feedbackunsubmitted,view.feedbackoverview,view.feedback,edit.judgescoresind,edit.adj.break,view.adj.break,edit.roundmotion,release.motion,unrelease.motion,edit.debateadjudicator,edit.preformedpanels,view.debateadjudicator,view.break,view.break.overview,view.teamstandings,view.speakersstandings,view.repliesstandings,view.standingsoverview,view.motionstab,view.diversitytab,view.particpants,view.team,view.adj,view.room,view.inst,view.teamname,view.anonymous,view.debate.admin,view.debate}	12
80	Tabulation Director	{view.adjudicatorteamconflict,edit.adjudicatorteamconflict,view.adjudicatoradjudicatorconflict,edit.adjudicatoradjudicatorconflict,view.adjudicatorinstitutionconflict,edit.adjudicatorinstitutionconflict,view.teaminstitutionconflict,edit.teaminstitutionconflict,view.actionlogentry,view.team,add.team,view.teamname,view.anonymous,view.adj,add.adj,view.room,add.room,view.inst,add.inst,view.particpants,view.participants.gender,view.participants.contact,view.participants.decoded,view.participants.inst,view.roundavailability.team,view.roundavailability.adjudicator,view.roundavailability.venue,edit.roundavailability.team,edit.roundavailability.adjudicator,edit.roundavailability.venue,view.roundavailability,edit.roundavailability,view.roomconstraints,view.roomcategories,edit.roomconstraints,edit.roomcategories,view.debate,view.debate.admin,generate.debate,delete.debate,edit.debateteam,view.debateadjudicator,edit.debateadjudicator,view.roomallocations,edit.roomallocations,edit.allocatesides,view.ballotsubmission.new,edit.ballotsubmission.old,view.ballotsubmission,edit.ballotsubmission,add.ballotsubmission,mark.ballotsubmission,mark.ballotsubmission.others,view.ballotsubmission.graph,view.results,view.roundmotion,edit.roundmotion,release.draw,release.motion,unrelease.draw,unrelease.motion,edit.starttime,view.briefingdraw,display.motion,view.preformedpanels,edit.preformedpanels,view.standingsoverview,view.teamstandings,view.speakersstandings,view.repliesstandings,view.motionstab,view.diversitytab,view.feedbackoverview,edit.judgescoresind,view.feedback,edit.feedbackignore,edit.feedbackconfirm,view.feedbackunsubmitted,add.feedback,view.adj.break,edit.adj.break,edit.feedbackquestion,edit.breakeligibility,view.breakeligibility,edit.breakcategories,view.breakcategories,view.speakercategories,edit.speakercategories,view.speakereligibility,edit.speakereligibility,view.break.overview,view.break,generate.break,view.privateurls,generate.privateurls,view.checkin,edit.participantcheckin,edit.roomcheckin,edit.round,delete.round,add.round,confirm.round,silence.round,view.emails,send.emails,export.xml,view.settings,edit.settings,edit.questions,delete.questions,view.answers,edit.events,view.events,view.registration}	12
81	Tabulation Assistant	{add.ballotsubmission,mark.ballotsubmission.others,view.ballotsubmission.graph,add.feedback,view.inst,view.particpants,edit.participantcheckin,edit.roomcheckin,view.briefingdraw,display.motion}	12
82	Dil	{edit.breakeligibility,edit.speakercategories,view.particpants,view.team}	12
83	Registration	{add.team,view.teamname,view.anonymous,add.adj,add.inst,view.particpants,view.participants.gender,view.participants.contact,view.participants.decoded,view.participants.inst,view.settings,edit.questions,delete.questions,view.answers,view.registration}	12
84	Access	{edit.roomconstraints,edit.roomcategories,view.roomcategories,view.roomconstraints,view.roomallocations,view.actionlogentry,view.team,view.adj,view.room,view.particpants,view.roundavailability}	12
\.


--
-- Data for Name: users_membership; Type: TABLE DATA; Schema: public; Owner: tabbycat
--

COPY public.users_membership (id, group_id, user_id) FROM stdin;
\.


--
-- Data for Name: users_userpermission; Type: TABLE DATA; Schema: public; Owner: tabbycat
--

COPY public.users_userpermission (id, permission, tournament_id, user_id) FROM stdin;
\.


--
-- Data for Name: venues_venue; Type: TABLE DATA; Schema: public; Owner: tabbycat
--

COPY public.venues_venue (id, name, priority, tournament_id, url) FROM stdin;
1	salon 1	1	1	
2	salon 2	1	1	
3	salon 3	1	1	
4	salon 4	1	1	
5	salon 5	1	1	
6	salon 6	1	1	
7	salon 7	1	1	
8	Salon 1	1	2	
9	Salon 2	1	2	
10	Salon 3	1	2	
11	Salon 4	1	2	
12	Salon 5	1	2	
13	Salon 6	1	2	
14	SALON 1	1	3	
15	SALON 2	1	3	
16	SALON 3	1	3	
17	SALON 4	1	3	
18	SALON 5	1	3	
19	SALON 6	1	3	
20	salon 1	100	4	
21	salon 2	100	4	
22	Salon 1	1	5	
23	Salon 2	1	5	
24	Salon 3	1	5	
25	Salon 4	1	5	
26	Salon 5	1	5	
27	Salon 6	1	5	
28	Salon 7	1	5	
29	Salon 8	1	5	
30	Salon 9	1	5	
31	Salon 10	1	5	
32	Salon 11	1	5	
33	Salon 12	1	5	
34	Salon 13	1	5	
35	Salon 14	1	5	
38	Salon 1	1	6	
39	Salon 2	1	6	
40	Salon 3	1	6	
41	Salon 4	1	6	
42	Salon 5	1	6	
43	Salon 6	1	6	
44	Salon 7	1	6	
45	Salon 8	1	6	
46	Salon 9	1	6	
47	Salon 10	1	6	
48	Salon 11	1	6	
49	Salon 12	1	6	
50	Salon 13	1	6	
51	Salon 14	1	6	
52	Salon 16	1	6	
53	Salon 15	1	6	
54	Salon 1	1	11	
55	Salon 2	1	11	
56	Salon 3	1	11	
57	Salon 4	1	11	
58	Salon 5	1	11	
59	Salon 6	1	11	
60	Salon 7	1	11	
61	Salon 8	1	11	
62	Salon 9	1	11	
63	Salon 10	1	11	
64	Salon 11	1	11	
65	Salon 12	1	11	
66	Salon 13	1	11	
67	Salon 14	1	11	
68	Salon 15	1	11	
69	Salon 16	1	11	
70	Salon 17	1	11	
71	Salon 18	1	11	
72	Salon 19	1	11	
73	Salon 20	1	11	
74	Salon 21	1	11	
75	Salon 22	1	11	
76	Salon 23	1	11	
77	Salon 24	1	11	
78	Salon 25	1	11	
79	Salon 26	1	11	
80	Salon 27	1	11	
81	Salon 28	1	11	
82	Salon 29	1	11	
83	Salon 30	1	11	
84	Salon 31	1	11	
85	Salon 32	1	11	
86	Salon 33	1	11	
87	Salon 34	1	11	
88	Salon 35	1	11	
89	Salon 36	1	11	
90	Salon 37	1	11	
91	Salon 38	1	11	
92	Salon 39	1	11	
93	Salon 40	1	11	
94	salon1	1	12	
95	salon2	1	12	
96	salon3	1	12	
97	salon4	1	12	
98	salon5	1	12	
99	salon6	1	12	
100	salon7	1	12	
101	salon8	1	12	
102	salon9	1	12	
103	salon10	1	12	
104	salon11	1	12	
105	salon12	1	12	
106	salon13	1	12	
107	salon14	1	12	
108	salon15	1	12	
109	salon16	1	12	
110	salon17	1	12	
111	salon18	1	12	
112	salon19	1	12	
113	salon20	1	12	
114	salon21	1	12	
115	salon22	1	12	
116	salon23	1	12	
117	salon24	1	12	
118	salon25	1	12	
119	salon26	1	12	
120	salon27	1	12	
121	salon28	1	12	
122	salon29	1	12	
123	salon30	1	12	
124	salon31	1	12	
125	salon32	1	12	
126	salon33	1	12	
127	salon34	1	12	
128	salon35	1	12	
129	salon36	1	12	
130	salon37	1	12	
131	salon38	1	12	
132	salon39	1	12	
133	salon40	1	12	
134	salon41	1	12	
135	salon42	1	12	
136	salon43	1	12	
137	salon44	1	12	
138	salon45	1	12	
139	salon46	1	12	
140	salon47	1	12	
141	Salon48	1	12	
\.


--
-- Data for Name: venues_venuecategory; Type: TABLE DATA; Schema: public; Owner: tabbycat
--

COPY public.venues_venuecategory (id, name, description, display_in_venue_name, display_in_public_tooltip, tournament_id) FROM stdin;
\.


--
-- Data for Name: venues_venuecategory_venues; Type: TABLE DATA; Schema: public; Owner: tabbycat
--

COPY public.venues_venuecategory_venues (id, venuecategory_id, venue_id) FROM stdin;
\.


--
-- Data for Name: venues_venueconstraint; Type: TABLE DATA; Schema: public; Owner: tabbycat
--

COPY public.venues_venueconstraint (id, priority, subject_id, category_id, subject_content_type_id) FROM stdin;
\.


--
-- Name: actionlog_actionlogentry_id_seq; Type: SEQUENCE SET; Schema: public; Owner: tabbycat
--

SELECT pg_catalog.setval('public.actionlog_actionlogentry_id_seq', 1735, true);


--
-- Name: adjallocation_adjudicatoradjudicatorconflict_id_seq; Type: SEQUENCE SET; Schema: public; Owner: tabbycat
--

SELECT pg_catalog.setval('public.adjallocation_adjudicatoradjudicatorconflict_id_seq', 1, false);


--
-- Name: adjallocation_adjudicatorconflict_id_seq; Type: SEQUENCE SET; Schema: public; Owner: tabbycat
--

SELECT pg_catalog.setval('public.adjallocation_adjudicatorconflict_id_seq', 5, true);


--
-- Name: adjallocation_adjudicatorinstitutionconflict_id_seq; Type: SEQUENCE SET; Schema: public; Owner: tabbycat
--

SELECT pg_catalog.setval('public.adjallocation_adjudicatorinstitutionconflict_id_seq', 1, false);


--
-- Name: adjallocation_debateadjudicator_id_seq; Type: SEQUENCE SET; Schema: public; Owner: tabbycat
--

SELECT pg_catalog.setval('public.adjallocation_debateadjudicator_id_seq', 1541, true);


--
-- Name: adjallocation_preformedpanel_id_seq; Type: SEQUENCE SET; Schema: public; Owner: tabbycat
--

SELECT pg_catalog.setval('public.adjallocation_preformedpanel_id_seq', 1, false);


--
-- Name: adjallocation_preformedpaneladjudicator_id_seq; Type: SEQUENCE SET; Schema: public; Owner: tabbycat
--

SELECT pg_catalog.setval('public.adjallocation_preformedpaneladjudicator_id_seq', 1, false);


--
-- Name: adjallocation_teaminstitutionconflict_id_seq; Type: SEQUENCE SET; Schema: public; Owner: tabbycat
--

SELECT pg_catalog.setval('public.adjallocation_teaminstitutionconflict_id_seq', 9, true);


--
-- Name: adjfeedback_adjudicatorfeedback_id_seq; Type: SEQUENCE SET; Schema: public; Owner: tabbycat
--

SELECT pg_catalog.setval('public.adjfeedback_adjudicatorfeedback_id_seq', 1, false);


--
-- Name: adjfeedback_adjudicatorfeedbackstringanswer_id_seq; Type: SEQUENCE SET; Schema: public; Owner: tabbycat
--

SELECT pg_catalog.setval('public.adjfeedback_adjudicatorfeedbackstringanswer_id_seq', 1, false);


--
-- Name: adjfeedback_adjudicatortestscorehistory_id_seq; Type: SEQUENCE SET; Schema: public; Owner: tabbycat
--

SELECT pg_catalog.setval('public.adjfeedback_adjudicatortestscorehistory_id_seq', 1, false);


--
-- Name: adjfeedback_question_id_seq; Type: SEQUENCE SET; Schema: public; Owner: tabbycat
--

SELECT pg_catalog.setval('public.adjfeedback_question_id_seq', 25, true);


--
-- Name: auth_group_id_seq; Type: SEQUENCE SET; Schema: public; Owner: tabbycat
--

SELECT pg_catalog.setval('public.auth_group_id_seq', 1, false);


--
-- Name: auth_group_permissions_id_seq; Type: SEQUENCE SET; Schema: public; Owner: tabbycat
--

SELECT pg_catalog.setval('public.auth_group_permissions_id_seq', 1, false);


--
-- Name: auth_permission_id_seq; Type: SEQUENCE SET; Schema: public; Owner: tabbycat
--

SELECT pg_catalog.setval('public.auth_permission_id_seq', 300, true);


--
-- Name: auth_user_groups_id_seq; Type: SEQUENCE SET; Schema: public; Owner: tabbycat
--

SELECT pg_catalog.setval('public.auth_user_groups_id_seq', 1, false);


--
-- Name: auth_user_id_seq; Type: SEQUENCE SET; Schema: public; Owner: tabbycat
--

SELECT pg_catalog.setval('public.auth_user_id_seq', 1, true);


--
-- Name: auth_user_user_permissions_id_seq; Type: SEQUENCE SET; Schema: public; Owner: tabbycat
--

SELECT pg_catalog.setval('public.auth_user_user_permissions_id_seq', 1, false);


--
-- Name: availability_roundavailability_id_seq; Type: SEQUENCE SET; Schema: public; Owner: tabbycat
--

SELECT pg_catalog.setval('public.availability_roundavailability_id_seq', 3325, true);


--
-- Name: breakqual_breakcategory_id_seq; Type: SEQUENCE SET; Schema: public; Owner: tabbycat
--

SELECT pg_catalog.setval('public.breakqual_breakcategory_id_seq', 11, true);


--
-- Name: breakqual_breakingteam_id_seq; Type: SEQUENCE SET; Schema: public; Owner: tabbycat
--

SELECT pg_catalog.setval('public.breakqual_breakingteam_id_seq', 98, true);


--
-- Name: checkins_event_id_seq; Type: SEQUENCE SET; Schema: public; Owner: tabbycat
--

SELECT pg_catalog.setval('public.checkins_event_id_seq', 502, true);


--
-- Name: checkins_identifier_id_seq; Type: SEQUENCE SET; Schema: public; Owner: tabbycat
--

SELECT pg_catalog.setval('public.checkins_identifier_id_seq', 1452, true);


--
-- Name: django_admin_log_id_seq; Type: SEQUENCE SET; Schema: public; Owner: tabbycat
--

SELECT pg_catalog.setval('public.django_admin_log_id_seq', 221, true);


--
-- Name: django_content_type_id_seq; Type: SEQUENCE SET; Schema: public; Owner: tabbycat
--

SELECT pg_catalog.setval('public.django_content_type_id_seq', 75, true);


--
-- Name: django_migrations_id_seq; Type: SEQUENCE SET; Schema: public; Owner: tabbycat
--

SELECT pg_catalog.setval('public.django_migrations_id_seq', 251, true);


--
-- Name: django_summernote_attachment_id_seq; Type: SEQUENCE SET; Schema: public; Owner: tabbycat
--

SELECT pg_catalog.setval('public.django_summernote_attachment_id_seq', 1, false);


--
-- Name: draw_debate_id_seq; Type: SEQUENCE SET; Schema: public; Owner: tabbycat
--

SELECT pg_catalog.setval('public.draw_debate_id_seq', 504, true);


--
-- Name: draw_debateteam_id_seq; Type: SEQUENCE SET; Schema: public; Owner: tabbycat
--

SELECT pg_catalog.setval('public.draw_debateteam_id_seq', 1820, true);


--
-- Name: draw_teamsideallocation_id_seq; Type: SEQUENCE SET; Schema: public; Owner: tabbycat
--

SELECT pg_catalog.setval('public.draw_teamsideallocation_id_seq', 1, false);


--
-- Name: dynamic_preferences_globalpreferencemodel_id_seq; Type: SEQUENCE SET; Schema: public; Owner: tabbycat
--

SELECT pg_catalog.setval('public.dynamic_preferences_globalpreferencemodel_id_seq', 1, false);


--
-- Name: jet_bookmark_id_seq; Type: SEQUENCE SET; Schema: public; Owner: tabbycat
--

SELECT pg_catalog.setval('public.jet_bookmark_id_seq', 1, false);


--
-- Name: jet_pinnedapplication_id_seq; Type: SEQUENCE SET; Schema: public; Owner: tabbycat
--

SELECT pg_catalog.setval('public.jet_pinnedapplication_id_seq', 1, false);


--
-- Name: motions_debateteammotionpreference_id_seq; Type: SEQUENCE SET; Schema: public; Owner: tabbycat
--

SELECT pg_catalog.setval('public.motions_debateteammotionpreference_id_seq', 1, false);


--
-- Name: motions_motion_id_seq; Type: SEQUENCE SET; Schema: public; Owner: tabbycat
--

SELECT pg_catalog.setval('public.motions_motion_id_seq', 28, true);


--
-- Name: motions_roundmotion_id_seq; Type: SEQUENCE SET; Schema: public; Owner: tabbycat
--

SELECT pg_catalog.setval('public.motions_roundmotion_id_seq', 28, true);


--
-- Name: notifications_bulknotification_id_seq; Type: SEQUENCE SET; Schema: public; Owner: tabbycat
--

SELECT pg_catalog.setval('public.notifications_bulknotification_id_seq', 1, false);


--
-- Name: notifications_emailstatus_id_seq; Type: SEQUENCE SET; Schema: public; Owner: tabbycat
--

SELECT pg_catalog.setval('public.notifications_emailstatus_id_seq', 1, false);


--
-- Name: notifications_messagesentrecord_id_seq; Type: SEQUENCE SET; Schema: public; Owner: tabbycat
--

SELECT pg_catalog.setval('public.notifications_messagesentrecord_id_seq', 1, false);


--
-- Name: options_tournamentpreferencemodel_id_seq; Type: SEQUENCE SET; Schema: public; Owner: tabbycat
--

SELECT pg_catalog.setval('public.options_tournamentpreferencemodel_id_seq', 2041, true);


--
-- Name: participants_institution_id_seq; Type: SEQUENCE SET; Schema: public; Owner: tabbycat
--

SELECT pg_catalog.setval('public.participants_institution_id_seq', 2, true);


--
-- Name: participants_person_id_seq; Type: SEQUENCE SET; Schema: public; Owner: tabbycat
--

SELECT pg_catalog.setval('public.participants_person_id_seq', 1311, true);


--
-- Name: participants_region_id_seq; Type: SEQUENCE SET; Schema: public; Owner: tabbycat
--

SELECT pg_catalog.setval('public.participants_region_id_seq', 1, false);


--
-- Name: participants_speaker_categories_id_seq; Type: SEQUENCE SET; Schema: public; Owner: tabbycat
--

SELECT pg_catalog.setval('public.participants_speaker_categories_id_seq', 1, false);


--
-- Name: participants_speakercategory_id_seq; Type: SEQUENCE SET; Schema: public; Owner: tabbycat
--

SELECT pg_catalog.setval('public.participants_speakercategory_id_seq', 1, false);


--
-- Name: participants_team_break_categories_id_seq; Type: SEQUENCE SET; Schema: public; Owner: tabbycat
--

SELECT pg_catalog.setval('public.participants_team_break_categories_id_seq', 510, true);


--
-- Name: participants_team_id_seq; Type: SEQUENCE SET; Schema: public; Owner: tabbycat
--

SELECT pg_catalog.setval('public.participants_team_id_seq', 540, true);


--
-- Name: participants_tournamentinstitution_id_seq; Type: SEQUENCE SET; Schema: public; Owner: tabbycat
--

SELECT pg_catalog.setval('public.participants_tournamentinstitution_id_seq', 1, false);


--
-- Name: push_notifications_apnsdevice_id_seq; Type: SEQUENCE SET; Schema: public; Owner: tabbycat
--

SELECT pg_catalog.setval('public.push_notifications_apnsdevice_id_seq', 1, false);


--
-- Name: push_notifications_gcmdevice_id_seq; Type: SEQUENCE SET; Schema: public; Owner: tabbycat
--

SELECT pg_catalog.setval('public.push_notifications_gcmdevice_id_seq', 1, false);


--
-- Name: push_notifications_webpushdevice_id_seq; Type: SEQUENCE SET; Schema: public; Owner: tabbycat
--

SELECT pg_catalog.setval('public.push_notifications_webpushdevice_id_seq', 1, false);


--
-- Name: push_notifications_wnsdevice_id_seq; Type: SEQUENCE SET; Schema: public; Owner: tabbycat
--

SELECT pg_catalog.setval('public.push_notifications_wnsdevice_id_seq', 1, false);


--
-- Name: registration_invitation_id_seq; Type: SEQUENCE SET; Schema: public; Owner: tabbycat
--

SELECT pg_catalog.setval('public.registration_invitation_id_seq', 1, false);


--
-- Name: results_ballotsubmission_id_seq; Type: SEQUENCE SET; Schema: public; Owner: tabbycat
--

SELECT pg_catalog.setval('public.results_ballotsubmission_id_seq', 444, true);


--
-- Name: results_scorecriterion_id_seq; Type: SEQUENCE SET; Schema: public; Owner: tabbycat
--

SELECT pg_catalog.setval('public.results_scorecriterion_id_seq', 1, false);


--
-- Name: results_speakercriterionscore_id_seq; Type: SEQUENCE SET; Schema: public; Owner: tabbycat
--

SELECT pg_catalog.setval('public.results_speakercriterionscore_id_seq', 1, false);


--
-- Name: results_speakercriterionscorebyadj_id_seq; Type: SEQUENCE SET; Schema: public; Owner: tabbycat
--

SELECT pg_catalog.setval('public.results_speakercriterionscorebyadj_id_seq', 1, false);


--
-- Name: results_speakerscore_id_seq; Type: SEQUENCE SET; Schema: public; Owner: tabbycat
--

SELECT pg_catalog.setval('public.results_speakerscore_id_seq', 3224, true);


--
-- Name: results_speakerscorebyadj_id_seq; Type: SEQUENCE SET; Schema: public; Owner: tabbycat
--

SELECT pg_catalog.setval('public.results_speakerscorebyadj_id_seq', 1, false);


--
-- Name: results_teamscore_id_seq; Type: SEQUENCE SET; Schema: public; Owner: tabbycat
--

SELECT pg_catalog.setval('public.results_teamscore_id_seq', 1720, true);


--
-- Name: results_teamscorebyadj_id_seq; Type: SEQUENCE SET; Schema: public; Owner: tabbycat
--

SELECT pg_catalog.setval('public.results_teamscorebyadj_id_seq', 1, false);


--
-- Name: tournaments_round_id_seq; Type: SEQUENCE SET; Schema: public; Owner: tabbycat
--

SELECT pg_catalog.setval('public.tournaments_round_id_seq', 66, true);


--
-- Name: tournaments_scheduleevent_id_seq; Type: SEQUENCE SET; Schema: public; Owner: tabbycat
--

SELECT pg_catalog.setval('public.tournaments_scheduleevent_id_seq', 1, false);


--
-- Name: tournaments_tournament_id_seq; Type: SEQUENCE SET; Schema: public; Owner: tabbycat
--

SELECT pg_catalog.setval('public.tournaments_tournament_id_seq', 12, true);


--
-- Name: users_group_id_seq; Type: SEQUENCE SET; Schema: public; Owner: tabbycat
--

SELECT pg_catalog.setval('public.users_group_id_seq', 84, true);


--
-- Name: users_membership_id_seq; Type: SEQUENCE SET; Schema: public; Owner: tabbycat
--

SELECT pg_catalog.setval('public.users_membership_id_seq', 1, false);


--
-- Name: users_userpermission_id_seq; Type: SEQUENCE SET; Schema: public; Owner: tabbycat
--

SELECT pg_catalog.setval('public.users_userpermission_id_seq', 1, false);


--
-- Name: venues_venue_id_seq; Type: SEQUENCE SET; Schema: public; Owner: tabbycat
--

SELECT pg_catalog.setval('public.venues_venue_id_seq', 141, true);


--
-- Name: venues_venuecategory_id_seq; Type: SEQUENCE SET; Schema: public; Owner: tabbycat
--

SELECT pg_catalog.setval('public.venues_venuecategory_id_seq', 1, false);


--
-- Name: venues_venuecategory_venues_id_seq; Type: SEQUENCE SET; Schema: public; Owner: tabbycat
--

SELECT pg_catalog.setval('public.venues_venuecategory_venues_id_seq', 1, false);


--
-- Name: venues_venueconstraint_id_seq; Type: SEQUENCE SET; Schema: public; Owner: tabbycat
--

SELECT pg_catalog.setval('public.venues_venueconstraint_id_seq', 1, false);


--
-- Name: actionlog_actionlogentry actionlog_actionlogentry_pkey; Type: CONSTRAINT; Schema: public; Owner: tabbycat
--

ALTER TABLE ONLY public.actionlog_actionlogentry
    ADD CONSTRAINT actionlog_actionlogentry_pkey PRIMARY KEY (id);


--
-- Name: adjallocation_adjudicatoradjudicatorconflict adjallo_adjudicatoradjudicatorconflict_adjudicator1__adjudicato; Type: CONSTRAINT; Schema: public; Owner: tabbycat
--

ALTER TABLE ONLY public.adjallocation_adjudicatoradjudicatorconflict
    ADD CONSTRAINT adjallo_adjudicatoradjudicatorconflict_adjudicator1__adjudicato UNIQUE (adjudicator1_id, adjudicator2_id);


--
-- Name: adjallocation_adjudicatorinstitutionconflict adjallo_adjudicatorinstitutionconflict_adjudicator__institution; Type: CONSTRAINT; Schema: public; Owner: tabbycat
--

ALTER TABLE ONLY public.adjallocation_adjudicatorinstitutionconflict
    ADD CONSTRAINT adjallo_adjudicatorinstitutionconflict_adjudicator__institution UNIQUE (adjudicator_id, institution_id);


--
-- Name: adjallocation_adjudicatorteamconflict adjallo_adjudicatorteamconflict_adjudicator__team_uniq; Type: CONSTRAINT; Schema: public; Owner: tabbycat
--

ALTER TABLE ONLY public.adjallocation_adjudicatorteamconflict
    ADD CONSTRAINT adjallo_adjudicatorteamconflict_adjudicator__team_uniq UNIQUE (adjudicator_id, team_id);


--
-- Name: adjallocation_debateadjudicator adjallo_debateadjudicator_debate__adjudicator_uniq; Type: CONSTRAINT; Schema: public; Owner: tabbycat
--

ALTER TABLE ONLY public.adjallocation_debateadjudicator
    ADD CONSTRAINT adjallo_debateadjudicator_debate__adjudicator_uniq UNIQUE (debate_id, adjudicator_id);


--
-- Name: adjallocation_teaminstitutionconflict adjallo_teaminstitutionconflict_team__institution_uniq; Type: CONSTRAINT; Schema: public; Owner: tabbycat
--

ALTER TABLE ONLY public.adjallocation_teaminstitutionconflict
    ADD CONSTRAINT adjallo_teaminstitutionconflict_team__institution_uniq UNIQUE (team_id, institution_id);


--
-- Name: adjallocation_adjudicatoradjudicatorconflict adjallocation_adjudicatoradjudicatorconflict_pkey; Type: CONSTRAINT; Schema: public; Owner: tabbycat
--

ALTER TABLE ONLY public.adjallocation_adjudicatoradjudicatorconflict
    ADD CONSTRAINT adjallocation_adjudicatoradjudicatorconflict_pkey PRIMARY KEY (id);


--
-- Name: adjallocation_adjudicatorteamconflict adjallocation_adjudicatorconflict_pkey; Type: CONSTRAINT; Schema: public; Owner: tabbycat
--

ALTER TABLE ONLY public.adjallocation_adjudicatorteamconflict
    ADD CONSTRAINT adjallocation_adjudicatorconflict_pkey PRIMARY KEY (id);


--
-- Name: adjallocation_adjudicatorinstitutionconflict adjallocation_adjudicatorinstitutionconflict_pkey; Type: CONSTRAINT; Schema: public; Owner: tabbycat
--

ALTER TABLE ONLY public.adjallocation_adjudicatorinstitutionconflict
    ADD CONSTRAINT adjallocation_adjudicatorinstitutionconflict_pkey PRIMARY KEY (id);


--
-- Name: adjallocation_debateadjudicator adjallocation_debateadjudicator_pkey; Type: CONSTRAINT; Schema: public; Owner: tabbycat
--

ALTER TABLE ONLY public.adjallocation_debateadjudicator
    ADD CONSTRAINT adjallocation_debateadjudicator_pkey PRIMARY KEY (id);


--
-- Name: adjallocation_preformedpanel adjallocation_preformedpanel_pkey; Type: CONSTRAINT; Schema: public; Owner: tabbycat
--

ALTER TABLE ONLY public.adjallocation_preformedpanel
    ADD CONSTRAINT adjallocation_preformedpanel_pkey PRIMARY KEY (id);


--
-- Name: adjallocation_preformedpaneladjudicator adjallocation_preformedpaneladjudicator_pkey; Type: CONSTRAINT; Schema: public; Owner: tabbycat
--

ALTER TABLE ONLY public.adjallocation_preformedpaneladjudicator
    ADD CONSTRAINT adjallocation_preformedpaneladjudicator_pkey PRIMARY KEY (id);


--
-- Name: adjallocation_teaminstitutionconflict adjallocation_teaminstitutionconflict_pkey; Type: CONSTRAINT; Schema: public; Owner: tabbycat
--

ALTER TABLE ONLY public.adjallocation_teaminstitutionconflict
    ADD CONSTRAINT adjallocation_teaminstitutionconflict_pkey PRIMARY KEY (id);


--
-- Name: adjfeedback_adjudicatorfeedback adjfeed_adjudicatorfeedback_adjudicator__source_adjudicator__so; Type: CONSTRAINT; Schema: public; Owner: tabbycat
--

ALTER TABLE ONLY public.adjfeedback_adjudicatorfeedback
    ADD CONSTRAINT adjfeed_adjudicatorfeedback_adjudicator__source_adjudicator__so UNIQUE (adjudicator_id, source_adjudicator_id, source_team_id, version);


--
-- Name: adjfeedback_adjudicatorfeedback adjfeedback_adjudicatorfeedback_pkey; Type: CONSTRAINT; Schema: public; Owner: tabbycat
--

ALTER TABLE ONLY public.adjfeedback_adjudicatorfeedback
    ADD CONSTRAINT adjfeedback_adjudicatorfeedback_pkey PRIMARY KEY (id);


--
-- Name: adjfeedback_adjudicatorfeedbackquestion adjfeedback_adjudicatorfeedbackquestion_pkey; Type: CONSTRAINT; Schema: public; Owner: tabbycat
--

ALTER TABLE ONLY public.adjfeedback_adjudicatorfeedbackquestion
    ADD CONSTRAINT adjfeedback_adjudicatorfeedbackquestion_pkey PRIMARY KEY (question_ptr_id);


--
-- Name: registration_answer adjfeedback_adjudicatorfeedbackstringanswer_pkey; Type: CONSTRAINT; Schema: public; Owner: tabbycat
--

ALTER TABLE ONLY public.registration_answer
    ADD CONSTRAINT adjfeedback_adjudicatorfeedbackstringanswer_pkey PRIMARY KEY (id);


--
-- Name: adjfeedback_adjudicatorbasescorehistory adjfeedback_adjudicatortestscorehistory_pkey; Type: CONSTRAINT; Schema: public; Owner: tabbycat
--

ALTER TABLE ONLY public.adjfeedback_adjudicatorbasescorehistory
    ADD CONSTRAINT adjfeedback_adjudicatortestscorehistory_pkey PRIMARY KEY (id);


--
-- Name: registration_question adjfeedback_question_pkey; Type: CONSTRAINT; Schema: public; Owner: tabbycat
--

ALTER TABLE ONLY public.registration_question
    ADD CONSTRAINT adjfeedback_question_pkey PRIMARY KEY (id);


--
-- Name: auth_group auth_group_name_key; Type: CONSTRAINT; Schema: public; Owner: tabbycat
--

ALTER TABLE ONLY public.auth_group
    ADD CONSTRAINT auth_group_name_key UNIQUE (name);


--
-- Name: auth_group_permissions auth_group_permissions_group_id_permission_id_0cd325b0_uniq; Type: CONSTRAINT; Schema: public; Owner: tabbycat
--

ALTER TABLE ONLY public.auth_group_permissions
    ADD CONSTRAINT auth_group_permissions_group_id_permission_id_0cd325b0_uniq UNIQUE (group_id, permission_id);


--
-- Name: auth_group_permissions auth_group_permissions_pkey; Type: CONSTRAINT; Schema: public; Owner: tabbycat
--

ALTER TABLE ONLY public.auth_group_permissions
    ADD CONSTRAINT auth_group_permissions_pkey PRIMARY KEY (id);


--
-- Name: auth_group auth_group_pkey; Type: CONSTRAINT; Schema: public; Owner: tabbycat
--

ALTER TABLE ONLY public.auth_group
    ADD CONSTRAINT auth_group_pkey PRIMARY KEY (id);


--
-- Name: auth_permission auth_permission_content_type_id_codename_01ab375a_uniq; Type: CONSTRAINT; Schema: public; Owner: tabbycat
--

ALTER TABLE ONLY public.auth_permission
    ADD CONSTRAINT auth_permission_content_type_id_codename_01ab375a_uniq UNIQUE (content_type_id, codename);


--
-- Name: auth_permission auth_permission_pkey; Type: CONSTRAINT; Schema: public; Owner: tabbycat
--

ALTER TABLE ONLY public.auth_permission
    ADD CONSTRAINT auth_permission_pkey PRIMARY KEY (id);


--
-- Name: auth_user_groups auth_user_groups_pkey; Type: CONSTRAINT; Schema: public; Owner: tabbycat
--

ALTER TABLE ONLY public.auth_user_groups
    ADD CONSTRAINT auth_user_groups_pkey PRIMARY KEY (id);


--
-- Name: auth_user_groups auth_user_groups_user_id_group_id_94350c0c_uniq; Type: CONSTRAINT; Schema: public; Owner: tabbycat
--

ALTER TABLE ONLY public.auth_user_groups
    ADD CONSTRAINT auth_user_groups_user_id_group_id_94350c0c_uniq UNIQUE (user_id, group_id);


--
-- Name: auth_user auth_user_pkey; Type: CONSTRAINT; Schema: public; Owner: tabbycat
--

ALTER TABLE ONLY public.auth_user
    ADD CONSTRAINT auth_user_pkey PRIMARY KEY (id);


--
-- Name: auth_user_user_permissions auth_user_user_permissions_pkey; Type: CONSTRAINT; Schema: public; Owner: tabbycat
--

ALTER TABLE ONLY public.auth_user_user_permissions
    ADD CONSTRAINT auth_user_user_permissions_pkey PRIMARY KEY (id);


--
-- Name: auth_user_user_permissions auth_user_user_permissions_user_id_permission_id_14a6b632_uniq; Type: CONSTRAINT; Schema: public; Owner: tabbycat
--

ALTER TABLE ONLY public.auth_user_user_permissions
    ADD CONSTRAINT auth_user_user_permissions_user_id_permission_id_14a6b632_uniq UNIQUE (user_id, permission_id);


--
-- Name: auth_user auth_user_username_key; Type: CONSTRAINT; Schema: public; Owner: tabbycat
--

ALTER TABLE ONLY public.auth_user
    ADD CONSTRAINT auth_user_username_key UNIQUE (username);


--
-- Name: authtoken_token authtoken_token_pkey; Type: CONSTRAINT; Schema: public; Owner: tabbycat
--

ALTER TABLE ONLY public.authtoken_token
    ADD CONSTRAINT authtoken_token_pkey PRIMARY KEY (key);


--
-- Name: authtoken_token authtoken_token_user_id_key; Type: CONSTRAINT; Schema: public; Owner: tabbycat
--

ALTER TABLE ONLY public.authtoken_token
    ADD CONSTRAINT authtoken_token_user_id_key UNIQUE (user_id);


--
-- Name: availability_roundavailability availab_roundavailability_round__content_type__object_id_uniq; Type: CONSTRAINT; Schema: public; Owner: tabbycat
--

ALTER TABLE ONLY public.availability_roundavailability
    ADD CONSTRAINT availab_roundavailability_round__content_type__object_id_uniq UNIQUE (round_id, content_type_id, object_id);


--
-- Name: availability_roundavailability availability_roundavailability_pkey; Type: CONSTRAINT; Schema: public; Owner: tabbycat
--

ALTER TABLE ONLY public.availability_roundavailability
    ADD CONSTRAINT availability_roundavailability_pkey PRIMARY KEY (id);


--
-- Name: breakqual_breakcategory breakqu_breakcategory_tournament__seq_uniq; Type: CONSTRAINT; Schema: public; Owner: tabbycat
--

ALTER TABLE ONLY public.breakqual_breakcategory
    ADD CONSTRAINT breakqu_breakcategory_tournament__seq_uniq UNIQUE (tournament_id, seq);


--
-- Name: breakqual_breakcategory breakqu_breakcategory_tournament__slug_uniq; Type: CONSTRAINT; Schema: public; Owner: tabbycat
--

ALTER TABLE ONLY public.breakqual_breakcategory
    ADD CONSTRAINT breakqu_breakcategory_tournament__slug_uniq UNIQUE (tournament_id, slug);


--
-- Name: breakqual_breakingteam breakqu_breakingteam_break_category__team_uniq; Type: CONSTRAINT; Schema: public; Owner: tabbycat
--

ALTER TABLE ONLY public.breakqual_breakingteam
    ADD CONSTRAINT breakqu_breakingteam_break_category__team_uniq UNIQUE (break_category_id, team_id);


--
-- Name: breakqual_breakcategory breakqual_breakcategory_pkey; Type: CONSTRAINT; Schema: public; Owner: tabbycat
--

ALTER TABLE ONLY public.breakqual_breakcategory
    ADD CONSTRAINT breakqual_breakcategory_pkey PRIMARY KEY (id);


--
-- Name: breakqual_breakingteam breakqual_breakingteam_pkey; Type: CONSTRAINT; Schema: public; Owner: tabbycat
--

ALTER TABLE ONLY public.breakqual_breakingteam
    ADD CONSTRAINT breakqual_breakingteam_pkey PRIMARY KEY (id);


--
-- Name: checkins_debateidentifier checkins_debateidentifier_debate_id_key; Type: CONSTRAINT; Schema: public; Owner: tabbycat
--

ALTER TABLE ONLY public.checkins_debateidentifier
    ADD CONSTRAINT checkins_debateidentifier_debate_id_key UNIQUE (debate_id);


--
-- Name: checkins_debateidentifier checkins_debateidentifier_pkey; Type: CONSTRAINT; Schema: public; Owner: tabbycat
--

ALTER TABLE ONLY public.checkins_debateidentifier
    ADD CONSTRAINT checkins_debateidentifier_pkey PRIMARY KEY (identifier_ptr_id);


--
-- Name: checkins_event checkins_event_pkey; Type: CONSTRAINT; Schema: public; Owner: tabbycat
--

ALTER TABLE ONLY public.checkins_event
    ADD CONSTRAINT checkins_event_pkey PRIMARY KEY (id);


--
-- Name: checkins_identifier checkins_identifier_identifier_key; Type: CONSTRAINT; Schema: public; Owner: tabbycat
--

ALTER TABLE ONLY public.checkins_identifier
    ADD CONSTRAINT checkins_identifier_identifier_key UNIQUE (barcode);


--
-- Name: checkins_identifier checkins_identifier_pkey; Type: CONSTRAINT; Schema: public; Owner: tabbycat
--

ALTER TABLE ONLY public.checkins_identifier
    ADD CONSTRAINT checkins_identifier_pkey PRIMARY KEY (id);


--
-- Name: checkins_personidentifier checkins_personidentifier_person_id_key; Type: CONSTRAINT; Schema: public; Owner: tabbycat
--

ALTER TABLE ONLY public.checkins_personidentifier
    ADD CONSTRAINT checkins_personidentifier_person_id_key UNIQUE (person_id);


--
-- Name: checkins_personidentifier checkins_personidentifier_pkey; Type: CONSTRAINT; Schema: public; Owner: tabbycat
--

ALTER TABLE ONLY public.checkins_personidentifier
    ADD CONSTRAINT checkins_personidentifier_pkey PRIMARY KEY (identifier_ptr_id);


--
-- Name: checkins_venueidentifier checkins_venueidentifier_pkey; Type: CONSTRAINT; Schema: public; Owner: tabbycat
--

ALTER TABLE ONLY public.checkins_venueidentifier
    ADD CONSTRAINT checkins_venueidentifier_pkey PRIMARY KEY (identifier_ptr_id);


--
-- Name: checkins_venueidentifier checkins_venueidentifier_venue_id_key; Type: CONSTRAINT; Schema: public; Owner: tabbycat
--

ALTER TABLE ONLY public.checkins_venueidentifier
    ADD CONSTRAINT checkins_venueidentifier_venue_id_key UNIQUE (venue_id);


--
-- Name: django_admin_log django_admin_log_pkey; Type: CONSTRAINT; Schema: public; Owner: tabbycat
--

ALTER TABLE ONLY public.django_admin_log
    ADD CONSTRAINT django_admin_log_pkey PRIMARY KEY (id);


--
-- Name: django_content_type django_content_type_app_label_model_76bd3d3b_uniq; Type: CONSTRAINT; Schema: public; Owner: tabbycat
--

ALTER TABLE ONLY public.django_content_type
    ADD CONSTRAINT django_content_type_app_label_model_76bd3d3b_uniq UNIQUE (app_label, model);


--
-- Name: django_content_type django_content_type_pkey; Type: CONSTRAINT; Schema: public; Owner: tabbycat
--

ALTER TABLE ONLY public.django_content_type
    ADD CONSTRAINT django_content_type_pkey PRIMARY KEY (id);


--
-- Name: django_migrations django_migrations_pkey; Type: CONSTRAINT; Schema: public; Owner: tabbycat
--

ALTER TABLE ONLY public.django_migrations
    ADD CONSTRAINT django_migrations_pkey PRIMARY KEY (id);


--
-- Name: django_session django_session_pkey; Type: CONSTRAINT; Schema: public; Owner: tabbycat
--

ALTER TABLE ONLY public.django_session
    ADD CONSTRAINT django_session_pkey PRIMARY KEY (session_key);


--
-- Name: django_summernote_attachment django_summernote_attachment_pkey; Type: CONSTRAINT; Schema: public; Owner: tabbycat
--

ALTER TABLE ONLY public.django_summernote_attachment
    ADD CONSTRAINT django_summernote_attachment_pkey PRIMARY KEY (id);


--
-- Name: draw_debate draw_debate_pkey; Type: CONSTRAINT; Schema: public; Owner: tabbycat
--

ALTER TABLE ONLY public.draw_debate
    ADD CONSTRAINT draw_debate_pkey PRIMARY KEY (id);


--
-- Name: draw_debateteam draw_debateteam_pkey; Type: CONSTRAINT; Schema: public; Owner: tabbycat
--

ALTER TABLE ONLY public.draw_debateteam
    ADD CONSTRAINT draw_debateteam_pkey PRIMARY KEY (id);


--
-- Name: draw_teamsideallocation draw_teamsideallocation_pkey; Type: CONSTRAINT; Schema: public; Owner: tabbycat
--

ALTER TABLE ONLY public.draw_teamsideallocation
    ADD CONSTRAINT draw_teamsideallocation_pkey PRIMARY KEY (id);


--
-- Name: draw_teamsideallocation draw_teamsideallocation_round__team_uniq; Type: CONSTRAINT; Schema: public; Owner: tabbycat
--

ALTER TABLE ONLY public.draw_teamsideallocation
    ADD CONSTRAINT draw_teamsideallocation_round__team_uniq UNIQUE (round_id, team_id);


--
-- Name: dynamic_preferences_globalpreferencemodel dynamic_preferences_glob_section_name_f4a2439b_uniq; Type: CONSTRAINT; Schema: public; Owner: tabbycat
--

ALTER TABLE ONLY public.dynamic_preferences_globalpreferencemodel
    ADD CONSTRAINT dynamic_preferences_glob_section_name_f4a2439b_uniq UNIQUE (section, name);


--
-- Name: dynamic_preferences_globalpreferencemodel dynamic_preferences_globalpreferencemodel_pkey; Type: CONSTRAINT; Schema: public; Owner: tabbycat
--

ALTER TABLE ONLY public.dynamic_preferences_globalpreferencemodel
    ADD CONSTRAINT dynamic_preferences_globalpreferencemodel_pkey PRIMARY KEY (id);


--
-- Name: jet_bookmark jet_bookmark_pkey; Type: CONSTRAINT; Schema: public; Owner: tabbycat
--

ALTER TABLE ONLY public.jet_bookmark
    ADD CONSTRAINT jet_bookmark_pkey PRIMARY KEY (id);


--
-- Name: jet_pinnedapplication jet_pinnedapplication_pkey; Type: CONSTRAINT; Schema: public; Owner: tabbycat
--

ALTER TABLE ONLY public.jet_pinnedapplication
    ADD CONSTRAINT jet_pinnedapplication_pkey PRIMARY KEY (id);


--
-- Name: motions_debateteammotionpreference motions_debateteammotionpreference_debate_team__preference__bal; Type: CONSTRAINT; Schema: public; Owner: tabbycat
--

ALTER TABLE ONLY public.motions_debateteammotionpreference
    ADD CONSTRAINT motions_debateteammotionpreference_debate_team__preference__bal UNIQUE (debate_team_id, preference, ballot_submission_id);


--
-- Name: motions_debateteammotionpreference motions_debateteammotionpreference_pkey; Type: CONSTRAINT; Schema: public; Owner: tabbycat
--

ALTER TABLE ONLY public.motions_debateteammotionpreference
    ADD CONSTRAINT motions_debateteammotionpreference_pkey PRIMARY KEY (id);


--
-- Name: motions_motion motions_motion_pkey; Type: CONSTRAINT; Schema: public; Owner: tabbycat
--

ALTER TABLE ONLY public.motions_motion
    ADD CONSTRAINT motions_motion_pkey PRIMARY KEY (id);


--
-- Name: motions_roundmotion motions_roundmotion_pkey; Type: CONSTRAINT; Schema: public; Owner: tabbycat
--

ALTER TABLE ONLY public.motions_roundmotion
    ADD CONSTRAINT motions_roundmotion_pkey PRIMARY KEY (id);


--
-- Name: motions_roundmotion motions_roundmotion_round__seq_uniq; Type: CONSTRAINT; Schema: public; Owner: tabbycat
--

ALTER TABLE ONLY public.motions_roundmotion
    ADD CONSTRAINT motions_roundmotion_round__seq_uniq UNIQUE (round_id, seq);


--
-- Name: notifications_bulknotification notifications_bulknotification_pkey; Type: CONSTRAINT; Schema: public; Owner: tabbycat
--

ALTER TABLE ONLY public.notifications_bulknotification
    ADD CONSTRAINT notifications_bulknotification_pkey PRIMARY KEY (id);


--
-- Name: notifications_emailstatus notifications_emailstatus_pkey; Type: CONSTRAINT; Schema: public; Owner: tabbycat
--

ALTER TABLE ONLY public.notifications_emailstatus
    ADD CONSTRAINT notifications_emailstatus_pkey PRIMARY KEY (id);


--
-- Name: notifications_sentmessage notifications_messagesentrecord_pkey; Type: CONSTRAINT; Schema: public; Owner: tabbycat
--

ALTER TABLE ONLY public.notifications_sentmessage
    ADD CONSTRAINT notifications_messagesentrecord_pkey PRIMARY KEY (id);


--
-- Name: notifications_participantwebpushdevice notifications_participantwebpushdevice_pkey; Type: CONSTRAINT; Schema: public; Owner: tabbycat
--

ALTER TABLE ONLY public.notifications_participantwebpushdevice
    ADD CONSTRAINT notifications_participantwebpushdevice_pkey PRIMARY KEY (webpushdevice_ptr_id);


--
-- Name: notifications_sentmessage notifications_sentmessagerecord_hook_id_key; Type: CONSTRAINT; Schema: public; Owner: tabbycat
--

ALTER TABLE ONLY public.notifications_sentmessage
    ADD CONSTRAINT notifications_sentmessagerecord_hook_id_key UNIQUE (hook_id);


--
-- Name: notifications_sentmessage notifications_sentmessagerecord_message_id_key; Type: CONSTRAINT; Schema: public; Owner: tabbycat
--

ALTER TABLE ONLY public.notifications_sentmessage
    ADD CONSTRAINT notifications_sentmessagerecord_message_id_key UNIQUE (message_id);


--
-- Name: options_tournamentpreferencemodel options_tournamentprefer_instance_id_section_name_a83df674_uniq; Type: CONSTRAINT; Schema: public; Owner: tabbycat
--

ALTER TABLE ONLY public.options_tournamentpreferencemodel
    ADD CONSTRAINT options_tournamentprefer_instance_id_section_name_a83df674_uniq UNIQUE (instance_id, section, name);


--
-- Name: options_tournamentpreferencemodel options_tournamentpreferencemodel_pkey; Type: CONSTRAINT; Schema: public; Owner: tabbycat
--

ALTER TABLE ONLY public.options_tournamentpreferencemodel
    ADD CONSTRAINT options_tournamentpreferencemodel_pkey PRIMARY KEY (id);


--
-- Name: participants_institution partici_institution_name__code_uniq; Type: CONSTRAINT; Schema: public; Owner: tabbycat
--

ALTER TABLE ONLY public.participants_institution
    ADD CONSTRAINT partici_institution_name__code_uniq UNIQUE (name, code);


--
-- Name: participants_speakercategory partici_speakercategory_tournament__seq_uniq; Type: CONSTRAINT; Schema: public; Owner: tabbycat
--

ALTER TABLE ONLY public.participants_speakercategory
    ADD CONSTRAINT partici_speakercategory_tournament__seq_uniq UNIQUE (tournament_id, seq);


--
-- Name: participants_speakercategory partici_speakercategory_tournament__slug_uniq; Type: CONSTRAINT; Schema: public; Owner: tabbycat
--

ALTER TABLE ONLY public.participants_speakercategory
    ADD CONSTRAINT partici_speakercategory_tournament__slug_uniq UNIQUE (tournament_id, slug);


--
-- Name: participants_team partici_team_emoji__tournament_uniq; Type: CONSTRAINT; Schema: public; Owner: tabbycat
--

ALTER TABLE ONLY public.participants_team
    ADD CONSTRAINT partici_team_emoji__tournament_uniq UNIQUE (emoji, tournament_id);


--
-- Name: participants_team partici_team_reference__institution__tournament_uniq; Type: CONSTRAINT; Schema: public; Owner: tabbycat
--

ALTER TABLE ONLY public.participants_team
    ADD CONSTRAINT partici_team_reference__institution__tournament_uniq UNIQUE (reference, institution_id, tournament_id);


--
-- Name: participants_tournamentinstitution partici_tournamentinstitution_tournament__institution_uniq; Type: CONSTRAINT; Schema: public; Owner: tabbycat
--

ALTER TABLE ONLY public.participants_tournamentinstitution
    ADD CONSTRAINT partici_tournamentinstitution_tournament__institution_uniq UNIQUE (tournament_id, institution_id);


--
-- Name: participants_adjudicator participants_adjudicator_pkey; Type: CONSTRAINT; Schema: public; Owner: tabbycat
--

ALTER TABLE ONLY public.participants_adjudicator
    ADD CONSTRAINT participants_adjudicator_pkey PRIMARY KEY (person_ptr_id);


--
-- Name: participants_coach participants_coach_pkey; Type: CONSTRAINT; Schema: public; Owner: tabbycat
--

ALTER TABLE ONLY public.participants_coach
    ADD CONSTRAINT participants_coach_pkey PRIMARY KEY (person_ptr_id);


--
-- Name: participants_institution participants_institution_pkey; Type: CONSTRAINT; Schema: public; Owner: tabbycat
--

ALTER TABLE ONLY public.participants_institution
    ADD CONSTRAINT participants_institution_pkey PRIMARY KEY (id);


--
-- Name: participants_person participants_person_pkey; Type: CONSTRAINT; Schema: public; Owner: tabbycat
--

ALTER TABLE ONLY public.participants_person
    ADD CONSTRAINT participants_person_pkey PRIMARY KEY (id);


--
-- Name: participants_person participants_person_url_key__key; Type: CONSTRAINT; Schema: public; Owner: tabbycat
--

ALTER TABLE ONLY public.participants_person
    ADD CONSTRAINT participants_person_url_key__key UNIQUE (url_key);


--
-- Name: participants_region participants_region_pkey; Type: CONSTRAINT; Schema: public; Owner: tabbycat
--

ALTER TABLE ONLY public.participants_region
    ADD CONSTRAINT participants_region_pkey PRIMARY KEY (id);


--
-- Name: participants_speaker_categories participants_speaker_cat_speaker_id_speakercatego_45de72d4_uniq; Type: CONSTRAINT; Schema: public; Owner: tabbycat
--

ALTER TABLE ONLY public.participants_speaker_categories
    ADD CONSTRAINT participants_speaker_cat_speaker_id_speakercatego_45de72d4_uniq UNIQUE (speaker_id, speakercategory_id);


--
-- Name: participants_speaker_categories participants_speaker_categories_pkey; Type: CONSTRAINT; Schema: public; Owner: tabbycat
--

ALTER TABLE ONLY public.participants_speaker_categories
    ADD CONSTRAINT participants_speaker_categories_pkey PRIMARY KEY (id);


--
-- Name: participants_speaker participants_speaker_pkey; Type: CONSTRAINT; Schema: public; Owner: tabbycat
--

ALTER TABLE ONLY public.participants_speaker
    ADD CONSTRAINT participants_speaker_pkey PRIMARY KEY (person_ptr_id);


--
-- Name: participants_speakercategory participants_speakercategory_pkey; Type: CONSTRAINT; Schema: public; Owner: tabbycat
--

ALTER TABLE ONLY public.participants_speakercategory
    ADD CONSTRAINT participants_speakercategory_pkey PRIMARY KEY (id);


--
-- Name: participants_team_break_categories participants_team_break__team_id_breakcategory_id_59673efa_uniq; Type: CONSTRAINT; Schema: public; Owner: tabbycat
--

ALTER TABLE ONLY public.participants_team_break_categories
    ADD CONSTRAINT participants_team_break__team_id_breakcategory_id_59673efa_uniq UNIQUE (team_id, breakcategory_id);


--
-- Name: participants_team_break_categories participants_team_break_categories_pkey; Type: CONSTRAINT; Schema: public; Owner: tabbycat
--

ALTER TABLE ONLY public.participants_team_break_categories
    ADD CONSTRAINT participants_team_break_categories_pkey PRIMARY KEY (id);


--
-- Name: participants_team participants_team_pkey; Type: CONSTRAINT; Schema: public; Owner: tabbycat
--

ALTER TABLE ONLY public.participants_team
    ADD CONSTRAINT participants_team_pkey PRIMARY KEY (id);


--
-- Name: participants_tournamentinstitution participants_tournamentinstitution_pkey; Type: CONSTRAINT; Schema: public; Owner: tabbycat
--

ALTER TABLE ONLY public.participants_tournamentinstitution
    ADD CONSTRAINT participants_tournamentinstitution_pkey PRIMARY KEY (id);


--
-- Name: push_notifications_apnsdevice push_notifications_apnsdevice_pkey; Type: CONSTRAINT; Schema: public; Owner: tabbycat
--

ALTER TABLE ONLY public.push_notifications_apnsdevice
    ADD CONSTRAINT push_notifications_apnsdevice_pkey PRIMARY KEY (id);


--
-- Name: push_notifications_gcmdevice push_notifications_gcmdevice_pkey; Type: CONSTRAINT; Schema: public; Owner: tabbycat
--

ALTER TABLE ONLY public.push_notifications_gcmdevice
    ADD CONSTRAINT push_notifications_gcmdevice_pkey PRIMARY KEY (id);


--
-- Name: push_notifications_webpushdevice push_notifications_webpushdevice_pkey; Type: CONSTRAINT; Schema: public; Owner: tabbycat
--

ALTER TABLE ONLY public.push_notifications_webpushdevice
    ADD CONSTRAINT push_notifications_webpushdevice_pkey PRIMARY KEY (id);


--
-- Name: push_notifications_wnsdevice push_notifications_wnsdevice_pkey; Type: CONSTRAINT; Schema: public; Owner: tabbycat
--

ALTER TABLE ONLY public.push_notifications_wnsdevice
    ADD CONSTRAINT push_notifications_wnsdevice_pkey PRIMARY KEY (id);


--
-- Name: registration_answer registr_answer_question__content_type__object_id_uniq; Type: CONSTRAINT; Schema: public; Owner: tabbycat
--

ALTER TABLE ONLY public.registration_answer
    ADD CONSTRAINT registr_answer_question__content_type__object_id_uniq UNIQUE (question_id, content_type_id, object_id);


--
-- Name: registration_invitation registr_invitation_tournament__url_key_uniq; Type: CONSTRAINT; Schema: public; Owner: tabbycat
--

ALTER TABLE ONLY public.registration_invitation
    ADD CONSTRAINT registr_invitation_tournament__url_key_uniq UNIQUE (tournament_id, url_key);


--
-- Name: registration_question registr_question_tournament__for_content_type__seq_uniq; Type: CONSTRAINT; Schema: public; Owner: tabbycat
--

ALTER TABLE ONLY public.registration_question
    ADD CONSTRAINT registr_question_tournament__for_content_type__seq_uniq UNIQUE (tournament_id, for_content_type_id, seq);


--
-- Name: registration_invitation registration_invitation_pkey; Type: CONSTRAINT; Schema: public; Owner: tabbycat
--

ALTER TABLE ONLY public.registration_invitation
    ADD CONSTRAINT registration_invitation_pkey PRIMARY KEY (id);


--
-- Name: results_ballotsubmission results_ballotsubmission_debate__version_uniq; Type: CONSTRAINT; Schema: public; Owner: tabbycat
--

ALTER TABLE ONLY public.results_ballotsubmission
    ADD CONSTRAINT results_ballotsubmission_debate__version_uniq UNIQUE (debate_id, version);


--
-- Name: results_ballotsubmission results_ballotsubmission_pkey; Type: CONSTRAINT; Schema: public; Owner: tabbycat
--

ALTER TABLE ONLY public.results_ballotsubmission
    ADD CONSTRAINT results_ballotsubmission_pkey PRIMARY KEY (id);


--
-- Name: results_scorecriterion results_scorecriterion_pkey; Type: CONSTRAINT; Schema: public; Owner: tabbycat
--

ALTER TABLE ONLY public.results_scorecriterion
    ADD CONSTRAINT results_scorecriterion_pkey PRIMARY KEY (id);


--
-- Name: results_scorecriterion results_scorecriterion_tournament__seq_uniq; Type: CONSTRAINT; Schema: public; Owner: tabbycat
--

ALTER TABLE ONLY public.results_scorecriterion
    ADD CONSTRAINT results_scorecriterion_tournament__seq_uniq UNIQUE (tournament_id, seq);


--
-- Name: results_speakercriterionscore results_speakercriterionscore_pkey; Type: CONSTRAINT; Schema: public; Owner: tabbycat
--

ALTER TABLE ONLY public.results_speakercriterionscore
    ADD CONSTRAINT results_speakercriterionscore_pkey PRIMARY KEY (id);


--
-- Name: results_speakercriterionscore results_speakercriterionscore_speaker_score__criterion_uniq; Type: CONSTRAINT; Schema: public; Owner: tabbycat
--

ALTER TABLE ONLY public.results_speakercriterionscore
    ADD CONSTRAINT results_speakercriterionscore_speaker_score__criterion_uniq UNIQUE (speaker_score_id, criterion_id);


--
-- Name: results_speakercriterionscorebyadj results_speakercriterionscorebyadj_pkey; Type: CONSTRAINT; Schema: public; Owner: tabbycat
--

ALTER TABLE ONLY public.results_speakercriterionscorebyadj
    ADD CONSTRAINT results_speakercriterionscorebyadj_pkey PRIMARY KEY (id);


--
-- Name: results_speakercriterionscorebyadj results_speakercriterionscorebyadj_speaker_score_by_adj__criter; Type: CONSTRAINT; Schema: public; Owner: tabbycat
--

ALTER TABLE ONLY public.results_speakercriterionscorebyadj
    ADD CONSTRAINT results_speakercriterionscorebyadj_speaker_score_by_adj__criter UNIQUE (speaker_score_by_adj_id, criterion_id);


--
-- Name: results_speakerscore results_speakerscore_debate_team__position__ballot_submission_u; Type: CONSTRAINT; Schema: public; Owner: tabbycat
--

ALTER TABLE ONLY public.results_speakerscore
    ADD CONSTRAINT results_speakerscore_debate_team__position__ballot_submission_u UNIQUE (debate_team_id, "position", ballot_submission_id);


--
-- Name: results_speakerscore results_speakerscore_pkey; Type: CONSTRAINT; Schema: public; Owner: tabbycat
--

ALTER TABLE ONLY public.results_speakerscore
    ADD CONSTRAINT results_speakerscore_pkey PRIMARY KEY (id);


--
-- Name: results_speakerscorebyadj results_speakerscorebyadj_debate_adjudicator__debate_team__posi; Type: CONSTRAINT; Schema: public; Owner: tabbycat
--

ALTER TABLE ONLY public.results_speakerscorebyadj
    ADD CONSTRAINT results_speakerscorebyadj_debate_adjudicator__debate_team__posi UNIQUE (debate_adjudicator_id, debate_team_id, "position", ballot_submission_id);


--
-- Name: results_speakerscorebyadj results_speakerscorebyadj_pkey; Type: CONSTRAINT; Schema: public; Owner: tabbycat
--

ALTER TABLE ONLY public.results_speakerscorebyadj
    ADD CONSTRAINT results_speakerscorebyadj_pkey PRIMARY KEY (id);


--
-- Name: results_teamscore results_teamscore_debate_team__ballot_submission_uniq; Type: CONSTRAINT; Schema: public; Owner: tabbycat
--

ALTER TABLE ONLY public.results_teamscore
    ADD CONSTRAINT results_teamscore_debate_team__ballot_submission_uniq UNIQUE (debate_team_id, ballot_submission_id);


--
-- Name: results_teamscore results_teamscore_pkey; Type: CONSTRAINT; Schema: public; Owner: tabbycat
--

ALTER TABLE ONLY public.results_teamscore
    ADD CONSTRAINT results_teamscore_pkey PRIMARY KEY (id);


--
-- Name: results_teamscorebyadj results_teamscorebyadj_debate_adjudicator__debate_team__ballot_; Type: CONSTRAINT; Schema: public; Owner: tabbycat
--

ALTER TABLE ONLY public.results_teamscorebyadj
    ADD CONSTRAINT results_teamscorebyadj_debate_adjudicator__debate_team__ballot_ UNIQUE (debate_adjudicator_id, debate_team_id, ballot_submission_id);


--
-- Name: results_teamscorebyadj results_teamscorebyadj_pkey; Type: CONSTRAINT; Schema: public; Owner: tabbycat
--

ALTER TABLE ONLY public.results_teamscorebyadj
    ADD CONSTRAINT results_teamscorebyadj_pkey PRIMARY KEY (id);


--
-- Name: tournaments_round tournam_round_tournament__seq_uniq; Type: CONSTRAINT; Schema: public; Owner: tabbycat
--

ALTER TABLE ONLY public.tournaments_round
    ADD CONSTRAINT tournam_round_tournament__seq_uniq UNIQUE (tournament_id, seq);


--
-- Name: tournaments_round tournaments_round_pkey; Type: CONSTRAINT; Schema: public; Owner: tabbycat
--

ALTER TABLE ONLY public.tournaments_round
    ADD CONSTRAINT tournaments_round_pkey PRIMARY KEY (id);


--
-- Name: tournaments_scheduleevent tournaments_scheduleevent_pkey; Type: CONSTRAINT; Schema: public; Owner: tabbycat
--

ALTER TABLE ONLY public.tournaments_scheduleevent
    ADD CONSTRAINT tournaments_scheduleevent_pkey PRIMARY KEY (id);


--
-- Name: tournaments_tournament tournaments_tournament_pkey; Type: CONSTRAINT; Schema: public; Owner: tabbycat
--

ALTER TABLE ONLY public.tournaments_tournament
    ADD CONSTRAINT tournaments_tournament_pkey PRIMARY KEY (id);


--
-- Name: tournaments_tournament tournaments_tournament_slug_key; Type: CONSTRAINT; Schema: public; Owner: tabbycat
--

ALTER TABLE ONLY public.tournaments_tournament
    ADD CONSTRAINT tournaments_tournament_slug_key UNIQUE (slug);


--
-- Name: users_group users_group_name__tournament_uniq; Type: CONSTRAINT; Schema: public; Owner: tabbycat
--

ALTER TABLE ONLY public.users_group
    ADD CONSTRAINT users_group_name__tournament_uniq UNIQUE (name, tournament_id);


--
-- Name: users_group users_group_pkey; Type: CONSTRAINT; Schema: public; Owner: tabbycat
--

ALTER TABLE ONLY public.users_group
    ADD CONSTRAINT users_group_pkey PRIMARY KEY (id);


--
-- Name: users_membership users_membership_pkey; Type: CONSTRAINT; Schema: public; Owner: tabbycat
--

ALTER TABLE ONLY public.users_membership
    ADD CONSTRAINT users_membership_pkey PRIMARY KEY (id);


--
-- Name: users_membership users_membership_user__group_uniq; Type: CONSTRAINT; Schema: public; Owner: tabbycat
--

ALTER TABLE ONLY public.users_membership
    ADD CONSTRAINT users_membership_user__group_uniq UNIQUE (user_id, group_id);


--
-- Name: users_userpermission users_userpermission_pkey; Type: CONSTRAINT; Schema: public; Owner: tabbycat
--

ALTER TABLE ONLY public.users_userpermission
    ADD CONSTRAINT users_userpermission_pkey PRIMARY KEY (id);


--
-- Name: users_userpermission users_userpermission_user__permission__tournament_uniq; Type: CONSTRAINT; Schema: public; Owner: tabbycat
--

ALTER TABLE ONLY public.users_userpermission
    ADD CONSTRAINT users_userpermission_user__permission__tournament_uniq UNIQUE (user_id, permission, tournament_id);


--
-- Name: venues_venue venues_venue_pkey; Type: CONSTRAINT; Schema: public; Owner: tabbycat
--

ALTER TABLE ONLY public.venues_venue
    ADD CONSTRAINT venues_venue_pkey PRIMARY KEY (id);


--
-- Name: venues_venuecategory venues_venuecategory_pkey; Type: CONSTRAINT; Schema: public; Owner: tabbycat
--

ALTER TABLE ONLY public.venues_venuecategory
    ADD CONSTRAINT venues_venuecategory_pkey PRIMARY KEY (id);


--
-- Name: venues_venuecategory_venues venues_venuecategory_ven_venuecategory_id_venue_i_b16565e0_uniq; Type: CONSTRAINT; Schema: public; Owner: tabbycat
--

ALTER TABLE ONLY public.venues_venuecategory_venues
    ADD CONSTRAINT venues_venuecategory_ven_venuecategory_id_venue_i_b16565e0_uniq UNIQUE (venuecategory_id, venue_id);


--
-- Name: venues_venuecategory_venues venues_venuecategory_venues_pkey; Type: CONSTRAINT; Schema: public; Owner: tabbycat
--

ALTER TABLE ONLY public.venues_venuecategory_venues
    ADD CONSTRAINT venues_venuecategory_venues_pkey PRIMARY KEY (id);


--
-- Name: venues_venueconstraint venues_venueconstraint_pkey; Type: CONSTRAINT; Schema: public; Owner: tabbycat
--

ALTER TABLE ONLY public.venues_venueconstraint
    ADD CONSTRAINT venues_venueconstraint_pkey PRIMARY KEY (id);


--
-- Name: actionlog_actionlogentry_content_type_id_6c72304b; Type: INDEX; Schema: public; Owner: tabbycat
--

CREATE INDEX actionlog_actionlogentry_content_type_id_6c72304b ON public.actionlog_actionlogentry USING btree (content_type_id);


--
-- Name: actionlog_actionlogentry_round_id_7ed7764b; Type: INDEX; Schema: public; Owner: tabbycat
--

CREATE INDEX actionlog_actionlogentry_round_id_7ed7764b ON public.actionlog_actionlogentry USING btree (round_id);


--
-- Name: actionlog_actionlogentry_timestamp_79bb57fd; Type: INDEX; Schema: public; Owner: tabbycat
--

CREATE INDEX actionlog_actionlogentry_timestamp_79bb57fd ON public.actionlog_actionlogentry USING btree ("timestamp");


--
-- Name: actionlog_actionlogentry_tournament_id_e802a3c2; Type: INDEX; Schema: public; Owner: tabbycat
--

CREATE INDEX actionlog_actionlogentry_tournament_id_e802a3c2 ON public.actionlog_actionlogentry USING btree (tournament_id);


--
-- Name: actionlog_actionlogentry_user_id_dff16eb8; Type: INDEX; Schema: public; Owner: tabbycat
--

CREATE INDEX actionlog_actionlogentry_user_id_dff16eb8 ON public.actionlog_actionlogentry USING btree (user_id);


--
-- Name: adjallocation_adjudicatora_adjudicator_id_69e173a7; Type: INDEX; Schema: public; Owner: tabbycat
--

CREATE INDEX adjallocation_adjudicatora_adjudicator_id_69e173a7 ON public.adjallocation_adjudicatoradjudicatorconflict USING btree (adjudicator1_id);


--
-- Name: adjallocation_adjudicatora_conflict_adjudicator_id_76d8f45c; Type: INDEX; Schema: public; Owner: tabbycat
--

CREATE INDEX adjallocation_adjudicatora_conflict_adjudicator_id_76d8f45c ON public.adjallocation_adjudicatoradjudicatorconflict USING btree (adjudicator2_id);


--
-- Name: adjallocation_adjudicatorconflict_adjudicator_id_05a77436; Type: INDEX; Schema: public; Owner: tabbycat
--

CREATE INDEX adjallocation_adjudicatorconflict_adjudicator_id_05a77436 ON public.adjallocation_adjudicatorteamconflict USING btree (adjudicator_id);


--
-- Name: adjallocation_adjudicatorconflict_team_id_5bcf5f0b; Type: INDEX; Schema: public; Owner: tabbycat
--

CREATE INDEX adjallocation_adjudicatorconflict_team_id_5bcf5f0b ON public.adjallocation_adjudicatorteamconflict USING btree (team_id);


--
-- Name: adjallocation_adjudicatori_adjudicator_id_38bec80b; Type: INDEX; Schema: public; Owner: tabbycat
--

CREATE INDEX adjallocation_adjudicatori_adjudicator_id_38bec80b ON public.adjallocation_adjudicatorinstitutionconflict USING btree (adjudicator_id);


--
-- Name: adjallocation_adjudicatori_institution_id_3802905b; Type: INDEX; Schema: public; Owner: tabbycat
--

CREATE INDEX adjallocation_adjudicatori_institution_id_3802905b ON public.adjallocation_adjudicatorinstitutionconflict USING btree (institution_id);


--
-- Name: adjallocation_debateadjudicator_adjudicator_id_c2ff8638; Type: INDEX; Schema: public; Owner: tabbycat
--

CREATE INDEX adjallocation_debateadjudicator_adjudicator_id_c2ff8638 ON public.adjallocation_debateadjudicator USING btree (adjudicator_id);


--
-- Name: adjallocation_debateadjudicator_debate_id_564b43ed; Type: INDEX; Schema: public; Owner: tabbycat
--

CREATE INDEX adjallocation_debateadjudicator_debate_id_564b43ed ON public.adjallocation_debateadjudicator USING btree (debate_id);


--
-- Name: adjallocation_preformedpanel_round_id_f8060c91; Type: INDEX; Schema: public; Owner: tabbycat
--

CREATE INDEX adjallocation_preformedpanel_round_id_f8060c91 ON public.adjallocation_preformedpanel USING btree (round_id);


--
-- Name: adjallocation_preformedpaneladjudicator_adjudicator_id_61382308; Type: INDEX; Schema: public; Owner: tabbycat
--

CREATE INDEX adjallocation_preformedpaneladjudicator_adjudicator_id_61382308 ON public.adjallocation_preformedpaneladjudicator USING btree (adjudicator_id);


--
-- Name: adjallocation_preformedpaneladjudicator_panel_id_d03890b0; Type: INDEX; Schema: public; Owner: tabbycat
--

CREATE INDEX adjallocation_preformedpaneladjudicator_panel_id_d03890b0 ON public.adjallocation_preformedpaneladjudicator USING btree (panel_id);


--
-- Name: adjallocation_teaminstitutionconflict_institution_id_e17e4936; Type: INDEX; Schema: public; Owner: tabbycat
--

CREATE INDEX adjallocation_teaminstitutionconflict_institution_id_e17e4936 ON public.adjallocation_teaminstitutionconflict USING btree (institution_id);


--
-- Name: adjallocation_teaminstitutionconflict_team_id_e57db505; Type: INDEX; Schema: public; Owner: tabbycat
--

CREATE INDEX adjallocation_teaminstitutionconflict_team_id_e57db505 ON public.adjallocation_teaminstitutionconflict USING btree (team_id);


--
-- Name: adjfeedback_adjudicatorfee_content_type_id_57071057; Type: INDEX; Schema: public; Owner: tabbycat
--

CREATE INDEX adjfeedback_adjudicatorfee_content_type_id_57071057 ON public.registration_answer USING btree (content_type_id);


--
-- Name: adjfeedback_adjudicatorfee_participant_submitter_id_aa7f0343; Type: INDEX; Schema: public; Owner: tabbycat
--

CREATE INDEX adjfeedback_adjudicatorfee_participant_submitter_id_aa7f0343 ON public.adjfeedback_adjudicatorfeedback USING btree (participant_submitter_id);


--
-- Name: adjfeedback_adjudicatorfee_question_id_bba7e9e4; Type: INDEX; Schema: public; Owner: tabbycat
--

CREATE INDEX adjfeedback_adjudicatorfee_question_id_bba7e9e4 ON public.registration_answer USING btree (question_id);


--
-- Name: adjfeedback_adjudicatorfeedback_adjudicator_id_6fea30b1; Type: INDEX; Schema: public; Owner: tabbycat
--

CREATE INDEX adjfeedback_adjudicatorfeedback_adjudicator_id_6fea30b1 ON public.adjfeedback_adjudicatorfeedback USING btree (adjudicator_id);


--
-- Name: adjfeedback_adjudicatorfeedback_confirmer_id_f1c946b3; Type: INDEX; Schema: public; Owner: tabbycat
--

CREATE INDEX adjfeedback_adjudicatorfeedback_confirmer_id_f1c946b3 ON public.adjfeedback_adjudicatorfeedback USING btree (confirmer_id);


--
-- Name: adjfeedback_adjudicatorfeedback_source_adjudicator_id_36896ca8; Type: INDEX; Schema: public; Owner: tabbycat
--

CREATE INDEX adjfeedback_adjudicatorfeedback_source_adjudicator_id_36896ca8 ON public.adjfeedback_adjudicatorfeedback USING btree (source_adjudicator_id);


--
-- Name: adjfeedback_adjudicatorfeedback_source_team_id_a6e4c150; Type: INDEX; Schema: public; Owner: tabbycat
--

CREATE INDEX adjfeedback_adjudicatorfeedback_source_team_id_a6e4c150 ON public.adjfeedback_adjudicatorfeedback USING btree (source_team_id);


--
-- Name: adjfeedback_adjudicatorfeedback_submitter_id_ca723d1d; Type: INDEX; Schema: public; Owner: tabbycat
--

CREATE INDEX adjfeedback_adjudicatorfeedback_submitter_id_ca723d1d ON public.adjfeedback_adjudicatorfeedback USING btree (submitter_id);


--
-- Name: adjfeedback_adjudicatorfeedbackquestion_reference_6cb0fd60; Type: INDEX; Schema: public; Owner: tabbycat
--

CREATE INDEX adjfeedback_adjudicatorfeedbackquestion_reference_6cb0fd60 ON public.adjfeedback_adjudicatorfeedbackquestion USING btree (reference);


--
-- Name: adjfeedback_adjudicatorfeedbackquestion_reference_6cb0fd60_like; Type: INDEX; Schema: public; Owner: tabbycat
--

CREATE INDEX adjfeedback_adjudicatorfeedbackquestion_reference_6cb0fd60_like ON public.adjfeedback_adjudicatorfeedbackquestion USING btree (reference varchar_pattern_ops);


--
-- Name: adjfeedback_adjudicatortestscorehistory_adjudicator_id_e065a9bd; Type: INDEX; Schema: public; Owner: tabbycat
--

CREATE INDEX adjfeedback_adjudicatortestscorehistory_adjudicator_id_e065a9bd ON public.adjfeedback_adjudicatorbasescorehistory USING btree (adjudicator_id);


--
-- Name: adjfeedback_adjudicatortestscorehistory_round_id_791583c9; Type: INDEX; Schema: public; Owner: tabbycat
--

CREATE INDEX adjfeedback_adjudicatortestscorehistory_round_id_791583c9 ON public.adjfeedback_adjudicatorbasescorehistory USING btree (round_id);


--
-- Name: adjfeedback_question_for_content_type_id_e658bdaa; Type: INDEX; Schema: public; Owner: tabbycat
--

CREATE INDEX adjfeedback_question_for_content_type_id_e658bdaa ON public.registration_question USING btree (for_content_type_id);


--
-- Name: adjfeedback_question_tournament_id_be63a2e9; Type: INDEX; Schema: public; Owner: tabbycat
--

CREATE INDEX adjfeedback_question_tournament_id_be63a2e9 ON public.registration_question USING btree (tournament_id);


--
-- Name: auth_group_name_a6ea08ec_like; Type: INDEX; Schema: public; Owner: tabbycat
--

CREATE INDEX auth_group_name_a6ea08ec_like ON public.auth_group USING btree (name varchar_pattern_ops);


--
-- Name: auth_group_permissions_group_id_b120cbf9; Type: INDEX; Schema: public; Owner: tabbycat
--

CREATE INDEX auth_group_permissions_group_id_b120cbf9 ON public.auth_group_permissions USING btree (group_id);


--
-- Name: auth_group_permissions_permission_id_84c5c92e; Type: INDEX; Schema: public; Owner: tabbycat
--

CREATE INDEX auth_group_permissions_permission_id_84c5c92e ON public.auth_group_permissions USING btree (permission_id);


--
-- Name: auth_permission_content_type_id_2f476e4b; Type: INDEX; Schema: public; Owner: tabbycat
--

CREATE INDEX auth_permission_content_type_id_2f476e4b ON public.auth_permission USING btree (content_type_id);


--
-- Name: auth_user_groups_group_id_97559544; Type: INDEX; Schema: public; Owner: tabbycat
--

CREATE INDEX auth_user_groups_group_id_97559544 ON public.auth_user_groups USING btree (group_id);


--
-- Name: auth_user_groups_user_id_6a12ed8b; Type: INDEX; Schema: public; Owner: tabbycat
--

CREATE INDEX auth_user_groups_user_id_6a12ed8b ON public.auth_user_groups USING btree (user_id);


--
-- Name: auth_user_user_permissions_permission_id_1fbb5f2c; Type: INDEX; Schema: public; Owner: tabbycat
--

CREATE INDEX auth_user_user_permissions_permission_id_1fbb5f2c ON public.auth_user_user_permissions USING btree (permission_id);


--
-- Name: auth_user_user_permissions_user_id_a95ead1b; Type: INDEX; Schema: public; Owner: tabbycat
--

CREATE INDEX auth_user_user_permissions_user_id_a95ead1b ON public.auth_user_user_permissions USING btree (user_id);


--
-- Name: auth_user_username_6821ab7c_like; Type: INDEX; Schema: public; Owner: tabbycat
--

CREATE INDEX auth_user_username_6821ab7c_like ON public.auth_user USING btree (username varchar_pattern_ops);


--
-- Name: authtoken_token_key_10f0b77e_like; Type: INDEX; Schema: public; Owner: tabbycat
--

CREATE INDEX authtoken_token_key_10f0b77e_like ON public.authtoken_token USING btree (key varchar_pattern_ops);


--
-- Name: availability_roundavailability_content_type_id_716994d9; Type: INDEX; Schema: public; Owner: tabbycat
--

CREATE INDEX availability_roundavailability_content_type_id_716994d9 ON public.availability_roundavailability USING btree (content_type_id);


--
-- Name: availability_roundavailability_round_id_6d064106; Type: INDEX; Schema: public; Owner: tabbycat
--

CREATE INDEX availability_roundavailability_round_id_6d064106 ON public.availability_roundavailability USING btree (round_id);


--
-- Name: breakqual_breakcategory_slug_212c4e13; Type: INDEX; Schema: public; Owner: tabbycat
--

CREATE INDEX breakqual_breakcategory_slug_212c4e13 ON public.breakqual_breakcategory USING btree (slug);


--
-- Name: breakqual_breakcategory_slug_212c4e13_like; Type: INDEX; Schema: public; Owner: tabbycat
--

CREATE INDEX breakqual_breakcategory_slug_212c4e13_like ON public.breakqual_breakcategory USING btree (slug varchar_pattern_ops);


--
-- Name: breakqual_breakcategory_tournament_id_c038a305; Type: INDEX; Schema: public; Owner: tabbycat
--

CREATE INDEX breakqual_breakcategory_tournament_id_c038a305 ON public.breakqual_breakcategory USING btree (tournament_id);


--
-- Name: breakqual_breakingteam_break_category_id_ab3eeda7; Type: INDEX; Schema: public; Owner: tabbycat
--

CREATE INDEX breakqual_breakingteam_break_category_id_ab3eeda7 ON public.breakqual_breakingteam USING btree (break_category_id);


--
-- Name: breakqual_breakingteam_team_id_0f455073; Type: INDEX; Schema: public; Owner: tabbycat
--

CREATE INDEX breakqual_breakingteam_team_id_0f455073 ON public.breakqual_breakingteam USING btree (team_id);


--
-- Name: checkins_event_identifier_id_1a6eddc7; Type: INDEX; Schema: public; Owner: tabbycat
--

CREATE INDEX checkins_event_identifier_id_1a6eddc7 ON public.checkins_event USING btree (identifier_id);


--
-- Name: checkins_event_time_ccbea31f; Type: INDEX; Schema: public; Owner: tabbycat
--

CREATE INDEX checkins_event_time_ccbea31f ON public.checkins_event USING btree ("time");


--
-- Name: checkins_event_tournament_id_b75bcf4b; Type: INDEX; Schema: public; Owner: tabbycat
--

CREATE INDEX checkins_event_tournament_id_b75bcf4b ON public.checkins_event USING btree (tournament_id);


--
-- Name: checkins_identifier_barcode_2f195c88_like; Type: INDEX; Schema: public; Owner: tabbycat
--

CREATE INDEX checkins_identifier_barcode_2f195c88_like ON public.checkins_identifier USING btree (barcode varchar_pattern_ops);


--
-- Name: checkins_identifier_polymorphic_ctype_id_11c4449e; Type: INDEX; Schema: public; Owner: tabbycat
--

CREATE INDEX checkins_identifier_polymorphic_ctype_id_11c4449e ON public.checkins_identifier USING btree (polymorphic_ctype_id);


--
-- Name: django_admin_log_content_type_id_c4bce8eb; Type: INDEX; Schema: public; Owner: tabbycat
--

CREATE INDEX django_admin_log_content_type_id_c4bce8eb ON public.django_admin_log USING btree (content_type_id);


--
-- Name: django_admin_log_user_id_c564eba6; Type: INDEX; Schema: public; Owner: tabbycat
--

CREATE INDEX django_admin_log_user_id_c564eba6 ON public.django_admin_log USING btree (user_id);


--
-- Name: django_session_expire_date_a5c62663; Type: INDEX; Schema: public; Owner: tabbycat
--

CREATE INDEX django_session_expire_date_a5c62663 ON public.django_session USING btree (expire_date);


--
-- Name: django_session_session_key_c0390e0f_like; Type: INDEX; Schema: public; Owner: tabbycat
--

CREATE INDEX django_session_session_key_c0390e0f_like ON public.django_session USING btree (session_key varchar_pattern_ops);


--
-- Name: draw_debate_round_id_c1191438; Type: INDEX; Schema: public; Owner: tabbycat
--

CREATE INDEX draw_debate_round_id_c1191438 ON public.draw_debate USING btree (round_id);


--
-- Name: draw_debate_venue_id_7de8ead0; Type: INDEX; Schema: public; Owner: tabbycat
--

CREATE INDEX draw_debate_venue_id_7de8ead0 ON public.draw_debate USING btree (venue_id);


--
-- Name: draw_debateteam_debate_id_e059af35; Type: INDEX; Schema: public; Owner: tabbycat
--

CREATE INDEX draw_debateteam_debate_id_e059af35 ON public.draw_debateteam USING btree (debate_id);


--
-- Name: draw_debateteam_team_id_e09dde9f; Type: INDEX; Schema: public; Owner: tabbycat
--

CREATE INDEX draw_debateteam_team_id_e09dde9f ON public.draw_debateteam USING btree (team_id);


--
-- Name: draw_teamsideallocation_round_id_f532d78d; Type: INDEX; Schema: public; Owner: tabbycat
--

CREATE INDEX draw_teamsideallocation_round_id_f532d78d ON public.draw_teamsideallocation USING btree (round_id);


--
-- Name: draw_teamsideallocation_team_id_64d6bbc0; Type: INDEX; Schema: public; Owner: tabbycat
--

CREATE INDEX draw_teamsideallocation_team_id_64d6bbc0 ON public.draw_teamsideallocation USING btree (team_id);


--
-- Name: dynamic_preferences_globalpreferencemodel_name_033debe0; Type: INDEX; Schema: public; Owner: tabbycat
--

CREATE INDEX dynamic_preferences_globalpreferencemodel_name_033debe0 ON public.dynamic_preferences_globalpreferencemodel USING btree (name);


--
-- Name: dynamic_preferences_globalpreferencemodel_name_033debe0_like; Type: INDEX; Schema: public; Owner: tabbycat
--

CREATE INDEX dynamic_preferences_globalpreferencemodel_name_033debe0_like ON public.dynamic_preferences_globalpreferencemodel USING btree (name varchar_pattern_ops);


--
-- Name: dynamic_preferences_globalpreferencemodel_section_c1ee9cc3; Type: INDEX; Schema: public; Owner: tabbycat
--

CREATE INDEX dynamic_preferences_globalpreferencemodel_section_c1ee9cc3 ON public.dynamic_preferences_globalpreferencemodel USING btree (section);


--
-- Name: dynamic_preferences_globalpreferencemodel_section_c1ee9cc3_like; Type: INDEX; Schema: public; Owner: tabbycat
--

CREATE INDEX dynamic_preferences_globalpreferencemodel_section_c1ee9cc3_like ON public.dynamic_preferences_globalpreferencemodel USING btree (section varchar_pattern_ops);


--
-- Name: jet_bookmark_user_id_8efdc332; Type: INDEX; Schema: public; Owner: tabbycat
--

CREATE INDEX jet_bookmark_user_id_8efdc332 ON public.jet_bookmark USING btree (user_id);


--
-- Name: jet_pinnedapplication_user_id_7765bcf9; Type: INDEX; Schema: public; Owner: tabbycat
--

CREATE INDEX jet_pinnedapplication_user_id_7765bcf9 ON public.jet_pinnedapplication USING btree (user_id);


--
-- Name: motions_debateteammotionpr_ballot_submission_id_49a0774c; Type: INDEX; Schema: public; Owner: tabbycat
--

CREATE INDEX motions_debateteammotionpr_ballot_submission_id_49a0774c ON public.motions_debateteammotionpreference USING btree (ballot_submission_id);


--
-- Name: motions_debateteammotionpreference_debate_team_id_acfce93d; Type: INDEX; Schema: public; Owner: tabbycat
--

CREATE INDEX motions_debateteammotionpreference_debate_team_id_acfce93d ON public.motions_debateteammotionpreference USING btree (debate_team_id);


--
-- Name: motions_debateteammotionpreference_motion_id_47089aa9; Type: INDEX; Schema: public; Owner: tabbycat
--

CREATE INDEX motions_debateteammotionpreference_motion_id_47089aa9 ON public.motions_debateteammotionpreference USING btree (motion_id);


--
-- Name: motions_debateteammotionpreference_preference_84e40ea8; Type: INDEX; Schema: public; Owner: tabbycat
--

CREATE INDEX motions_debateteammotionpreference_preference_84e40ea8 ON public.motions_debateteammotionpreference USING btree (preference);


--
-- Name: motions_motion_tournament_id_77c2a78d; Type: INDEX; Schema: public; Owner: tabbycat
--

CREATE INDEX motions_motion_tournament_id_77c2a78d ON public.motions_motion USING btree (tournament_id);


--
-- Name: motions_roundmotion_motion_id_3635b38b; Type: INDEX; Schema: public; Owner: tabbycat
--

CREATE INDEX motions_roundmotion_motion_id_3635b38b ON public.motions_roundmotion USING btree (motion_id);


--
-- Name: motions_roundmotion_round_id_9639b179; Type: INDEX; Schema: public; Owner: tabbycat
--

CREATE INDEX motions_roundmotion_round_id_9639b179 ON public.motions_roundmotion USING btree (round_id);


--
-- Name: notifications_bulknotification_round_id_a7b8a1b3; Type: INDEX; Schema: public; Owner: tabbycat
--

CREATE INDEX notifications_bulknotification_round_id_a7b8a1b3 ON public.notifications_bulknotification USING btree (round_id);


--
-- Name: notifications_bulknotification_tournament_id_da2149d7; Type: INDEX; Schema: public; Owner: tabbycat
--

CREATE INDEX notifications_bulknotification_tournament_id_da2149d7 ON public.notifications_bulknotification USING btree (tournament_id);


--
-- Name: notifications_emailstatus_email_id_daefb152; Type: INDEX; Schema: public; Owner: tabbycat
--

CREATE INDEX notifications_emailstatus_email_id_daefb152 ON public.notifications_emailstatus USING btree (email_id);


--
-- Name: notifications_messagesentrecord_recepient_id_9cfbb4c7; Type: INDEX; Schema: public; Owner: tabbycat
--

CREATE INDEX notifications_messagesentrecord_recepient_id_9cfbb4c7 ON public.notifications_sentmessage USING btree (recipient_id);


--
-- Name: notifications_participantwebpushdevice_participant_id_9989855e; Type: INDEX; Schema: public; Owner: tabbycat
--

CREATE INDEX notifications_participantwebpushdevice_participant_id_9989855e ON public.notifications_participantwebpushdevice USING btree (participant_id);


--
-- Name: notifications_participantwebpushdevice_tournament_id_b80d3803; Type: INDEX; Schema: public; Owner: tabbycat
--

CREATE INDEX notifications_participantwebpushdevice_tournament_id_b80d3803 ON public.notifications_participantwebpushdevice USING btree (tournament_id);


--
-- Name: notifications_sentmessagerecord_hook_id_6770bcff_like; Type: INDEX; Schema: public; Owner: tabbycat
--

CREATE INDEX notifications_sentmessagerecord_hook_id_6770bcff_like ON public.notifications_sentmessage USING btree (hook_id varchar_pattern_ops);


--
-- Name: notifications_sentmessagerecord_message_id_245c67c1_like; Type: INDEX; Schema: public; Owner: tabbycat
--

CREATE INDEX notifications_sentmessagerecord_message_id_245c67c1_like ON public.notifications_sentmessage USING btree (message_id varchar_pattern_ops);


--
-- Name: notifications_sentmessagerecord_notification_id_1573bd6a; Type: INDEX; Schema: public; Owner: tabbycat
--

CREATE INDEX notifications_sentmessagerecord_notification_id_1573bd6a ON public.notifications_sentmessage USING btree (notification_id);


--
-- Name: options_tournamentpreferencemodel_instance_id_52066634; Type: INDEX; Schema: public; Owner: tabbycat
--

CREATE INDEX options_tournamentpreferencemodel_instance_id_52066634 ON public.options_tournamentpreferencemodel USING btree (instance_id);


--
-- Name: options_tournamentpreferencemodel_name_4091afad; Type: INDEX; Schema: public; Owner: tabbycat
--

CREATE INDEX options_tournamentpreferencemodel_name_4091afad ON public.options_tournamentpreferencemodel USING btree (name);


--
-- Name: options_tournamentpreferencemodel_name_4091afad_like; Type: INDEX; Schema: public; Owner: tabbycat
--

CREATE INDEX options_tournamentpreferencemodel_name_4091afad_like ON public.options_tournamentpreferencemodel USING btree (name varchar_pattern_ops);


--
-- Name: options_tournamentpreferencemodel_section_2c3d71f6; Type: INDEX; Schema: public; Owner: tabbycat
--

CREATE INDEX options_tournamentpreferencemodel_section_2c3d71f6 ON public.options_tournamentpreferencemodel USING btree (section);


--
-- Name: options_tournamentpreferencemodel_section_2c3d71f6_like; Type: INDEX; Schema: public; Owner: tabbycat
--

CREATE INDEX options_tournamentpreferencemodel_section_2c3d71f6_like ON public.options_tournamentpreferencemodel USING btree (section varchar_pattern_ops);


--
-- Name: participant_tournam_160efa_idx; Type: INDEX; Schema: public; Owner: tabbycat
--

CREATE INDEX participant_tournam_160efa_idx ON public.participants_team USING btree (tournament_id, institution_id, short_reference);


--
-- Name: participants_adjudicator_institution_id_f5ef5155; Type: INDEX; Schema: public; Owner: tabbycat
--

CREATE INDEX participants_adjudicator_institution_id_f5ef5155 ON public.participants_adjudicator USING btree (institution_id);


--
-- Name: participants_adjudicator_tournament_id_1336eee7; Type: INDEX; Schema: public; Owner: tabbycat
--

CREATE INDEX participants_adjudicator_tournament_id_1336eee7 ON public.participants_adjudicator USING btree (tournament_id);


--
-- Name: participants_coach_tournament_institution_id_49155232; Type: INDEX; Schema: public; Owner: tabbycat
--

CREATE INDEX participants_coach_tournament_institution_id_49155232 ON public.participants_coach USING btree (tournament_institution_id);


--
-- Name: participants_institution_region_id_467529f7; Type: INDEX; Schema: public; Owner: tabbycat
--

CREATE INDEX participants_institution_region_id_467529f7 ON public.participants_institution USING btree (region_id);


--
-- Name: participants_person_name_c87c34e2; Type: INDEX; Schema: public; Owner: tabbycat
--

CREATE INDEX participants_person_name_c87c34e2 ON public.participants_person USING btree (name);


--
-- Name: participants_person_name_c87c34e2_like; Type: INDEX; Schema: public; Owner: tabbycat
--

CREATE INDEX participants_person_name_c87c34e2_like ON public.participants_person USING btree (name varchar_pattern_ops);


--
-- Name: participants_person_url_key_2aaeb2c9_like; Type: INDEX; Schema: public; Owner: tabbycat
--

CREATE INDEX participants_person_url_key_2aaeb2c9_like ON public.participants_person USING btree (url_key varchar_pattern_ops);


--
-- Name: participants_region_name_7cb27ad6; Type: INDEX; Schema: public; Owner: tabbycat
--

CREATE INDEX participants_region_name_7cb27ad6 ON public.participants_region USING btree (name);


--
-- Name: participants_region_name_7cb27ad6_like; Type: INDEX; Schema: public; Owner: tabbycat
--

CREATE INDEX participants_region_name_7cb27ad6_like ON public.participants_region USING btree (name varchar_pattern_ops);


--
-- Name: participants_speaker_categories_speaker_id_cb4f2e5e; Type: INDEX; Schema: public; Owner: tabbycat
--

CREATE INDEX participants_speaker_categories_speaker_id_cb4f2e5e ON public.participants_speaker_categories USING btree (speaker_id);


--
-- Name: participants_speaker_categories_speakercategory_id_1a2a0476; Type: INDEX; Schema: public; Owner: tabbycat
--

CREATE INDEX participants_speaker_categories_speakercategory_id_1a2a0476 ON public.participants_speaker_categories USING btree (speakercategory_id);


--
-- Name: participants_speaker_team_id_d331cba3; Type: INDEX; Schema: public; Owner: tabbycat
--

CREATE INDEX participants_speaker_team_id_d331cba3 ON public.participants_speaker USING btree (team_id);


--
-- Name: participants_speakercategory_slug_6b3a42e8; Type: INDEX; Schema: public; Owner: tabbycat
--

CREATE INDEX participants_speakercategory_slug_6b3a42e8 ON public.participants_speakercategory USING btree (slug);


--
-- Name: participants_speakercategory_slug_6b3a42e8_like; Type: INDEX; Schema: public; Owner: tabbycat
--

CREATE INDEX participants_speakercategory_slug_6b3a42e8_like ON public.participants_speakercategory USING btree (slug varchar_pattern_ops);


--
-- Name: participants_speakercategory_tournament_id_2ee34048; Type: INDEX; Schema: public; Owner: tabbycat
--

CREATE INDEX participants_speakercategory_tournament_id_2ee34048 ON public.participants_speakercategory USING btree (tournament_id);


--
-- Name: participants_team_break_categories_breakcategory_id_b0ee9154; Type: INDEX; Schema: public; Owner: tabbycat
--

CREATE INDEX participants_team_break_categories_breakcategory_id_b0ee9154 ON public.participants_team_break_categories USING btree (breakcategory_id);


--
-- Name: participants_team_break_categories_team_id_dad54e04; Type: INDEX; Schema: public; Owner: tabbycat
--

CREATE INDEX participants_team_break_categories_team_id_dad54e04 ON public.participants_team_break_categories USING btree (team_id);


--
-- Name: participants_team_institution_id_0c0b258f; Type: INDEX; Schema: public; Owner: tabbycat
--

CREATE INDEX participants_team_institution_id_0c0b258f ON public.participants_team USING btree (institution_id);


--
-- Name: participants_team_tournament_id_013c7939; Type: INDEX; Schema: public; Owner: tabbycat
--

CREATE INDEX participants_team_tournament_id_013c7939 ON public.participants_team USING btree (tournament_id);


--
-- Name: participants_tournamentinstitution_institution_id_732453c7; Type: INDEX; Schema: public; Owner: tabbycat
--

CREATE INDEX participants_tournamentinstitution_institution_id_732453c7 ON public.participants_tournamentinstitution USING btree (institution_id);


--
-- Name: participants_tournamentinstitution_tournament_id_9ec8930d; Type: INDEX; Schema: public; Owner: tabbycat
--

CREATE INDEX participants_tournamentinstitution_tournament_id_9ec8930d ON public.participants_tournamentinstitution USING btree (tournament_id);


--
-- Name: push_notifications_apnsdevice_device_id_0ac3cde3; Type: INDEX; Schema: public; Owner: tabbycat
--

CREATE INDEX push_notifications_apnsdevice_device_id_0ac3cde3 ON public.push_notifications_apnsdevice USING btree (device_id);


--
-- Name: push_notifications_apnsdevice_registration_id_5502bc8c; Type: INDEX; Schema: public; Owner: tabbycat
--

CREATE INDEX push_notifications_apnsdevice_registration_id_5502bc8c ON public.push_notifications_apnsdevice USING btree (registration_id);


--
-- Name: push_notifications_apnsdevice_registration_id_5502bc8c_like; Type: INDEX; Schema: public; Owner: tabbycat
--

CREATE INDEX push_notifications_apnsdevice_registration_id_5502bc8c_like ON public.push_notifications_apnsdevice USING btree (registration_id varchar_pattern_ops);


--
-- Name: push_notifications_apnsdevice_user_id_44cc44d2; Type: INDEX; Schema: public; Owner: tabbycat
--

CREATE INDEX push_notifications_apnsdevice_user_id_44cc44d2 ON public.push_notifications_apnsdevice USING btree (user_id);


--
-- Name: push_notifications_gcmdevice_device_id_0b22a9c4; Type: INDEX; Schema: public; Owner: tabbycat
--

CREATE INDEX push_notifications_gcmdevice_device_id_0b22a9c4 ON public.push_notifications_gcmdevice USING btree (device_id);


--
-- Name: push_notifications_gcmdevice_user_id_f3752f1b; Type: INDEX; Schema: public; Owner: tabbycat
--

CREATE INDEX push_notifications_gcmdevice_user_id_f3752f1b ON public.push_notifications_gcmdevice USING btree (user_id);


--
-- Name: push_notifications_webpushdevice_user_id_e867e0a1; Type: INDEX; Schema: public; Owner: tabbycat
--

CREATE INDEX push_notifications_webpushdevice_user_id_e867e0a1 ON public.push_notifications_webpushdevice USING btree (user_id);


--
-- Name: push_notifications_wnsdevice_device_id_7e1c24c4; Type: INDEX; Schema: public; Owner: tabbycat
--

CREATE INDEX push_notifications_wnsdevice_device_id_7e1c24c4 ON public.push_notifications_wnsdevice USING btree (device_id);


--
-- Name: push_notifications_wnsdevice_user_id_670eff0d; Type: INDEX; Schema: public; Owner: tabbycat
--

CREATE INDEX push_notifications_wnsdevice_user_id_670eff0d ON public.push_notifications_wnsdevice USING btree (user_id);


--
-- Name: registratio_content_ac834a_idx; Type: INDEX; Schema: public; Owner: tabbycat
--

CREATE INDEX registratio_content_ac834a_idx ON public.registration_answer USING btree (content_type_id, object_id);


--
-- Name: registration_invitation_for_content_type_id_7a9ebb6d; Type: INDEX; Schema: public; Owner: tabbycat
--

CREATE INDEX registration_invitation_for_content_type_id_7a9ebb6d ON public.registration_invitation USING btree (for_content_type_id);


--
-- Name: registration_invitation_institution_id_f5cab590; Type: INDEX; Schema: public; Owner: tabbycat
--

CREATE INDEX registration_invitation_institution_id_f5cab590 ON public.registration_invitation USING btree (institution_id);


--
-- Name: registration_invitation_team_id_70fc35dd; Type: INDEX; Schema: public; Owner: tabbycat
--

CREATE INDEX registration_invitation_team_id_70fc35dd ON public.registration_invitation USING btree (team_id);


--
-- Name: registration_invitation_tournament_id_cf8c5f76; Type: INDEX; Schema: public; Owner: tabbycat
--

CREATE INDEX registration_invitation_tournament_id_cf8c5f76 ON public.registration_invitation USING btree (tournament_id);


--
-- Name: results_ballotsubmission_confirmer_id_e208cab1; Type: INDEX; Schema: public; Owner: tabbycat
--

CREATE INDEX results_ballotsubmission_confirmer_id_e208cab1 ON public.results_ballotsubmission USING btree (confirmer_id);


--
-- Name: results_ballotsubmission_debate_id_5a6c80cb; Type: INDEX; Schema: public; Owner: tabbycat
--

CREATE INDEX results_ballotsubmission_debate_id_5a6c80cb ON public.results_ballotsubmission USING btree (debate_id);


--
-- Name: results_ballotsubmission_motion_id_d95a4915; Type: INDEX; Schema: public; Owner: tabbycat
--

CREATE INDEX results_ballotsubmission_motion_id_d95a4915 ON public.results_ballotsubmission USING btree (motion_id);


--
-- Name: results_ballotsubmission_participant_submitter_id_66f8e7d6; Type: INDEX; Schema: public; Owner: tabbycat
--

CREATE INDEX results_ballotsubmission_participant_submitter_id_66f8e7d6 ON public.results_ballotsubmission USING btree (participant_submitter_id);


--
-- Name: results_ballotsubmission_submitter_id_64dfcede; Type: INDEX; Schema: public; Owner: tabbycat
--

CREATE INDEX results_ballotsubmission_submitter_id_64dfcede ON public.results_ballotsubmission USING btree (submitter_id);


--
-- Name: results_scorecriterion_tournament_id_648a5a2d; Type: INDEX; Schema: public; Owner: tabbycat
--

CREATE INDEX results_scorecriterion_tournament_id_648a5a2d ON public.results_scorecriterion USING btree (tournament_id);


--
-- Name: results_spe_ballot__667598_idx; Type: INDEX; Schema: public; Owner: tabbycat
--

CREATE INDEX results_spe_ballot__667598_idx ON public.results_speakerscorebyadj USING btree (ballot_submission_id, debate_adjudicator_id);


--
-- Name: results_speakercriterionsc_speaker_score_by_adj_id_cce942ce; Type: INDEX; Schema: public; Owner: tabbycat
--

CREATE INDEX results_speakercriterionsc_speaker_score_by_adj_id_cce942ce ON public.results_speakercriterionscorebyadj USING btree (speaker_score_by_adj_id);


--
-- Name: results_speakercriterionscore_criterion_id_5ab3cd2d; Type: INDEX; Schema: public; Owner: tabbycat
--

CREATE INDEX results_speakercriterionscore_criterion_id_5ab3cd2d ON public.results_speakercriterionscore USING btree (criterion_id);


--
-- Name: results_speakercriterionscore_speaker_score_id_7c871eda; Type: INDEX; Schema: public; Owner: tabbycat
--

CREATE INDEX results_speakercriterionscore_speaker_score_id_7c871eda ON public.results_speakercriterionscore USING btree (speaker_score_id);


--
-- Name: results_speakercriterionscorebyadj_criterion_id_536b12da; Type: INDEX; Schema: public; Owner: tabbycat
--

CREATE INDEX results_speakercriterionscorebyadj_criterion_id_536b12da ON public.results_speakercriterionscorebyadj USING btree (criterion_id);


--
-- Name: results_speakerscore_ballot_submission_id_cf769b52; Type: INDEX; Schema: public; Owner: tabbycat
--

CREATE INDEX results_speakerscore_ballot_submission_id_cf769b52 ON public.results_speakerscore USING btree (ballot_submission_id);


--
-- Name: results_speakerscore_debate_team_id_2a56428f; Type: INDEX; Schema: public; Owner: tabbycat
--

CREATE INDEX results_speakerscore_debate_team_id_2a56428f ON public.results_speakerscore USING btree (debate_team_id);


--
-- Name: results_speakerscore_speaker_id_f2627efc; Type: INDEX; Schema: public; Owner: tabbycat
--

CREATE INDEX results_speakerscore_speaker_id_f2627efc ON public.results_speakerscore USING btree (speaker_id);


--
-- Name: results_speakerscorebyadj_ballot_submission_id_3ece5454; Type: INDEX; Schema: public; Owner: tabbycat
--

CREATE INDEX results_speakerscorebyadj_ballot_submission_id_3ece5454 ON public.results_speakerscorebyadj USING btree (ballot_submission_id);


--
-- Name: results_speakerscorebyadj_debate_adjudicator_id_fb059515; Type: INDEX; Schema: public; Owner: tabbycat
--

CREATE INDEX results_speakerscorebyadj_debate_adjudicator_id_fb059515 ON public.results_speakerscorebyadj USING btree (debate_adjudicator_id);


--
-- Name: results_speakerscorebyadj_debate_team_id_bfe30426; Type: INDEX; Schema: public; Owner: tabbycat
--

CREATE INDEX results_speakerscorebyadj_debate_team_id_bfe30426 ON public.results_speakerscorebyadj USING btree (debate_team_id);


--
-- Name: results_tea_ballot__a296a6_idx; Type: INDEX; Schema: public; Owner: tabbycat
--

CREATE INDEX results_tea_ballot__a296a6_idx ON public.results_teamscorebyadj USING btree (ballot_submission_id, debate_adjudicator_id);


--
-- Name: results_teamscore_ballot_submission_id_388777ce; Type: INDEX; Schema: public; Owner: tabbycat
--

CREATE INDEX results_teamscore_ballot_submission_id_388777ce ON public.results_teamscore USING btree (ballot_submission_id);


--
-- Name: results_teamscore_debate_team_id_1d609c3f; Type: INDEX; Schema: public; Owner: tabbycat
--

CREATE INDEX results_teamscore_debate_team_id_1d609c3f ON public.results_teamscore USING btree (debate_team_id);


--
-- Name: results_teamscorebyadj_ballot_submission_id_c86fb0e9; Type: INDEX; Schema: public; Owner: tabbycat
--

CREATE INDEX results_teamscorebyadj_ballot_submission_id_c86fb0e9 ON public.results_teamscorebyadj USING btree (ballot_submission_id);


--
-- Name: results_teamscorebyadj_debate_adjudicator_id_8655d721; Type: INDEX; Schema: public; Owner: tabbycat
--

CREATE INDEX results_teamscorebyadj_debate_adjudicator_id_8655d721 ON public.results_teamscorebyadj USING btree (debate_adjudicator_id);


--
-- Name: results_teamscorebyadj_debate_team_id_5b3c04ec; Type: INDEX; Schema: public; Owner: tabbycat
--

CREATE INDEX results_teamscorebyadj_debate_team_id_5b3c04ec ON public.results_teamscorebyadj USING btree (debate_team_id);


--
-- Name: tournaments_round_break_category_id_2e571f07; Type: INDEX; Schema: public; Owner: tabbycat
--

CREATE INDEX tournaments_round_break_category_id_2e571f07 ON public.tournaments_round USING btree (break_category_id);


--
-- Name: tournaments_round_tournament_id_a359f4ed; Type: INDEX; Schema: public; Owner: tabbycat
--

CREATE INDEX tournaments_round_tournament_id_a359f4ed ON public.tournaments_round USING btree (tournament_id);


--
-- Name: tournaments_scheduleevent_round_id_fb882676; Type: INDEX; Schema: public; Owner: tabbycat
--

CREATE INDEX tournaments_scheduleevent_round_id_fb882676 ON public.tournaments_scheduleevent USING btree (round_id);


--
-- Name: tournaments_scheduleevent_tournament_id_61dd33df; Type: INDEX; Schema: public; Owner: tabbycat
--

CREATE INDEX tournaments_scheduleevent_tournament_id_61dd33df ON public.tournaments_scheduleevent USING btree (tournament_id);


--
-- Name: tournaments_tournament_slug_ae40c1a4_like; Type: INDEX; Schema: public; Owner: tabbycat
--

CREATE INDEX tournaments_tournament_slug_ae40c1a4_like ON public.tournaments_tournament USING btree (slug varchar_pattern_ops);


--
-- Name: users_group_tournament_id_0f8d6b39; Type: INDEX; Schema: public; Owner: tabbycat
--

CREATE INDEX users_group_tournament_id_0f8d6b39 ON public.users_group USING btree (tournament_id);


--
-- Name: users_membership_group_id_0dd887fc; Type: INDEX; Schema: public; Owner: tabbycat
--

CREATE INDEX users_membership_group_id_0dd887fc ON public.users_membership USING btree (group_id);


--
-- Name: users_membership_user_id_4e97941d; Type: INDEX; Schema: public; Owner: tabbycat
--

CREATE INDEX users_membership_user_id_4e97941d ON public.users_membership USING btree (user_id);


--
-- Name: users_userpermission_tournament_id_60205cf6; Type: INDEX; Schema: public; Owner: tabbycat
--

CREATE INDEX users_userpermission_tournament_id_60205cf6 ON public.users_userpermission USING btree (tournament_id);


--
-- Name: users_userpermission_user_id_4c8a0bd4; Type: INDEX; Schema: public; Owner: tabbycat
--

CREATE INDEX users_userpermission_user_id_4c8a0bd4 ON public.users_userpermission USING btree (user_id);


--
-- Name: venues_venu_tournam_401b28_idx; Type: INDEX; Schema: public; Owner: tabbycat
--

CREATE INDEX venues_venu_tournam_401b28_idx ON public.venues_venue USING btree (tournament_id, name);


--
-- Name: venues_venue_tournament_id_f36e34d1; Type: INDEX; Schema: public; Owner: tabbycat
--

CREATE INDEX venues_venue_tournament_id_f36e34d1 ON public.venues_venue USING btree (tournament_id);


--
-- Name: venues_venuecategory_tournament_id_a977d7d9; Type: INDEX; Schema: public; Owner: tabbycat
--

CREATE INDEX venues_venuecategory_tournament_id_a977d7d9 ON public.venues_venuecategory USING btree (tournament_id);


--
-- Name: venues_venuecategory_venues_venue_id_7225e1a4; Type: INDEX; Schema: public; Owner: tabbycat
--

CREATE INDEX venues_venuecategory_venues_venue_id_7225e1a4 ON public.venues_venuecategory_venues USING btree (venue_id);


--
-- Name: venues_venuecategory_venues_venuecategory_id_39d74b23; Type: INDEX; Schema: public; Owner: tabbycat
--

CREATE INDEX venues_venuecategory_venues_venuecategory_id_39d74b23 ON public.venues_venuecategory_venues USING btree (venuecategory_id);


--
-- Name: venues_venueconstraint_category_id_d4055192; Type: INDEX; Schema: public; Owner: tabbycat
--

CREATE INDEX venues_venueconstraint_category_id_d4055192 ON public.venues_venueconstraint USING btree (category_id);


--
-- Name: venues_venueconstraint_subject_content_type_id_e0704b95; Type: INDEX; Schema: public; Owner: tabbycat
--

CREATE INDEX venues_venueconstraint_subject_content_type_id_e0704b95 ON public.venues_venueconstraint USING btree (subject_content_type_id);


--
-- Name: actionlog_actionlogentry actionlog_actionloge_content_type_id_6c72304b_fk_django_co; Type: FK CONSTRAINT; Schema: public; Owner: tabbycat
--

ALTER TABLE ONLY public.actionlog_actionlogentry
    ADD CONSTRAINT actionlog_actionloge_content_type_id_6c72304b_fk_django_co FOREIGN KEY (content_type_id) REFERENCES public.django_content_type(id) DEFERRABLE INITIALLY DEFERRED;


--
-- Name: actionlog_actionlogentry actionlog_actionloge_round_id_7ed7764b_fk_tournamen; Type: FK CONSTRAINT; Schema: public; Owner: tabbycat
--

ALTER TABLE ONLY public.actionlog_actionlogentry
    ADD CONSTRAINT actionlog_actionloge_round_id_7ed7764b_fk_tournamen FOREIGN KEY (round_id) REFERENCES public.tournaments_round(id) DEFERRABLE INITIALLY DEFERRED;


--
-- Name: actionlog_actionlogentry actionlog_actionloge_tournament_id_e802a3c2_fk_tournamen; Type: FK CONSTRAINT; Schema: public; Owner: tabbycat
--

ALTER TABLE ONLY public.actionlog_actionlogentry
    ADD CONSTRAINT actionlog_actionloge_tournament_id_e802a3c2_fk_tournamen FOREIGN KEY (tournament_id) REFERENCES public.tournaments_tournament(id) DEFERRABLE INITIALLY DEFERRED;


--
-- Name: actionlog_actionlogentry actionlog_actionlogentry_user_id_dff16eb8_fk_auth_user_id; Type: FK CONSTRAINT; Schema: public; Owner: tabbycat
--

ALTER TABLE ONLY public.actionlog_actionlogentry
    ADD CONSTRAINT actionlog_actionlogentry_user_id_dff16eb8_fk_auth_user_id FOREIGN KEY (user_id) REFERENCES public.auth_user(id) DEFERRABLE INITIALLY DEFERRED;


--
-- Name: adjallocation_adjudicatoradjudicatorconflict adjallocation_adjudi_adjudicator1_id_155347b7_fk_participa; Type: FK CONSTRAINT; Schema: public; Owner: tabbycat
--

ALTER TABLE ONLY public.adjallocation_adjudicatoradjudicatorconflict
    ADD CONSTRAINT adjallocation_adjudi_adjudicator1_id_155347b7_fk_participa FOREIGN KEY (adjudicator1_id) REFERENCES public.participants_adjudicator(person_ptr_id) DEFERRABLE INITIALLY DEFERRED;


--
-- Name: adjallocation_adjudicatoradjudicatorconflict adjallocation_adjudi_adjudicator2_id_986c5e25_fk_participa; Type: FK CONSTRAINT; Schema: public; Owner: tabbycat
--

ALTER TABLE ONLY public.adjallocation_adjudicatoradjudicatorconflict
    ADD CONSTRAINT adjallocation_adjudi_adjudicator2_id_986c5e25_fk_participa FOREIGN KEY (adjudicator2_id) REFERENCES public.participants_adjudicator(person_ptr_id) DEFERRABLE INITIALLY DEFERRED;


--
-- Name: adjallocation_adjudicatorteamconflict adjallocation_adjudi_adjudicator_id_05a77436_fk_participa; Type: FK CONSTRAINT; Schema: public; Owner: tabbycat
--

ALTER TABLE ONLY public.adjallocation_adjudicatorteamconflict
    ADD CONSTRAINT adjallocation_adjudi_adjudicator_id_05a77436_fk_participa FOREIGN KEY (adjudicator_id) REFERENCES public.participants_adjudicator(person_ptr_id) DEFERRABLE INITIALLY DEFERRED;


--
-- Name: adjallocation_adjudicatorinstitutionconflict adjallocation_adjudi_adjudicator_id_38bec80b_fk_participa; Type: FK CONSTRAINT; Schema: public; Owner: tabbycat
--

ALTER TABLE ONLY public.adjallocation_adjudicatorinstitutionconflict
    ADD CONSTRAINT adjallocation_adjudi_adjudicator_id_38bec80b_fk_participa FOREIGN KEY (adjudicator_id) REFERENCES public.participants_adjudicator(person_ptr_id) DEFERRABLE INITIALLY DEFERRED;


--
-- Name: adjallocation_adjudicatorinstitutionconflict adjallocation_adjudi_institution_id_3802905b_fk_participa; Type: FK CONSTRAINT; Schema: public; Owner: tabbycat
--

ALTER TABLE ONLY public.adjallocation_adjudicatorinstitutionconflict
    ADD CONSTRAINT adjallocation_adjudi_institution_id_3802905b_fk_participa FOREIGN KEY (institution_id) REFERENCES public.participants_institution(id) DEFERRABLE INITIALLY DEFERRED;


--
-- Name: adjallocation_adjudicatorteamconflict adjallocation_adjudi_team_id_5bcf5f0b_fk_participa; Type: FK CONSTRAINT; Schema: public; Owner: tabbycat
--

ALTER TABLE ONLY public.adjallocation_adjudicatorteamconflict
    ADD CONSTRAINT adjallocation_adjudi_team_id_5bcf5f0b_fk_participa FOREIGN KEY (team_id) REFERENCES public.participants_team(id) DEFERRABLE INITIALLY DEFERRED;


--
-- Name: adjallocation_debateadjudicator adjallocation_debate_adjudicator_id_c2ff8638_fk_participa; Type: FK CONSTRAINT; Schema: public; Owner: tabbycat
--

ALTER TABLE ONLY public.adjallocation_debateadjudicator
    ADD CONSTRAINT adjallocation_debate_adjudicator_id_c2ff8638_fk_participa FOREIGN KEY (adjudicator_id) REFERENCES public.participants_adjudicator(person_ptr_id) DEFERRABLE INITIALLY DEFERRED;


--
-- Name: adjallocation_debateadjudicator adjallocation_debate_debate_id_564b43ed_fk_draw_deba; Type: FK CONSTRAINT; Schema: public; Owner: tabbycat
--

ALTER TABLE ONLY public.adjallocation_debateadjudicator
    ADD CONSTRAINT adjallocation_debate_debate_id_564b43ed_fk_draw_deba FOREIGN KEY (debate_id) REFERENCES public.draw_debate(id) DEFERRABLE INITIALLY DEFERRED;


--
-- Name: adjallocation_preformedpaneladjudicator adjallocation_prefor_adjudicator_id_61382308_fk_participa; Type: FK CONSTRAINT; Schema: public; Owner: tabbycat
--

ALTER TABLE ONLY public.adjallocation_preformedpaneladjudicator
    ADD CONSTRAINT adjallocation_prefor_adjudicator_id_61382308_fk_participa FOREIGN KEY (adjudicator_id) REFERENCES public.participants_adjudicator(person_ptr_id) DEFERRABLE INITIALLY DEFERRED;


--
-- Name: adjallocation_preformedpaneladjudicator adjallocation_prefor_panel_id_d03890b0_fk_adjalloca; Type: FK CONSTRAINT; Schema: public; Owner: tabbycat
--

ALTER TABLE ONLY public.adjallocation_preformedpaneladjudicator
    ADD CONSTRAINT adjallocation_prefor_panel_id_d03890b0_fk_adjalloca FOREIGN KEY (panel_id) REFERENCES public.adjallocation_preformedpanel(id) DEFERRABLE INITIALLY DEFERRED;


--
-- Name: adjallocation_preformedpanel adjallocation_prefor_round_id_f8060c91_fk_tournamen; Type: FK CONSTRAINT; Schema: public; Owner: tabbycat
--

ALTER TABLE ONLY public.adjallocation_preformedpanel
    ADD CONSTRAINT adjallocation_prefor_round_id_f8060c91_fk_tournamen FOREIGN KEY (round_id) REFERENCES public.tournaments_round(id) DEFERRABLE INITIALLY DEFERRED;


--
-- Name: adjallocation_teaminstitutionconflict adjallocation_teamin_institution_id_e17e4936_fk_participa; Type: FK CONSTRAINT; Schema: public; Owner: tabbycat
--

ALTER TABLE ONLY public.adjallocation_teaminstitutionconflict
    ADD CONSTRAINT adjallocation_teamin_institution_id_e17e4936_fk_participa FOREIGN KEY (institution_id) REFERENCES public.participants_institution(id) DEFERRABLE INITIALLY DEFERRED;


--
-- Name: adjallocation_teaminstitutionconflict adjallocation_teamin_team_id_e57db505_fk_participa; Type: FK CONSTRAINT; Schema: public; Owner: tabbycat
--

ALTER TABLE ONLY public.adjallocation_teaminstitutionconflict
    ADD CONSTRAINT adjallocation_teamin_team_id_e57db505_fk_participa FOREIGN KEY (team_id) REFERENCES public.participants_team(id) DEFERRABLE INITIALLY DEFERRED;


--
-- Name: adjfeedback_adjudicatorfeedback adjfeedback_adjudica_adjudicator_id_6fea30b1_fk_participa; Type: FK CONSTRAINT; Schema: public; Owner: tabbycat
--

ALTER TABLE ONLY public.adjfeedback_adjudicatorfeedback
    ADD CONSTRAINT adjfeedback_adjudica_adjudicator_id_6fea30b1_fk_participa FOREIGN KEY (adjudicator_id) REFERENCES public.participants_adjudicator(person_ptr_id) DEFERRABLE INITIALLY DEFERRED;


--
-- Name: adjfeedback_adjudicatorbasescorehistory adjfeedback_adjudica_adjudicator_id_e065a9bd_fk_participa; Type: FK CONSTRAINT; Schema: public; Owner: tabbycat
--

ALTER TABLE ONLY public.adjfeedback_adjudicatorbasescorehistory
    ADD CONSTRAINT adjfeedback_adjudica_adjudicator_id_e065a9bd_fk_participa FOREIGN KEY (adjudicator_id) REFERENCES public.participants_adjudicator(person_ptr_id) DEFERRABLE INITIALLY DEFERRED;


--
-- Name: adjfeedback_adjudicatorfeedback adjfeedback_adjudica_confirmer_id_f1c946b3_fk_auth_user; Type: FK CONSTRAINT; Schema: public; Owner: tabbycat
--

ALTER TABLE ONLY public.adjfeedback_adjudicatorfeedback
    ADD CONSTRAINT adjfeedback_adjudica_confirmer_id_f1c946b3_fk_auth_user FOREIGN KEY (confirmer_id) REFERENCES public.auth_user(id) DEFERRABLE INITIALLY DEFERRED;


--
-- Name: registration_answer adjfeedback_adjudica_content_type_id_57071057_fk_django_co; Type: FK CONSTRAINT; Schema: public; Owner: tabbycat
--

ALTER TABLE ONLY public.registration_answer
    ADD CONSTRAINT adjfeedback_adjudica_content_type_id_57071057_fk_django_co FOREIGN KEY (content_type_id) REFERENCES public.django_content_type(id) DEFERRABLE INITIALLY DEFERRED;


--
-- Name: adjfeedback_adjudicatorfeedback adjfeedback_adjudica_participant_submitte_aa7f0343_fk_participa; Type: FK CONSTRAINT; Schema: public; Owner: tabbycat
--

ALTER TABLE ONLY public.adjfeedback_adjudicatorfeedback
    ADD CONSTRAINT adjfeedback_adjudica_participant_submitte_aa7f0343_fk_participa FOREIGN KEY (participant_submitter_id) REFERENCES public.participants_person(id) DEFERRABLE INITIALLY DEFERRED;


--
-- Name: registration_answer adjfeedback_adjudica_question_id_bba7e9e4_fk_adjfeedba; Type: FK CONSTRAINT; Schema: public; Owner: tabbycat
--

ALTER TABLE ONLY public.registration_answer
    ADD CONSTRAINT adjfeedback_adjudica_question_id_bba7e9e4_fk_adjfeedba FOREIGN KEY (question_id) REFERENCES public.registration_question(id) DEFERRABLE INITIALLY DEFERRED;


--
-- Name: adjfeedback_adjudicatorfeedbackquestion adjfeedback_adjudica_question_ptr_id_6bd85cfb_fk_adjfeedba; Type: FK CONSTRAINT; Schema: public; Owner: tabbycat
--

ALTER TABLE ONLY public.adjfeedback_adjudicatorfeedbackquestion
    ADD CONSTRAINT adjfeedback_adjudica_question_ptr_id_6bd85cfb_fk_adjfeedba FOREIGN KEY (question_ptr_id) REFERENCES public.registration_question(id) DEFERRABLE INITIALLY DEFERRED;


--
-- Name: adjfeedback_adjudicatorbasescorehistory adjfeedback_adjudica_round_id_791583c9_fk_tournamen; Type: FK CONSTRAINT; Schema: public; Owner: tabbycat
--

ALTER TABLE ONLY public.adjfeedback_adjudicatorbasescorehistory
    ADD CONSTRAINT adjfeedback_adjudica_round_id_791583c9_fk_tournamen FOREIGN KEY (round_id) REFERENCES public.tournaments_round(id) DEFERRABLE INITIALLY DEFERRED;


--
-- Name: adjfeedback_adjudicatorfeedback adjfeedback_adjudica_source_adjudicator_i_36896ca8_fk_adjalloca; Type: FK CONSTRAINT; Schema: public; Owner: tabbycat
--

ALTER TABLE ONLY public.adjfeedback_adjudicatorfeedback
    ADD CONSTRAINT adjfeedback_adjudica_source_adjudicator_i_36896ca8_fk_adjalloca FOREIGN KEY (source_adjudicator_id) REFERENCES public.adjallocation_debateadjudicator(id) DEFERRABLE INITIALLY DEFERRED;


--
-- Name: adjfeedback_adjudicatorfeedback adjfeedback_adjudica_source_team_id_a6e4c150_fk_draw_deba; Type: FK CONSTRAINT; Schema: public; Owner: tabbycat
--

ALTER TABLE ONLY public.adjfeedback_adjudicatorfeedback
    ADD CONSTRAINT adjfeedback_adjudica_source_team_id_a6e4c150_fk_draw_deba FOREIGN KEY (source_team_id) REFERENCES public.draw_debateteam(id) DEFERRABLE INITIALLY DEFERRED;


--
-- Name: adjfeedback_adjudicatorfeedback adjfeedback_adjudica_submitter_id_ca723d1d_fk_auth_user; Type: FK CONSTRAINT; Schema: public; Owner: tabbycat
--

ALTER TABLE ONLY public.adjfeedback_adjudicatorfeedback
    ADD CONSTRAINT adjfeedback_adjudica_submitter_id_ca723d1d_fk_auth_user FOREIGN KEY (submitter_id) REFERENCES public.auth_user(id) DEFERRABLE INITIALLY DEFERRED;


--
-- Name: registration_question adjfeedback_question_for_content_type_id_e658bdaa_fk_django_co; Type: FK CONSTRAINT; Schema: public; Owner: tabbycat
--

ALTER TABLE ONLY public.registration_question
    ADD CONSTRAINT adjfeedback_question_for_content_type_id_e658bdaa_fk_django_co FOREIGN KEY (for_content_type_id) REFERENCES public.django_content_type(id) DEFERRABLE INITIALLY DEFERRED;


--
-- Name: registration_question adjfeedback_question_tournament_id_be63a2e9_fk_tournamen; Type: FK CONSTRAINT; Schema: public; Owner: tabbycat
--

ALTER TABLE ONLY public.registration_question
    ADD CONSTRAINT adjfeedback_question_tournament_id_be63a2e9_fk_tournamen FOREIGN KEY (tournament_id) REFERENCES public.tournaments_tournament(id) DEFERRABLE INITIALLY DEFERRED;


--
-- Name: auth_group_permissions auth_group_permissio_permission_id_84c5c92e_fk_auth_perm; Type: FK CONSTRAINT; Schema: public; Owner: tabbycat
--

ALTER TABLE ONLY public.auth_group_permissions
    ADD CONSTRAINT auth_group_permissio_permission_id_84c5c92e_fk_auth_perm FOREIGN KEY (permission_id) REFERENCES public.auth_permission(id) DEFERRABLE INITIALLY DEFERRED;


--
-- Name: auth_group_permissions auth_group_permissions_group_id_b120cbf9_fk_auth_group_id; Type: FK CONSTRAINT; Schema: public; Owner: tabbycat
--

ALTER TABLE ONLY public.auth_group_permissions
    ADD CONSTRAINT auth_group_permissions_group_id_b120cbf9_fk_auth_group_id FOREIGN KEY (group_id) REFERENCES public.auth_group(id) DEFERRABLE INITIALLY DEFERRED;


--
-- Name: auth_permission auth_permission_content_type_id_2f476e4b_fk_django_co; Type: FK CONSTRAINT; Schema: public; Owner: tabbycat
--

ALTER TABLE ONLY public.auth_permission
    ADD CONSTRAINT auth_permission_content_type_id_2f476e4b_fk_django_co FOREIGN KEY (content_type_id) REFERENCES public.django_content_type(id) DEFERRABLE INITIALLY DEFERRED;


--
-- Name: auth_user_groups auth_user_groups_group_id_97559544_fk_auth_group_id; Type: FK CONSTRAINT; Schema: public; Owner: tabbycat
--

ALTER TABLE ONLY public.auth_user_groups
    ADD CONSTRAINT auth_user_groups_group_id_97559544_fk_auth_group_id FOREIGN KEY (group_id) REFERENCES public.auth_group(id) DEFERRABLE INITIALLY DEFERRED;


--
-- Name: auth_user_groups auth_user_groups_user_id_6a12ed8b_fk_auth_user_id; Type: FK CONSTRAINT; Schema: public; Owner: tabbycat
--

ALTER TABLE ONLY public.auth_user_groups
    ADD CONSTRAINT auth_user_groups_user_id_6a12ed8b_fk_auth_user_id FOREIGN KEY (user_id) REFERENCES public.auth_user(id) DEFERRABLE INITIALLY DEFERRED;


--
-- Name: auth_user_user_permissions auth_user_user_permi_permission_id_1fbb5f2c_fk_auth_perm; Type: FK CONSTRAINT; Schema: public; Owner: tabbycat
--

ALTER TABLE ONLY public.auth_user_user_permissions
    ADD CONSTRAINT auth_user_user_permi_permission_id_1fbb5f2c_fk_auth_perm FOREIGN KEY (permission_id) REFERENCES public.auth_permission(id) DEFERRABLE INITIALLY DEFERRED;


--
-- Name: auth_user_user_permissions auth_user_user_permissions_user_id_a95ead1b_fk_auth_user_id; Type: FK CONSTRAINT; Schema: public; Owner: tabbycat
--

ALTER TABLE ONLY public.auth_user_user_permissions
    ADD CONSTRAINT auth_user_user_permissions_user_id_a95ead1b_fk_auth_user_id FOREIGN KEY (user_id) REFERENCES public.auth_user(id) DEFERRABLE INITIALLY DEFERRED;


--
-- Name: authtoken_token authtoken_token_user_id_35299eff_fk_auth_user_id; Type: FK CONSTRAINT; Schema: public; Owner: tabbycat
--

ALTER TABLE ONLY public.authtoken_token
    ADD CONSTRAINT authtoken_token_user_id_35299eff_fk_auth_user_id FOREIGN KEY (user_id) REFERENCES public.auth_user(id) DEFERRABLE INITIALLY DEFERRED;


--
-- Name: availability_roundavailability availability_roundav_content_type_id_716994d9_fk_django_co; Type: FK CONSTRAINT; Schema: public; Owner: tabbycat
--

ALTER TABLE ONLY public.availability_roundavailability
    ADD CONSTRAINT availability_roundav_content_type_id_716994d9_fk_django_co FOREIGN KEY (content_type_id) REFERENCES public.django_content_type(id) DEFERRABLE INITIALLY DEFERRED;


--
-- Name: availability_roundavailability availability_roundav_round_id_6d064106_fk_tournamen; Type: FK CONSTRAINT; Schema: public; Owner: tabbycat
--

ALTER TABLE ONLY public.availability_roundavailability
    ADD CONSTRAINT availability_roundav_round_id_6d064106_fk_tournamen FOREIGN KEY (round_id) REFERENCES public.tournaments_round(id) DEFERRABLE INITIALLY DEFERRED;


--
-- Name: breakqual_breakcategory breakqual_breakcateg_tournament_id_c038a305_fk_tournamen; Type: FK CONSTRAINT; Schema: public; Owner: tabbycat
--

ALTER TABLE ONLY public.breakqual_breakcategory
    ADD CONSTRAINT breakqual_breakcateg_tournament_id_c038a305_fk_tournamen FOREIGN KEY (tournament_id) REFERENCES public.tournaments_tournament(id) DEFERRABLE INITIALLY DEFERRED;


--
-- Name: breakqual_breakingteam breakqual_breakingte_break_category_id_ab3eeda7_fk_breakqual; Type: FK CONSTRAINT; Schema: public; Owner: tabbycat
--

ALTER TABLE ONLY public.breakqual_breakingteam
    ADD CONSTRAINT breakqual_breakingte_break_category_id_ab3eeda7_fk_breakqual FOREIGN KEY (break_category_id) REFERENCES public.breakqual_breakcategory(id) DEFERRABLE INITIALLY DEFERRED;


--
-- Name: breakqual_breakingteam breakqual_breakingteam_team_id_0f455073_fk_participants_team_id; Type: FK CONSTRAINT; Schema: public; Owner: tabbycat
--

ALTER TABLE ONLY public.breakqual_breakingteam
    ADD CONSTRAINT breakqual_breakingteam_team_id_0f455073_fk_participants_team_id FOREIGN KEY (team_id) REFERENCES public.participants_team(id) DEFERRABLE INITIALLY DEFERRED;


--
-- Name: checkins_debateidentifier checkins_debateident_identifier_ptr_id_f29cf54c_fk_checkins_; Type: FK CONSTRAINT; Schema: public; Owner: tabbycat
--

ALTER TABLE ONLY public.checkins_debateidentifier
    ADD CONSTRAINT checkins_debateident_identifier_ptr_id_f29cf54c_fk_checkins_ FOREIGN KEY (identifier_ptr_id) REFERENCES public.checkins_identifier(id) DEFERRABLE INITIALLY DEFERRED;


--
-- Name: checkins_debateidentifier checkins_debateidentifier_debate_id_a136e232_fk_draw_debate_id; Type: FK CONSTRAINT; Schema: public; Owner: tabbycat
--

ALTER TABLE ONLY public.checkins_debateidentifier
    ADD CONSTRAINT checkins_debateidentifier_debate_id_a136e232_fk_draw_debate_id FOREIGN KEY (debate_id) REFERENCES public.draw_debate(id) DEFERRABLE INITIALLY DEFERRED;


--
-- Name: checkins_event checkins_event_identifier_id_1a6eddc7_fk_checkins_identifier_id; Type: FK CONSTRAINT; Schema: public; Owner: tabbycat
--

ALTER TABLE ONLY public.checkins_event
    ADD CONSTRAINT checkins_event_identifier_id_1a6eddc7_fk_checkins_identifier_id FOREIGN KEY (identifier_id) REFERENCES public.checkins_identifier(id) DEFERRABLE INITIALLY DEFERRED;


--
-- Name: checkins_event checkins_event_tournament_id_b75bcf4b_fk_tournamen; Type: FK CONSTRAINT; Schema: public; Owner: tabbycat
--

ALTER TABLE ONLY public.checkins_event
    ADD CONSTRAINT checkins_event_tournament_id_b75bcf4b_fk_tournamen FOREIGN KEY (tournament_id) REFERENCES public.tournaments_tournament(id) DEFERRABLE INITIALLY DEFERRED;


--
-- Name: checkins_identifier checkins_identifier_polymorphic_ctype_id_11c4449e_fk_django_co; Type: FK CONSTRAINT; Schema: public; Owner: tabbycat
--

ALTER TABLE ONLY public.checkins_identifier
    ADD CONSTRAINT checkins_identifier_polymorphic_ctype_id_11c4449e_fk_django_co FOREIGN KEY (polymorphic_ctype_id) REFERENCES public.django_content_type(id) DEFERRABLE INITIALLY DEFERRED;


--
-- Name: checkins_personidentifier checkins_personident_identifier_ptr_id_fad9420c_fk_checkins_; Type: FK CONSTRAINT; Schema: public; Owner: tabbycat
--

ALTER TABLE ONLY public.checkins_personidentifier
    ADD CONSTRAINT checkins_personident_identifier_ptr_id_fad9420c_fk_checkins_ FOREIGN KEY (identifier_ptr_id) REFERENCES public.checkins_identifier(id) DEFERRABLE INITIALLY DEFERRED;


--
-- Name: checkins_personidentifier checkins_personident_person_id_0ed776aa_fk_participa; Type: FK CONSTRAINT; Schema: public; Owner: tabbycat
--

ALTER TABLE ONLY public.checkins_personidentifier
    ADD CONSTRAINT checkins_personident_person_id_0ed776aa_fk_participa FOREIGN KEY (person_id) REFERENCES public.participants_person(id) DEFERRABLE INITIALLY DEFERRED;


--
-- Name: checkins_venueidentifier checkins_venueidenti_identifier_ptr_id_4e3d343f_fk_checkins_; Type: FK CONSTRAINT; Schema: public; Owner: tabbycat
--

ALTER TABLE ONLY public.checkins_venueidentifier
    ADD CONSTRAINT checkins_venueidenti_identifier_ptr_id_4e3d343f_fk_checkins_ FOREIGN KEY (identifier_ptr_id) REFERENCES public.checkins_identifier(id) DEFERRABLE INITIALLY DEFERRED;


--
-- Name: checkins_venueidentifier checkins_venueidentifier_venue_id_de92493c_fk_venues_venue_id; Type: FK CONSTRAINT; Schema: public; Owner: tabbycat
--

ALTER TABLE ONLY public.checkins_venueidentifier
    ADD CONSTRAINT checkins_venueidentifier_venue_id_de92493c_fk_venues_venue_id FOREIGN KEY (venue_id) REFERENCES public.venues_venue(id) DEFERRABLE INITIALLY DEFERRED;


--
-- Name: django_admin_log django_admin_log_content_type_id_c4bce8eb_fk_django_co; Type: FK CONSTRAINT; Schema: public; Owner: tabbycat
--

ALTER TABLE ONLY public.django_admin_log
    ADD CONSTRAINT django_admin_log_content_type_id_c4bce8eb_fk_django_co FOREIGN KEY (content_type_id) REFERENCES public.django_content_type(id) DEFERRABLE INITIALLY DEFERRED;


--
-- Name: django_admin_log django_admin_log_user_id_c564eba6_fk_auth_user_id; Type: FK CONSTRAINT; Schema: public; Owner: tabbycat
--

ALTER TABLE ONLY public.django_admin_log
    ADD CONSTRAINT django_admin_log_user_id_c564eba6_fk_auth_user_id FOREIGN KEY (user_id) REFERENCES public.auth_user(id) DEFERRABLE INITIALLY DEFERRED;


--
-- Name: draw_debate draw_debate_round_id_c1191438_fk_tournaments_round_id; Type: FK CONSTRAINT; Schema: public; Owner: tabbycat
--

ALTER TABLE ONLY public.draw_debate
    ADD CONSTRAINT draw_debate_round_id_c1191438_fk_tournaments_round_id FOREIGN KEY (round_id) REFERENCES public.tournaments_round(id) DEFERRABLE INITIALLY DEFERRED;


--
-- Name: draw_debate draw_debate_venue_id_7de8ead0_fk_venues_venue_id; Type: FK CONSTRAINT; Schema: public; Owner: tabbycat
--

ALTER TABLE ONLY public.draw_debate
    ADD CONSTRAINT draw_debate_venue_id_7de8ead0_fk_venues_venue_id FOREIGN KEY (venue_id) REFERENCES public.venues_venue(id) DEFERRABLE INITIALLY DEFERRED;


--
-- Name: draw_debateteam draw_debateteam_debate_id_e059af35_fk_draw_debate_id; Type: FK CONSTRAINT; Schema: public; Owner: tabbycat
--

ALTER TABLE ONLY public.draw_debateteam
    ADD CONSTRAINT draw_debateteam_debate_id_e059af35_fk_draw_debate_id FOREIGN KEY (debate_id) REFERENCES public.draw_debate(id) DEFERRABLE INITIALLY DEFERRED;


--
-- Name: draw_debateteam draw_debateteam_team_id_e09dde9f_fk_participants_team_id; Type: FK CONSTRAINT; Schema: public; Owner: tabbycat
--

ALTER TABLE ONLY public.draw_debateteam
    ADD CONSTRAINT draw_debateteam_team_id_e09dde9f_fk_participants_team_id FOREIGN KEY (team_id) REFERENCES public.participants_team(id) DEFERRABLE INITIALLY DEFERRED;


--
-- Name: draw_teamsideallocation draw_teamsideallocat_round_id_f532d78d_fk_tournamen; Type: FK CONSTRAINT; Schema: public; Owner: tabbycat
--

ALTER TABLE ONLY public.draw_teamsideallocation
    ADD CONSTRAINT draw_teamsideallocat_round_id_f532d78d_fk_tournamen FOREIGN KEY (round_id) REFERENCES public.tournaments_round(id) DEFERRABLE INITIALLY DEFERRED;


--
-- Name: draw_teamsideallocation draw_teamsideallocat_team_id_64d6bbc0_fk_participa; Type: FK CONSTRAINT; Schema: public; Owner: tabbycat
--

ALTER TABLE ONLY public.draw_teamsideallocation
    ADD CONSTRAINT draw_teamsideallocat_team_id_64d6bbc0_fk_participa FOREIGN KEY (team_id) REFERENCES public.participants_team(id) DEFERRABLE INITIALLY DEFERRED;


--
-- Name: jet_bookmark jet_bookmark_user_id_8efdc332_fk_auth_user_id; Type: FK CONSTRAINT; Schema: public; Owner: tabbycat
--

ALTER TABLE ONLY public.jet_bookmark
    ADD CONSTRAINT jet_bookmark_user_id_8efdc332_fk_auth_user_id FOREIGN KEY (user_id) REFERENCES public.auth_user(id) DEFERRABLE INITIALLY DEFERRED;


--
-- Name: jet_pinnedapplication jet_pinnedapplication_user_id_7765bcf9_fk_auth_user_id; Type: FK CONSTRAINT; Schema: public; Owner: tabbycat
--

ALTER TABLE ONLY public.jet_pinnedapplication
    ADD CONSTRAINT jet_pinnedapplication_user_id_7765bcf9_fk_auth_user_id FOREIGN KEY (user_id) REFERENCES public.auth_user(id) DEFERRABLE INITIALLY DEFERRED;


--
-- Name: motions_debateteammotionpreference motions_debateteammo_ballot_submission_id_49a0774c_fk_results_b; Type: FK CONSTRAINT; Schema: public; Owner: tabbycat
--

ALTER TABLE ONLY public.motions_debateteammotionpreference
    ADD CONSTRAINT motions_debateteammo_ballot_submission_id_49a0774c_fk_results_b FOREIGN KEY (ballot_submission_id) REFERENCES public.results_ballotsubmission(id) DEFERRABLE INITIALLY DEFERRED;


--
-- Name: motions_debateteammotionpreference motions_debateteammo_debate_team_id_acfce93d_fk_draw_deba; Type: FK CONSTRAINT; Schema: public; Owner: tabbycat
--

ALTER TABLE ONLY public.motions_debateteammotionpreference
    ADD CONSTRAINT motions_debateteammo_debate_team_id_acfce93d_fk_draw_deba FOREIGN KEY (debate_team_id) REFERENCES public.draw_debateteam(id) DEFERRABLE INITIALLY DEFERRED;


--
-- Name: motions_debateteammotionpreference motions_debateteammo_motion_id_47089aa9_fk_motions_m; Type: FK CONSTRAINT; Schema: public; Owner: tabbycat
--

ALTER TABLE ONLY public.motions_debateteammotionpreference
    ADD CONSTRAINT motions_debateteammo_motion_id_47089aa9_fk_motions_m FOREIGN KEY (motion_id) REFERENCES public.motions_motion(id) DEFERRABLE INITIALLY DEFERRED;


--
-- Name: motions_motion motions_motion_tournament_id_77c2a78d_fk_tournamen; Type: FK CONSTRAINT; Schema: public; Owner: tabbycat
--

ALTER TABLE ONLY public.motions_motion
    ADD CONSTRAINT motions_motion_tournament_id_77c2a78d_fk_tournamen FOREIGN KEY (tournament_id) REFERENCES public.tournaments_tournament(id) DEFERRABLE INITIALLY DEFERRED;


--
-- Name: motions_roundmotion motions_roundmotion_motion_id_3635b38b_fk_motions_motion_id; Type: FK CONSTRAINT; Schema: public; Owner: tabbycat
--

ALTER TABLE ONLY public.motions_roundmotion
    ADD CONSTRAINT motions_roundmotion_motion_id_3635b38b_fk_motions_motion_id FOREIGN KEY (motion_id) REFERENCES public.motions_motion(id) DEFERRABLE INITIALLY DEFERRED;


--
-- Name: motions_roundmotion motions_roundmotion_round_id_9639b179_fk_tournaments_round_id; Type: FK CONSTRAINT; Schema: public; Owner: tabbycat
--

ALTER TABLE ONLY public.motions_roundmotion
    ADD CONSTRAINT motions_roundmotion_round_id_9639b179_fk_tournaments_round_id FOREIGN KEY (round_id) REFERENCES public.tournaments_round(id) DEFERRABLE INITIALLY DEFERRED;


--
-- Name: notifications_bulknotification notifications_bulkno_round_id_a7b8a1b3_fk_tournamen; Type: FK CONSTRAINT; Schema: public; Owner: tabbycat
--

ALTER TABLE ONLY public.notifications_bulknotification
    ADD CONSTRAINT notifications_bulkno_round_id_a7b8a1b3_fk_tournamen FOREIGN KEY (round_id) REFERENCES public.tournaments_round(id) DEFERRABLE INITIALLY DEFERRED;


--
-- Name: notifications_bulknotification notifications_bulkno_tournament_id_da2149d7_fk_tournamen; Type: FK CONSTRAINT; Schema: public; Owner: tabbycat
--

ALTER TABLE ONLY public.notifications_bulknotification
    ADD CONSTRAINT notifications_bulkno_tournament_id_da2149d7_fk_tournamen FOREIGN KEY (tournament_id) REFERENCES public.tournaments_tournament(id) DEFERRABLE INITIALLY DEFERRED;


--
-- Name: notifications_emailstatus notifications_emails_email_id_daefb152_fk_notificat; Type: FK CONSTRAINT; Schema: public; Owner: tabbycat
--

ALTER TABLE ONLY public.notifications_emailstatus
    ADD CONSTRAINT notifications_emails_email_id_daefb152_fk_notificat FOREIGN KEY (email_id) REFERENCES public.notifications_sentmessage(id) DEFERRABLE INITIALLY DEFERRED;


--
-- Name: notifications_participantwebpushdevice notifications_partic_participant_id_9989855e_fk_participa; Type: FK CONSTRAINT; Schema: public; Owner: tabbycat
--

ALTER TABLE ONLY public.notifications_participantwebpushdevice
    ADD CONSTRAINT notifications_partic_participant_id_9989855e_fk_participa FOREIGN KEY (participant_id) REFERENCES public.participants_person(id) DEFERRABLE INITIALLY DEFERRED;


--
-- Name: notifications_participantwebpushdevice notifications_partic_tournament_id_b80d3803_fk_tournamen; Type: FK CONSTRAINT; Schema: public; Owner: tabbycat
--

ALTER TABLE ONLY public.notifications_participantwebpushdevice
    ADD CONSTRAINT notifications_partic_tournament_id_b80d3803_fk_tournamen FOREIGN KEY (tournament_id) REFERENCES public.tournaments_tournament(id) DEFERRABLE INITIALLY DEFERRED;


--
-- Name: notifications_participantwebpushdevice notifications_partic_webpushdevice_ptr_id_bbb426c6_fk_push_noti; Type: FK CONSTRAINT; Schema: public; Owner: tabbycat
--

ALTER TABLE ONLY public.notifications_participantwebpushdevice
    ADD CONSTRAINT notifications_partic_webpushdevice_ptr_id_bbb426c6_fk_push_noti FOREIGN KEY (webpushdevice_ptr_id) REFERENCES public.push_notifications_webpushdevice(id) DEFERRABLE INITIALLY DEFERRED;


--
-- Name: notifications_sentmessage notifications_sentme_notification_id_1573bd6a_fk_notificat; Type: FK CONSTRAINT; Schema: public; Owner: tabbycat
--

ALTER TABLE ONLY public.notifications_sentmessage
    ADD CONSTRAINT notifications_sentme_notification_id_1573bd6a_fk_notificat FOREIGN KEY (notification_id) REFERENCES public.notifications_bulknotification(id) DEFERRABLE INITIALLY DEFERRED;


--
-- Name: notifications_sentmessage notifications_sentme_recipient_id_7350c029_fk_participa; Type: FK CONSTRAINT; Schema: public; Owner: tabbycat
--

ALTER TABLE ONLY public.notifications_sentmessage
    ADD CONSTRAINT notifications_sentme_recipient_id_7350c029_fk_participa FOREIGN KEY (recipient_id) REFERENCES public.participants_person(id) DEFERRABLE INITIALLY DEFERRED;


--
-- Name: options_tournamentpreferencemodel options_tournamentpr_instance_id_52066634_fk_tournamen; Type: FK CONSTRAINT; Schema: public; Owner: tabbycat
--

ALTER TABLE ONLY public.options_tournamentpreferencemodel
    ADD CONSTRAINT options_tournamentpr_instance_id_52066634_fk_tournamen FOREIGN KEY (instance_id) REFERENCES public.tournaments_tournament(id) DEFERRABLE INITIALLY DEFERRED;


--
-- Name: participants_adjudicator participants_adjudic_institution_id_f5ef5155_fk_participa; Type: FK CONSTRAINT; Schema: public; Owner: tabbycat
--

ALTER TABLE ONLY public.participants_adjudicator
    ADD CONSTRAINT participants_adjudic_institution_id_f5ef5155_fk_participa FOREIGN KEY (institution_id) REFERENCES public.participants_institution(id) DEFERRABLE INITIALLY DEFERRED;


--
-- Name: participants_adjudicator participants_adjudic_person_ptr_id_9d15c1c4_fk_participa; Type: FK CONSTRAINT; Schema: public; Owner: tabbycat
--

ALTER TABLE ONLY public.participants_adjudicator
    ADD CONSTRAINT participants_adjudic_person_ptr_id_9d15c1c4_fk_participa FOREIGN KEY (person_ptr_id) REFERENCES public.participants_person(id) DEFERRABLE INITIALLY DEFERRED;


--
-- Name: participants_adjudicator participants_adjudic_tournament_id_1336eee7_fk_tournamen; Type: FK CONSTRAINT; Schema: public; Owner: tabbycat
--

ALTER TABLE ONLY public.participants_adjudicator
    ADD CONSTRAINT participants_adjudic_tournament_id_1336eee7_fk_tournamen FOREIGN KEY (tournament_id) REFERENCES public.tournaments_tournament(id) DEFERRABLE INITIALLY DEFERRED;


--
-- Name: participants_coach participants_coach_person_ptr_id_4e2a766e_fk_participa; Type: FK CONSTRAINT; Schema: public; Owner: tabbycat
--

ALTER TABLE ONLY public.participants_coach
    ADD CONSTRAINT participants_coach_person_ptr_id_4e2a766e_fk_participa FOREIGN KEY (person_ptr_id) REFERENCES public.participants_person(id) DEFERRABLE INITIALLY DEFERRED;


--
-- Name: participants_coach participants_coach_tournament_instituti_49155232_fk_participa; Type: FK CONSTRAINT; Schema: public; Owner: tabbycat
--

ALTER TABLE ONLY public.participants_coach
    ADD CONSTRAINT participants_coach_tournament_instituti_49155232_fk_participa FOREIGN KEY (tournament_institution_id) REFERENCES public.participants_tournamentinstitution(id) DEFERRABLE INITIALLY DEFERRED;


--
-- Name: participants_institution participants_institu_region_id_467529f7_fk_participa; Type: FK CONSTRAINT; Schema: public; Owner: tabbycat
--

ALTER TABLE ONLY public.participants_institution
    ADD CONSTRAINT participants_institu_region_id_467529f7_fk_participa FOREIGN KEY (region_id) REFERENCES public.participants_region(id) DEFERRABLE INITIALLY DEFERRED;


--
-- Name: participants_speaker participants_speaker_person_ptr_id_d2567a0f_fk_participa; Type: FK CONSTRAINT; Schema: public; Owner: tabbycat
--

ALTER TABLE ONLY public.participants_speaker
    ADD CONSTRAINT participants_speaker_person_ptr_id_d2567a0f_fk_participa FOREIGN KEY (person_ptr_id) REFERENCES public.participants_person(id) DEFERRABLE INITIALLY DEFERRED;


--
-- Name: participants_speaker_categories participants_speaker_speaker_id_cb4f2e5e_fk_participa; Type: FK CONSTRAINT; Schema: public; Owner: tabbycat
--

ALTER TABLE ONLY public.participants_speaker_categories
    ADD CONSTRAINT participants_speaker_speaker_id_cb4f2e5e_fk_participa FOREIGN KEY (speaker_id) REFERENCES public.participants_speaker(person_ptr_id) DEFERRABLE INITIALLY DEFERRED;


--
-- Name: participants_speaker_categories participants_speaker_speakercategory_id_1a2a0476_fk_participa; Type: FK CONSTRAINT; Schema: public; Owner: tabbycat
--

ALTER TABLE ONLY public.participants_speaker_categories
    ADD CONSTRAINT participants_speaker_speakercategory_id_1a2a0476_fk_participa FOREIGN KEY (speakercategory_id) REFERENCES public.participants_speakercategory(id) DEFERRABLE INITIALLY DEFERRED;


--
-- Name: participants_speaker participants_speaker_team_id_d331cba3_fk_participants_team_id; Type: FK CONSTRAINT; Schema: public; Owner: tabbycat
--

ALTER TABLE ONLY public.participants_speaker
    ADD CONSTRAINT participants_speaker_team_id_d331cba3_fk_participants_team_id FOREIGN KEY (team_id) REFERENCES public.participants_team(id) DEFERRABLE INITIALLY DEFERRED;


--
-- Name: participants_speakercategory participants_speaker_tournament_id_2ee34048_fk_tournamen; Type: FK CONSTRAINT; Schema: public; Owner: tabbycat
--

ALTER TABLE ONLY public.participants_speakercategory
    ADD CONSTRAINT participants_speaker_tournament_id_2ee34048_fk_tournamen FOREIGN KEY (tournament_id) REFERENCES public.tournaments_tournament(id) DEFERRABLE INITIALLY DEFERRED;


--
-- Name: participants_team_break_categories participants_team_br_breakcategory_id_b0ee9154_fk_breakqual; Type: FK CONSTRAINT; Schema: public; Owner: tabbycat
--

ALTER TABLE ONLY public.participants_team_break_categories
    ADD CONSTRAINT participants_team_br_breakcategory_id_b0ee9154_fk_breakqual FOREIGN KEY (breakcategory_id) REFERENCES public.breakqual_breakcategory(id) DEFERRABLE INITIALLY DEFERRED;


--
-- Name: participants_team_break_categories participants_team_br_team_id_dad54e04_fk_participa; Type: FK CONSTRAINT; Schema: public; Owner: tabbycat
--

ALTER TABLE ONLY public.participants_team_break_categories
    ADD CONSTRAINT participants_team_br_team_id_dad54e04_fk_participa FOREIGN KEY (team_id) REFERENCES public.participants_team(id) DEFERRABLE INITIALLY DEFERRED;


--
-- Name: participants_team participants_team_institution_id_0c0b258f_fk_participa; Type: FK CONSTRAINT; Schema: public; Owner: tabbycat
--

ALTER TABLE ONLY public.participants_team
    ADD CONSTRAINT participants_team_institution_id_0c0b258f_fk_participa FOREIGN KEY (institution_id) REFERENCES public.participants_institution(id) DEFERRABLE INITIALLY DEFERRED;


--
-- Name: participants_team participants_team_tournament_id_013c7939_fk_tournamen; Type: FK CONSTRAINT; Schema: public; Owner: tabbycat
--

ALTER TABLE ONLY public.participants_team
    ADD CONSTRAINT participants_team_tournament_id_013c7939_fk_tournamen FOREIGN KEY (tournament_id) REFERENCES public.tournaments_tournament(id) DEFERRABLE INITIALLY DEFERRED;


--
-- Name: participants_tournamentinstitution participants_tournam_institution_id_732453c7_fk_participa; Type: FK CONSTRAINT; Schema: public; Owner: tabbycat
--

ALTER TABLE ONLY public.participants_tournamentinstitution
    ADD CONSTRAINT participants_tournam_institution_id_732453c7_fk_participa FOREIGN KEY (institution_id) REFERENCES public.participants_institution(id) DEFERRABLE INITIALLY DEFERRED;


--
-- Name: participants_tournamentinstitution participants_tournam_tournament_id_9ec8930d_fk_tournamen; Type: FK CONSTRAINT; Schema: public; Owner: tabbycat
--

ALTER TABLE ONLY public.participants_tournamentinstitution
    ADD CONSTRAINT participants_tournam_tournament_id_9ec8930d_fk_tournamen FOREIGN KEY (tournament_id) REFERENCES public.tournaments_tournament(id) DEFERRABLE INITIALLY DEFERRED;


--
-- Name: push_notifications_apnsdevice push_notifications_apnsdevice_user_id_44cc44d2_fk_auth_user_id; Type: FK CONSTRAINT; Schema: public; Owner: tabbycat
--

ALTER TABLE ONLY public.push_notifications_apnsdevice
    ADD CONSTRAINT push_notifications_apnsdevice_user_id_44cc44d2_fk_auth_user_id FOREIGN KEY (user_id) REFERENCES public.auth_user(id) DEFERRABLE INITIALLY DEFERRED;


--
-- Name: push_notifications_gcmdevice push_notifications_gcmdevice_user_id_f3752f1b_fk_auth_user_id; Type: FK CONSTRAINT; Schema: public; Owner: tabbycat
--

ALTER TABLE ONLY public.push_notifications_gcmdevice
    ADD CONSTRAINT push_notifications_gcmdevice_user_id_f3752f1b_fk_auth_user_id FOREIGN KEY (user_id) REFERENCES public.auth_user(id) DEFERRABLE INITIALLY DEFERRED;


--
-- Name: push_notifications_webpushdevice push_notifications_w_user_id_e867e0a1_fk_auth_user; Type: FK CONSTRAINT; Schema: public; Owner: tabbycat
--

ALTER TABLE ONLY public.push_notifications_webpushdevice
    ADD CONSTRAINT push_notifications_w_user_id_e867e0a1_fk_auth_user FOREIGN KEY (user_id) REFERENCES public.auth_user(id) DEFERRABLE INITIALLY DEFERRED;


--
-- Name: push_notifications_wnsdevice push_notifications_wnsdevice_user_id_670eff0d_fk_auth_user_id; Type: FK CONSTRAINT; Schema: public; Owner: tabbycat
--

ALTER TABLE ONLY public.push_notifications_wnsdevice
    ADD CONSTRAINT push_notifications_wnsdevice_user_id_670eff0d_fk_auth_user_id FOREIGN KEY (user_id) REFERENCES public.auth_user(id) DEFERRABLE INITIALLY DEFERRED;


--
-- Name: registration_invitation registration_invitat_for_content_type_id_7a9ebb6d_fk_django_co; Type: FK CONSTRAINT; Schema: public; Owner: tabbycat
--

ALTER TABLE ONLY public.registration_invitation
    ADD CONSTRAINT registration_invitat_for_content_type_id_7a9ebb6d_fk_django_co FOREIGN KEY (for_content_type_id) REFERENCES public.django_content_type(id) DEFERRABLE INITIALLY DEFERRED;


--
-- Name: registration_invitation registration_invitat_institution_id_f5cab590_fk_participa; Type: FK CONSTRAINT; Schema: public; Owner: tabbycat
--

ALTER TABLE ONLY public.registration_invitation
    ADD CONSTRAINT registration_invitat_institution_id_f5cab590_fk_participa FOREIGN KEY (institution_id) REFERENCES public.participants_institution(id) DEFERRABLE INITIALLY DEFERRED;


--
-- Name: registration_invitation registration_invitat_team_id_70fc35dd_fk_participa; Type: FK CONSTRAINT; Schema: public; Owner: tabbycat
--

ALTER TABLE ONLY public.registration_invitation
    ADD CONSTRAINT registration_invitat_team_id_70fc35dd_fk_participa FOREIGN KEY (team_id) REFERENCES public.participants_team(id) DEFERRABLE INITIALLY DEFERRED;


--
-- Name: registration_invitation registration_invitat_tournament_id_cf8c5f76_fk_tournamen; Type: FK CONSTRAINT; Schema: public; Owner: tabbycat
--

ALTER TABLE ONLY public.registration_invitation
    ADD CONSTRAINT registration_invitat_tournament_id_cf8c5f76_fk_tournamen FOREIGN KEY (tournament_id) REFERENCES public.tournaments_tournament(id) DEFERRABLE INITIALLY DEFERRED;


--
-- Name: results_ballotsubmission results_ballotsubmis_motion_id_d95a4915_fk_motions_m; Type: FK CONSTRAINT; Schema: public; Owner: tabbycat
--

ALTER TABLE ONLY public.results_ballotsubmission
    ADD CONSTRAINT results_ballotsubmis_motion_id_d95a4915_fk_motions_m FOREIGN KEY (motion_id) REFERENCES public.motions_motion(id) DEFERRABLE INITIALLY DEFERRED;


--
-- Name: results_ballotsubmission results_ballotsubmis_participant_submitte_66f8e7d6_fk_participa; Type: FK CONSTRAINT; Schema: public; Owner: tabbycat
--

ALTER TABLE ONLY public.results_ballotsubmission
    ADD CONSTRAINT results_ballotsubmis_participant_submitte_66f8e7d6_fk_participa FOREIGN KEY (participant_submitter_id) REFERENCES public.participants_person(id) DEFERRABLE INITIALLY DEFERRED;


--
-- Name: results_ballotsubmission results_ballotsubmission_confirmer_id_e208cab1_fk_auth_user_id; Type: FK CONSTRAINT; Schema: public; Owner: tabbycat
--

ALTER TABLE ONLY public.results_ballotsubmission
    ADD CONSTRAINT results_ballotsubmission_confirmer_id_e208cab1_fk_auth_user_id FOREIGN KEY (confirmer_id) REFERENCES public.auth_user(id) DEFERRABLE INITIALLY DEFERRED;


--
-- Name: results_ballotsubmission results_ballotsubmission_debate_id_5a6c80cb_fk_draw_debate_id; Type: FK CONSTRAINT; Schema: public; Owner: tabbycat
--

ALTER TABLE ONLY public.results_ballotsubmission
    ADD CONSTRAINT results_ballotsubmission_debate_id_5a6c80cb_fk_draw_debate_id FOREIGN KEY (debate_id) REFERENCES public.draw_debate(id) DEFERRABLE INITIALLY DEFERRED;


--
-- Name: results_ballotsubmission results_ballotsubmission_submitter_id_64dfcede_fk_auth_user_id; Type: FK CONSTRAINT; Schema: public; Owner: tabbycat
--

ALTER TABLE ONLY public.results_ballotsubmission
    ADD CONSTRAINT results_ballotsubmission_submitter_id_64dfcede_fk_auth_user_id FOREIGN KEY (submitter_id) REFERENCES public.auth_user(id) DEFERRABLE INITIALLY DEFERRED;


--
-- Name: results_scorecriterion results_scorecriteri_tournament_id_648a5a2d_fk_tournamen; Type: FK CONSTRAINT; Schema: public; Owner: tabbycat
--

ALTER TABLE ONLY public.results_scorecriterion
    ADD CONSTRAINT results_scorecriteri_tournament_id_648a5a2d_fk_tournamen FOREIGN KEY (tournament_id) REFERENCES public.tournaments_tournament(id) DEFERRABLE INITIALLY DEFERRED;


--
-- Name: results_speakercriterionscorebyadj results_speakercrite_criterion_id_536b12da_fk_results_s; Type: FK CONSTRAINT; Schema: public; Owner: tabbycat
--

ALTER TABLE ONLY public.results_speakercriterionscorebyadj
    ADD CONSTRAINT results_speakercrite_criterion_id_536b12da_fk_results_s FOREIGN KEY (criterion_id) REFERENCES public.results_scorecriterion(id) DEFERRABLE INITIALLY DEFERRED;


--
-- Name: results_speakercriterionscore results_speakercrite_criterion_id_5ab3cd2d_fk_results_s; Type: FK CONSTRAINT; Schema: public; Owner: tabbycat
--

ALTER TABLE ONLY public.results_speakercriterionscore
    ADD CONSTRAINT results_speakercrite_criterion_id_5ab3cd2d_fk_results_s FOREIGN KEY (criterion_id) REFERENCES public.results_scorecriterion(id) DEFERRABLE INITIALLY DEFERRED;


--
-- Name: results_speakercriterionscorebyadj results_speakercrite_speaker_score_by_adj_cce942ce_fk_results_s; Type: FK CONSTRAINT; Schema: public; Owner: tabbycat
--

ALTER TABLE ONLY public.results_speakercriterionscorebyadj
    ADD CONSTRAINT results_speakercrite_speaker_score_by_adj_cce942ce_fk_results_s FOREIGN KEY (speaker_score_by_adj_id) REFERENCES public.results_speakerscorebyadj(id) DEFERRABLE INITIALLY DEFERRED;


--
-- Name: results_speakercriterionscore results_speakercrite_speaker_score_id_7c871eda_fk_results_s; Type: FK CONSTRAINT; Schema: public; Owner: tabbycat
--

ALTER TABLE ONLY public.results_speakercriterionscore
    ADD CONSTRAINT results_speakercrite_speaker_score_id_7c871eda_fk_results_s FOREIGN KEY (speaker_score_id) REFERENCES public.results_speakerscore(id) DEFERRABLE INITIALLY DEFERRED;


--
-- Name: results_speakerscorebyadj results_speakerscore_ballot_submission_id_3ece5454_fk_results_b; Type: FK CONSTRAINT; Schema: public; Owner: tabbycat
--

ALTER TABLE ONLY public.results_speakerscorebyadj
    ADD CONSTRAINT results_speakerscore_ballot_submission_id_3ece5454_fk_results_b FOREIGN KEY (ballot_submission_id) REFERENCES public.results_ballotsubmission(id) DEFERRABLE INITIALLY DEFERRED;


--
-- Name: results_speakerscore results_speakerscore_ballot_submission_id_cf769b52_fk_results_b; Type: FK CONSTRAINT; Schema: public; Owner: tabbycat
--

ALTER TABLE ONLY public.results_speakerscore
    ADD CONSTRAINT results_speakerscore_ballot_submission_id_cf769b52_fk_results_b FOREIGN KEY (ballot_submission_id) REFERENCES public.results_ballotsubmission(id) DEFERRABLE INITIALLY DEFERRED;


--
-- Name: results_speakerscorebyadj results_speakerscore_debate_adjudicator_i_fb059515_fk_adjalloca; Type: FK CONSTRAINT; Schema: public; Owner: tabbycat
--

ALTER TABLE ONLY public.results_speakerscorebyadj
    ADD CONSTRAINT results_speakerscore_debate_adjudicator_i_fb059515_fk_adjalloca FOREIGN KEY (debate_adjudicator_id) REFERENCES public.adjallocation_debateadjudicator(id) DEFERRABLE INITIALLY DEFERRED;


--
-- Name: results_speakerscore results_speakerscore_debate_team_id_2a56428f_fk_draw_deba; Type: FK CONSTRAINT; Schema: public; Owner: tabbycat
--

ALTER TABLE ONLY public.results_speakerscore
    ADD CONSTRAINT results_speakerscore_debate_team_id_2a56428f_fk_draw_deba FOREIGN KEY (debate_team_id) REFERENCES public.draw_debateteam(id) DEFERRABLE INITIALLY DEFERRED;


--
-- Name: results_speakerscorebyadj results_speakerscore_debate_team_id_bfe30426_fk_draw_deba; Type: FK CONSTRAINT; Schema: public; Owner: tabbycat
--

ALTER TABLE ONLY public.results_speakerscorebyadj
    ADD CONSTRAINT results_speakerscore_debate_team_id_bfe30426_fk_draw_deba FOREIGN KEY (debate_team_id) REFERENCES public.draw_debateteam(id) DEFERRABLE INITIALLY DEFERRED;


--
-- Name: results_speakerscore results_speakerscore_speaker_id_f2627efc_fk_participa; Type: FK CONSTRAINT; Schema: public; Owner: tabbycat
--

ALTER TABLE ONLY public.results_speakerscore
    ADD CONSTRAINT results_speakerscore_speaker_id_f2627efc_fk_participa FOREIGN KEY (speaker_id) REFERENCES public.participants_speaker(person_ptr_id) DEFERRABLE INITIALLY DEFERRED;


--
-- Name: results_teamscore results_teamscore_ballot_submission_id_388777ce_fk_results_b; Type: FK CONSTRAINT; Schema: public; Owner: tabbycat
--

ALTER TABLE ONLY public.results_teamscore
    ADD CONSTRAINT results_teamscore_ballot_submission_id_388777ce_fk_results_b FOREIGN KEY (ballot_submission_id) REFERENCES public.results_ballotsubmission(id) DEFERRABLE INITIALLY DEFERRED;


--
-- Name: results_teamscore results_teamscore_debate_team_id_1d609c3f_fk_draw_debateteam_id; Type: FK CONSTRAINT; Schema: public; Owner: tabbycat
--

ALTER TABLE ONLY public.results_teamscore
    ADD CONSTRAINT results_teamscore_debate_team_id_1d609c3f_fk_draw_debateteam_id FOREIGN KEY (debate_team_id) REFERENCES public.draw_debateteam(id) DEFERRABLE INITIALLY DEFERRED;


--
-- Name: results_teamscorebyadj results_teamscorebya_ballot_submission_id_c86fb0e9_fk_results_b; Type: FK CONSTRAINT; Schema: public; Owner: tabbycat
--

ALTER TABLE ONLY public.results_teamscorebyadj
    ADD CONSTRAINT results_teamscorebya_ballot_submission_id_c86fb0e9_fk_results_b FOREIGN KEY (ballot_submission_id) REFERENCES public.results_ballotsubmission(id) DEFERRABLE INITIALLY DEFERRED;


--
-- Name: results_teamscorebyadj results_teamscorebya_debate_adjudicator_i_8655d721_fk_adjalloca; Type: FK CONSTRAINT; Schema: public; Owner: tabbycat
--

ALTER TABLE ONLY public.results_teamscorebyadj
    ADD CONSTRAINT results_teamscorebya_debate_adjudicator_i_8655d721_fk_adjalloca FOREIGN KEY (debate_adjudicator_id) REFERENCES public.adjallocation_debateadjudicator(id) DEFERRABLE INITIALLY DEFERRED;


--
-- Name: results_teamscorebyadj results_teamscorebya_debate_team_id_5b3c04ec_fk_draw_deba; Type: FK CONSTRAINT; Schema: public; Owner: tabbycat
--

ALTER TABLE ONLY public.results_teamscorebyadj
    ADD CONSTRAINT results_teamscorebya_debate_team_id_5b3c04ec_fk_draw_deba FOREIGN KEY (debate_team_id) REFERENCES public.draw_debateteam(id) DEFERRABLE INITIALLY DEFERRED;


--
-- Name: tournaments_round tournaments_round_break_category_id_2e571f07_fk_breakqual; Type: FK CONSTRAINT; Schema: public; Owner: tabbycat
--

ALTER TABLE ONLY public.tournaments_round
    ADD CONSTRAINT tournaments_round_break_category_id_2e571f07_fk_breakqual FOREIGN KEY (break_category_id) REFERENCES public.breakqual_breakcategory(id) DEFERRABLE INITIALLY DEFERRED;


--
-- Name: tournaments_round tournaments_round_tournament_id_a359f4ed_fk_tournamen; Type: FK CONSTRAINT; Schema: public; Owner: tabbycat
--

ALTER TABLE ONLY public.tournaments_round
    ADD CONSTRAINT tournaments_round_tournament_id_a359f4ed_fk_tournamen FOREIGN KEY (tournament_id) REFERENCES public.tournaments_tournament(id) DEFERRABLE INITIALLY DEFERRED;


--
-- Name: tournaments_scheduleevent tournaments_schedule_round_id_fb882676_fk_tournamen; Type: FK CONSTRAINT; Schema: public; Owner: tabbycat
--

ALTER TABLE ONLY public.tournaments_scheduleevent
    ADD CONSTRAINT tournaments_schedule_round_id_fb882676_fk_tournamen FOREIGN KEY (round_id) REFERENCES public.tournaments_round(id) DEFERRABLE INITIALLY DEFERRED;


--
-- Name: tournaments_scheduleevent tournaments_schedule_tournament_id_61dd33df_fk_tournamen; Type: FK CONSTRAINT; Schema: public; Owner: tabbycat
--

ALTER TABLE ONLY public.tournaments_scheduleevent
    ADD CONSTRAINT tournaments_schedule_tournament_id_61dd33df_fk_tournamen FOREIGN KEY (tournament_id) REFERENCES public.tournaments_tournament(id) DEFERRABLE INITIALLY DEFERRED;


--
-- Name: users_group users_group_tournament_id_0f8d6b39_fk_tournaments_tournament_id; Type: FK CONSTRAINT; Schema: public; Owner: tabbycat
--

ALTER TABLE ONLY public.users_group
    ADD CONSTRAINT users_group_tournament_id_0f8d6b39_fk_tournaments_tournament_id FOREIGN KEY (tournament_id) REFERENCES public.tournaments_tournament(id) DEFERRABLE INITIALLY DEFERRED;


--
-- Name: users_membership users_membership_group_id_0dd887fc_fk_users_group_id; Type: FK CONSTRAINT; Schema: public; Owner: tabbycat
--

ALTER TABLE ONLY public.users_membership
    ADD CONSTRAINT users_membership_group_id_0dd887fc_fk_users_group_id FOREIGN KEY (group_id) REFERENCES public.users_group(id) DEFERRABLE INITIALLY DEFERRED;


--
-- Name: users_membership users_membership_user_id_4e97941d_fk_auth_user_id; Type: FK CONSTRAINT; Schema: public; Owner: tabbycat
--

ALTER TABLE ONLY public.users_membership
    ADD CONSTRAINT users_membership_user_id_4e97941d_fk_auth_user_id FOREIGN KEY (user_id) REFERENCES public.auth_user(id) DEFERRABLE INITIALLY DEFERRED;


--
-- Name: users_userpermission users_userpermission_tournament_id_60205cf6_fk_tournamen; Type: FK CONSTRAINT; Schema: public; Owner: tabbycat
--

ALTER TABLE ONLY public.users_userpermission
    ADD CONSTRAINT users_userpermission_tournament_id_60205cf6_fk_tournamen FOREIGN KEY (tournament_id) REFERENCES public.tournaments_tournament(id) DEFERRABLE INITIALLY DEFERRED;


--
-- Name: users_userpermission users_userpermission_user_id_4c8a0bd4_fk_auth_user_id; Type: FK CONSTRAINT; Schema: public; Owner: tabbycat
--

ALTER TABLE ONLY public.users_userpermission
    ADD CONSTRAINT users_userpermission_user_id_4c8a0bd4_fk_auth_user_id FOREIGN KEY (user_id) REFERENCES public.auth_user(id) DEFERRABLE INITIALLY DEFERRED;


--
-- Name: venues_venue venues_venue_tournament_id_f36e34d1_fk_tournamen; Type: FK CONSTRAINT; Schema: public; Owner: tabbycat
--

ALTER TABLE ONLY public.venues_venue
    ADD CONSTRAINT venues_venue_tournament_id_f36e34d1_fk_tournamen FOREIGN KEY (tournament_id) REFERENCES public.tournaments_tournament(id) DEFERRABLE INITIALLY DEFERRED;


--
-- Name: venues_venuecategory venues_venuecategory_tournament_id_a977d7d9_fk_tournamen; Type: FK CONSTRAINT; Schema: public; Owner: tabbycat
--

ALTER TABLE ONLY public.venues_venuecategory
    ADD CONSTRAINT venues_venuecategory_tournament_id_a977d7d9_fk_tournamen FOREIGN KEY (tournament_id) REFERENCES public.tournaments_tournament(id) DEFERRABLE INITIALLY DEFERRED;


--
-- Name: venues_venuecategory_venues venues_venuecategory_venue_id_7225e1a4_fk_venues_ve; Type: FK CONSTRAINT; Schema: public; Owner: tabbycat
--

ALTER TABLE ONLY public.venues_venuecategory_venues
    ADD CONSTRAINT venues_venuecategory_venue_id_7225e1a4_fk_venues_ve FOREIGN KEY (venue_id) REFERENCES public.venues_venue(id) DEFERRABLE INITIALLY DEFERRED;


--
-- Name: venues_venuecategory_venues venues_venuecategory_venuecategory_id_39d74b23_fk_venues_ve; Type: FK CONSTRAINT; Schema: public; Owner: tabbycat
--

ALTER TABLE ONLY public.venues_venuecategory_venues
    ADD CONSTRAINT venues_venuecategory_venuecategory_id_39d74b23_fk_venues_ve FOREIGN KEY (venuecategory_id) REFERENCES public.venues_venuecategory(id) DEFERRABLE INITIALLY DEFERRED;


--
-- Name: venues_venueconstraint venues_venueconstrai_category_id_d4055192_fk_venues_ve; Type: FK CONSTRAINT; Schema: public; Owner: tabbycat
--

ALTER TABLE ONLY public.venues_venueconstraint
    ADD CONSTRAINT venues_venueconstrai_category_id_d4055192_fk_venues_ve FOREIGN KEY (category_id) REFERENCES public.venues_venuecategory(id) DEFERRABLE INITIALLY DEFERRED;


--
-- Name: venues_venueconstraint venues_venueconstrai_subject_content_type_e0704b95_fk_django_co; Type: FK CONSTRAINT; Schema: public; Owner: tabbycat
--

ALTER TABLE ONLY public.venues_venueconstraint
    ADD CONSTRAINT venues_venueconstrai_subject_content_type_e0704b95_fk_django_co FOREIGN KEY (subject_content_type_id) REFERENCES public.django_content_type(id) DEFERRABLE INITIALLY DEFERRED;


--
-- PostgreSQL database dump complete
--

\unrestrict fxuaBne6yl4RwdJ1o12L10ggRpM5eZlCM3rZju2kBm0hpNaQgNkkDpWqQxcjkc3

